id,sourceUrl,sourceTitle,jobTitle,numberOfOpenings,sponsorName,unionName,locationSummary,regions,recruitmentStartDate,recruitmentEndDate,applicationStartDate,applicationEndDate,applicationMethods,applicationSummary,applicationWebsite,applicationEmail,applicationPhone,applicationInPersonAddress,applicationMailingAddress,applicationHours,applicationLimit,applicationLimitDetails,applicationFee,applicationFeeDetails,ageRequirement,educationRequirement,residencyRequirement,transportationRequirement,drugTestRequirement,classRequirement,allRequirements,requirementsSummary,contactName,contactPhone,contactEmail,contactWebsite,contactSummary
area-sheet-metal-workers-jatc-lu112-elmira-0-sheet-metal-worker-apprentice,https://dol.ny.gov/news/area-sheet-metal-workers-jatc-lu112-elmira-0,Area Sheet Metal Workers JATC LU#112 (Elmira),Sheet Metal Worker Apprentice,10,JATC for Area Sheet Metal Workers,Local Union #112,"Elmira, NY; recruitment covers the Southern Tier and Western regions of New York","[""Southern Tier"", ""Western""]",2026-03-01,2027-02-28,2026-03-01,2027-02-28,"[""online_application"", ""mail_application"", ""in_person_application""]","Obtain an application at the Elmira JATC office or download and print it from the website. Submit the completed application in person or by mail by February 28, 2027.",https://www.smw112.org,,(607) 733-3732,"1200 Clemens Center Parkway, Elmira, NY 14902","P.O. Box 1146, Elmira, NY 14902","8:00 a.m. to 4:30 p.m., Monday through Friday, excluding legal holidays, during the recruitment period",,,,,Must be at least 18 years old.,"Must have a high school diploma or a high school equivalency diploma, such as TASC or GED.",,"Must have a valid NYS driver’s license, reliable transportation to work sites and required classes, and may be required to drive company vehicles.","Must pass a drug test, at the sponsor’s expense, after selection and before enrollment.",Must have reliable transportation to required classes at the approved school and must attend 50% of all local union meetings each school year (September through August).,"[""Must be at least 18 years old."", ""Must have a high school diploma or a high school equivalency diploma (such as TASC or GED)."", ""Must sign an affidavit stating they are physically able to perform the work of a Sheet Metal Worker, including working with sharp objects, hazardous machinery, loud noises, respiratory irritants, prolonged standing/sitting/walking, squatting and bending repeatedly, working in severe weather and extreme temperatures, working in confined spaces, lifting or moving heavy objects and equipment up to 100 pounds, and working off ladders and scaffolds at heights that may exceed 50 feet."", ""Must have a valid NYS driver’s license; apprentices may be required to drive company vehicles."", ""Must have reliable transportation to and from various work sites and required classes at the approved school."", ""Must pass a drug test, at the expense of the sponsor, after selection and prior to enrollment in apprenticeship."", ""Must provide own hand tools as per the JATC LU 112 apprentices tool list, not to exceed $750.00."", ""Must have manual dexterity and multi-limb coordination."", ""Must be able to read, hear, speak, and understand verbal instructions and warnings given in English."", ""Must have visual color discrimination to match or detect colors, including shades and brightness."", ""Must be able to read, write, and understand verbal instructions and warnings given in English."", ""Must be bondable."", ""Must attend 50% of all local union meetings during each school year (September through August).""]","Applicants must be at least 18, have a high school diploma or equivalency, hold a valid NYS driver’s license, have reliable transportation, pass a sponsor-paid drug test, be bondable, and meet the physical, tool, English-language, and union meeting requirements.","JATC for Area Sheet Metal Workers, Local Union #112",(607) 733-3732,,https://www.smw112.org,"For further information, contact JATC for Area Sheet Metal Workers, Local Union #112 at (607) 733-3732 or visit www.smw112.org."
asbestos-workers-jac-lu-91-insulation-and-asbestos-worker-apprentice,https://dol.ny.gov/news/asbestos-workers-jac-lu-91-0,Asbestos Workers JAC LU #91,Insulation and Asbestos Worker Apprentice,8,"Joint Apprenticeship and Training Committee (JATC) for Asbestos Workers, Local Union #91",Local Union #91,"Peekskill, NY area; job sites in Dutchess, Orange, Putnam, Rockland, and Westchester counties",[],2026-07-06,2026-07-17,2026-07-06,2026-07-22,"[""in_person_application""]","Get applications in person at Asbestos Workers, Local Union #91 in Briarcliff Manor during the recruitment period; completed applications must be received by July 22, 2026 at 4:00 p.m.",,,,"Asbestos Workers, Local Union #91, 59 Sunset Drive, Suite 102A, Briarcliff Manor, NY 10510",,"Monday through Friday, 12:00 p.m. to 4:00 p.m., excluding legal holidays, during the recruitment period",50,"Limited-application recruitment. Only 50 applications will be distributed on a first-come, first-served basis; recruitment runs for 10 business days or until 50 applications have been issued, whichever comes first.",,,Must be at least 18 years old.,Must have a high school diploma or a high school equivalency diploma such as TASC or GED.,,"Must have reliable transportation to and from job sites in Dutchess, Orange, Putnam, Rockland, and Westchester counties.","Must take a medical exam, including random drug screening, during the probationary period. The sponsor pays the cost of the medical exam and drug testing.","Must purchase hand tools for required classes at the approved school and job sites, and must purchase required text materials for classes at the approved school.","[""Must be at least 18 years old."", ""Must have a high school diploma or a high school equivalency diploma such as TASC or GED."", ""Must take a medical exam, including random drug screening, during the probationary period. Cost of the medical exam and drug testing will be at the expense of the sponsor."", ""Must attest in writing on the employment application that they are physically able to perform the work of the trade."", ""Must pass an agility test, which may include working an 8-hour day continually on their feet; lifting and carrying weights in excess of 50 lbs. for extended periods; working in restrictive or confined spaces; working at heights that may exceed 20 feet; working in adverse weather conditions and in unheated buildings; and carrying a 12-foot ladder for a distance of 20 feet and setting it up."", ""Must have reliable transportation to and from job sites in Dutchess, Orange, Putnam, Rockland, and Westchester counties."", ""Must purchase hand tools for use in required classes at the approved school and job sites as required. Tools will cost approximately $50."", ""Must purchase text materials for use in required classes at the approved school as required. Text materials will cost approximately $50.""]","Applicants must be 18 or older, have a high school diploma or equivalency, pass a physical/agility review and medical/drug screening, and have reliable transportation plus required tools and texts.","Asbestos Workers, Local Union #91",(914) 788-0500,,,"For more information, contact Asbestos Workers, Local Union #91 at (914) 788-0500."
bac-local-1-hudson-valley-bricklayer-mason-and-plasterer-apprentice,https://dol.ny.gov/news/bac-local-1-hudson-valley,BAC Local 1 of Hudson Valley,"Bricklayer, Mason, and Plasterer Apprentice",10,"Joint Apprenticeship and Training Committee for Bricklayers & Allied Craftworkers, Local Union #5","Bricklayers & Allied Craftworkers, Local Union #5","Newburgh, NY",[],2026-03-02,2027-03-01,2026-03-02,2027-03-01,"[""in_person_application"", ""mail_application""]","Obtain an application at Local Union #5 in Newburgh on Mondays from 8:00 a.m. to 12:00 p.m. during the recruitment period, then mail it so it is postmarked by March 1, 2027.",,,,"Local Union #5, 1 Scobie Drive, Newburgh, NY",,"8:00 a.m. to 12:00 p.m. every Monday, excluding holidays, during the recruitment period.",,,,,Must be at least 18 years old.,"Must have a high school diploma or high school equivalency diploma, such as TASC or GED.",,Must be capable and willing to travel long distances.,Must be able to pass a drug test upon offer of employment; the sponsor pays for the test.,,"[""Must be at least 18 years old."", ""Must have a high school diploma or high school equivalency diploma (such as TASC or GED)."", ""Must be physically able to perform the work of a Bricklayer, Mason, and Plasterer apprentice, including working in all types of weather."", ""Must be capable and willing to travel long distances."", ""Must be able to adapt to various job conditions, including working at heights and on scaffold, swing, pipe, and hydraulic lifts."", ""Must be able to pass a drug test upon offer of employment; the sponsor pays for the drug test.""]","Applicants must be at least 18, have a high school diploma or equivalent, be physically able to do the work, and pass a drug test if offered employment.",Local Union #5,(845) 905-2402,,,"For further information, contact Local Union #5 at (845) 905-2402."
boilermakers-northeast-local-5-boilermaker-construction-apprentice,https://dol.ny.gov/news/boilermakers-northeast-local-5,Boilermakers Northeast Local #5,Boilermaker (Construction) Apprentice,5,"JATC for Boilermakers Northeastern Area, Local Union #5, Zone #5",Local Union #5,"New York City, Long Island, and Hudson Valley regions","[""New York City"", ""Long Island"", ""Hudson Valley""]",2025-05-21,2026-05-20,2025-05-21,2026-05-20,"[""online_application""]","Apply online at boilermakersapprenticeship.com during the recruitment period. Applications must be received by May 20, 2026.",https://boilermakersapprenticeship.com/,,,,,Anytime during the recruitment period,,,,,Must be at least 18 years old.,Must have a high school diploma or high school equivalency diploma such as TASC or GED.,,Must have reliable transportation to and from remote worksites and required classes at the approved school.,Must pass a drug and alcohol test within 48 hours of signing the apprenticeship agreement; the sponsor pays the expense.,Must be able to attend required classes at the approved school.,"[""Must be at least 18 years old; proof of age will be required after selection or at enrollment."", ""Must have a high school diploma or a high school equivalency diploma such as TASC or GED; proof will be required after selection or at enrollment."", ""Must attest in writing that they are physically able to perform the work of a Boilermaker (Construction)."", ""Must be able to work an 8-hour day while continually on feet."", ""Must be able to lift and carry weights in excess of 95 pounds for extended periods."", ""Must be able to work in extended periods of extreme weather conditions and temperatures."", ""Must be able to work in restricted or confined spaces."", ""Must be able to work at heights of 20 feet or more on scaffolds or platforms."", ""Must be able to work in ditches or trenches up to 20 feet deep."", ""Must be able to work in nuclear facilities."", ""Must be able to work in hazardous conditions."", ""Must have reliable transportation to and from remote worksites and required classes at the approved school."", ""Must pass a drug and alcohol test, at the sponsor's expense, within 48 hours of signing the apprenticeship agreement.""]","Applicants must be at least 18, have a high school diploma or equivalent, be physically able to do demanding work, have reliable transportation, and pass a drug and alcohol test.","JATC for Boilermakers Northeastern Area, Local Union #5, Zone #5",(516) 326-2500,,https://boilermakersapprenticeship.com/,"Contact the JATC for Boilermakers Northeastern Area, Local Union #5, Zone #5 at (516) 326-2500 for further information."
boilermakers-northeastern-jac-local-5-zone-7-boilermaker-construction-apprentice,https://dol.ny.gov/news/boilermakers-northeastern-jac-local-5-zone-7,"Boilermakers Northeastern JAC Local #5, Zone # 7",Boilermaker (Construction) Apprentice,3,"Boilermakers Northeast JATC, Local Union #5, Zone #7","Local Union #5, Zone #7","Finger Lakes, Southern Tier, and Western regions of New York","[""Finger Lakes"", ""Southern Tier"", ""Western""]",2025-11-26,2026-11-25,2025-11-26,2026-11-25,"[""online_application""]","Apply online at boilermakersapprenticeship.com during the recruitment period. Applications may be submitted online through November 25, 2026.",https://www.boilermakersapprenticeship.com,,,,,"All day, all hours during the recruitment period.",,,,,Must be at least 18 years old.,Must have a high school diploma or a high school equivalency diploma such as GED or TASC.,,Must have reliable transportation to and from various job sites and required classes at the approved school.,"Must pass a drug/alcohol test, at the sponsor's expense, within 48 hours of signing the apprenticeship agreement.",Must be able to attend required classes at the approved school.,"[""Must be at least 18 years old. Proof of age will be required after selection and at the time of enrollment in apprenticeship."", ""Must have a high school diploma or a high school equivalency diploma such as TASC or GED. Proof will be required when the applicant is presented with a bona fide offer or at the time of enrollment in apprenticeship."", ""Must sign an affidavit attesting that they are physically able to do the work of a Boilermaker (Construction), including working eight hours continually on feet, lifting and carrying weights in excess of 95 pounds for extended periods, working in severe weather conditions and extreme temperatures, working in restrictive and confined spaces, working at heights of 20 feet on a scaffold or platform, working in ditches or trenches up to 20 feet in depth, and working in nuclear facilities and hazardous conditions."", ""Must pass a drug/alcohol test, at the sponsor's expense, within 48 hours of signing the apprenticeship agreement."", ""Must have reliable means of transportation to and from various job sites and required classes at the approved school.""]","Applicants must be at least 18, have a high school diploma or GED/TASC, be physically able to do the work, pass a drug/alcohol test, and have reliable transportation.","Boilermakers Northeast JATC, Local Union #5, Zone #7",(716) 667-0861,,,"For more information, contact Boilermakers Northeast JATC, Local Union #5, Zone #7 at (716) 667-0861."
boilermakers-northeastern-jac-lu-5-zone-197-boilermaker-construction-apprentice,https://dol.ny.gov/news/boilermakers-northeastern-jac-lu-5-zone-197,Boilermakers Northeastern JAC LU 5 Zone 197,Boilermaker (Construction) Apprentice,5,"Joint Apprenticeship and Training Committee (JATC) for Boilermakers Northeast, Local Union #5, Zone #197","Local Union #5, Zone #197","Albany, NY area",[],2026-05-12,2027-05-11,2026-05-12,2027-05-11,"[""online_application""]","Apply online at BoilermakersApprenticeship.com during the recruitment period. Applications must be received by May 11, 2027.",https://www.BoilermakersApprenticeship.com,,,,,,,,,,Must be at least 18 years old; proof of age is required at the time of the offer of employment.,Must have a high school diploma or a high school equivalency diploma such as TASC or GED; proof is required at the time of the offer of employment.,,Must have reliable transportation to report to remote job sites and required classes at the approved school.,Must be willing to submit to a drug/alcohol test within 48 hours of signing the apprentice agreement; the sponsor will pay for the test.,Must be able to attend required classes at the approved school.,"[""Must be at least 18 years old; proof of age will be required at the time of the offer of employment."", ""Must have a high school diploma or a high school equivalency diploma such as TASC or GED; proof will be required at the time of an offer of employment."", ""Must verbally attest that they are physically able to do the work of a Boilermaker (Construction), including working 8 hours continually on feet, lifting and carrying weights in excess of 95 pounds for extended periods, working in extreme weather conditions and temperatures, working in restrictive and confined spaces, working at heights of 20 feet on a scaffold or platform, working in ditches or trenches up to 20 feet in depth, and working in nuclear facilities and hazardous conditions."", ""Must be willing to submit to a drug/alcohol test within 48 hours of signing the apprentice agreement; the test will be paid for by the sponsor."", ""Must have reliable transportation to report to remote job sites and required classes at the approved school.""]","Applicants must be at least 18, have a high school diploma or equivalent, be physically able to perform demanding work, pass a drug/alcohol test, and have reliable transportation.","Boilermakers Northeast JATC, Local Union #5, Zone #197",(518) 438-0718,,https://www.neaac.net,"Contact Boilermakers Northeast JATC, Local Union #5, Zone #197 at (518) 438-0718 or visit the Boilermakers Northeast JATC website for details."
bricklayers-allied-craftworkers-jac-local-2-oswego-bricklayer-mason-plasterer-apprentice,https://dol.ny.gov/news/bricklayers-allied-craftworkers-jac-local-2-oswego-0,Bricklayers & Allied Craftworkers JAC Local 2 (Oswego),"Bricklayer, Mason and Plasterer Apprentice",4,"JATC for Bricklayers & Allied Craftworkers, Local Union #2 (Oswego)","Bricklayers & Allied Craftworkers, Local Union #2 (Oswego)","Liverpool, NY area",[],2026-05-01,2027-04-30,2026-05-01,2027-04-30,"[""in_person_application"", ""online_application"", ""mail_application""]","Apply in person at the JATC office in Liverpool, online at baclocal2nyvt.org, or by mail during the recruitment period. Applications must be received by April 30, 2027.",https://www.baclocal2nyvt.org,,,"JATC for Bricklayers & Allied Craftworkers, Local Union #2 (Oswego), 7705 Maltlage Drive, Liverpool, NY 13090","Bricklayers & Allied Craftworkers JATC #2 (Oswego), 7705 Maltlage Drive, Liverpool, NY 13088","Mondays through Fridays, from 8:00 p.m. to 4:00 p.m., excluding legal holidays, during the recruitment period.",,,,,Must be at least 17 years old.,,"Must reside within the geographic jurisdiction of Local Union #2 for at least six months before applying. Counties include Albany, Cayuga, Clinton, Columbia, Essex, Franklin, Fulton, Greene, Hamilton, Herkimer, Jefferson, Lewis, Madison, Montgomery, Oneida, Onondaga, Oswego, Rensselaer, St. Lawrence, Saratoga, Schenectady, Schoharie, Warren, and Washington.","Must have reliable transportation to and from job sites and required classes, and a valid driver’s license to operate company vehicles.",,Must have reliable transportation to and from required classes at the approved school.,"[""Must be at least 17 years old."", ""Must be physically able to lift 50-100 pounds."", ""Must have reliable transportation to and from job sites and required classes at the approved school."", ""Must have a valid driver’s license to operate company vehicles."", ""Must reside within the geographic jurisdiction of Local Union #2 for at least six months prior to application."", ""Counties in the jurisdiction include Albany, Cayuga, Clinton, Columbia, Essex, Franklin, Fulton, Greene, Hamilton, Herkimer, Jefferson, Lewis, Madison, Montgomery, Oneida, Onondaga, Oswego, Rensselaer, St. Lawrence, Saratoga, Schenectady, Schoharie, Warren, and Washington.""]","Applicants must be at least 17, physically able to lift 50-100 pounds, have reliable transportation and a valid driver’s license, and live in the Local Union #2 jurisdiction for at least six months before applying.","JATC for Bricklayers & Allied Craftworkers, Local Union #2 (Oswego)",(315) 622-2081,,,"Contact the JATC for Bricklayers & Allied Craftworkers, Local Union #2 (Oswego) at (315) 622-2081 for more information."
bricklayers-allied-craftworkers-jac-local-2-syracuse-1-bricklayer-mason-plasterer-apprentice,https://dol.ny.gov/news/bricklayers-allied-craftworkers-jac-local-2-syracuse-1,Bricklayers & Allied Craftworkers JAC Local 2 (Syracuse),"Bricklayer, Mason and Plasterer Apprentice",6,"Joint Apprenticeship and Training Committee (JATC) for Bricklayers & Allied Craftworkers, Local Union #2 (Syracuse)","Bricklayers & Allied Craftworkers, Local Union #2 (Syracuse)","Syracuse, NY area; Local Union #2 jurisdiction",[],2026-05-01,2027-04-30,2026-05-01,2027-04-30,"[""in_person_application"", ""online_application"", ""mail_application""]","Apply in person at Local Union #2, apply online 24 hours a day during the recruitment period, or mail completed applications to the JATC. Applications must be received by April 30, 2027.",http://www.baclocal2nyvt.org,,,"Bricklayers & Allied Craftworkers, Local Union #2 (Syracuse), 7705 Maltlage Drive, Liverpool, NY 13090","Bricklayers & Allied Craftworkers JATC #2 (Syracuse), 7705 Maltlage Drive, Liverpool, NY 13090","Mondays through Fridays, 8:00 p.m. to 4:00 p.m., excluding legal holidays, during the recruitment period.",,,,,Must be at least 17 years old.,,"Must reside within the geographic jurisdiction of Local Union #2 for at least six months before applying. Counties: Albany, Cayuga, Clinton, Columbia, Schenectady, Schoharie, Warren, Washington, Greene, Rensselaer, Fulton, Hamilton, Montgomery, Saratoga, Essex, Franklin, Herkimer, Jefferson, Lewis, Madison, Oneida, Onondaga, Oswego, and St. Lawrence.",Must have reliable transportation to and from job sites and required classes at the approved school.,,Must attend required classes at the approved school.,"[""Must be at least 17 years old."", ""Must be physically able to lift 50-100 pounds."", ""Must have reliable transportation to and from job sites and required classes at the approved school."", ""Must reside within the geographic jurisdiction of Local Union #2 for at least six months prior to application. Counties: Albany, Cayuga, Clinton, Columbia, Schenectady, Schoharie, Warren, Washington, Greene, Rensselaer, Fulton, Hamilton, Montgomery, Saratoga, Essex, Franklin, Herkimer, Jefferson, Lewis, Madison, Oneida, Onondaga, Oswego, and St. Lawrence.""]","Applicants must be at least 17, able to lift 50-100 pounds, have reliable transportation, and live in Local Union #2’s jurisdiction for at least six months before applying.","JATC for Bricklayers & Allied Craftworkers, Local Union #2 (Syracuse)",(315) 622-2081,,http://www.baclocal2nyvt.org,"For more information, contact the JATC for Bricklayers & Allied Craftworkers, Local Union #2 (Syracuse) at (315) 622-2081."
bricklayers-allied-craftworkers-jac-local-2-syracuse-1-cement-finisher-cement-mason-apprentice,https://dol.ny.gov/news/bricklayers-allied-craftworkers-jac-local-2-syracuse-1,Bricklayers & Allied Craftworkers JAC Local 2 (Syracuse),Cement Finisher or Cement Mason Apprentice,4,"Joint Apprenticeship and Training Committee (JATC) for Bricklayers & Allied Craftworkers, Local Union #2 (Syracuse)","Bricklayers & Allied Craftworkers, Local Union #2 (Syracuse)","Syracuse, NY area; Local Union #2 jurisdiction",[],2026-05-01,2027-04-30,2026-05-01,2027-04-30,"[""in_person_application"", ""online_application"", ""mail_application""]","Apply in person at Local Union #2, apply online 24 hours a day during the recruitment period, or mail completed applications to the JATC. Applications must be received by April 30, 2027.",http://www.baclocal2nyvt.org,,,"Bricklayers & Allied Craftworkers, Local Union #2 (Syracuse), 7705 Maltlage Drive, Liverpool, NY 13090","Bricklayers & Allied Craftworkers JATC #2 (Syracuse), 7705 Maltlage Drive, Liverpool, NY 13090","Mondays through Fridays, 8:00 p.m. to 4:00 p.m., excluding legal holidays, during the recruitment period.",,,,,Must be at least 17 years old.,,"Must reside within the geographic jurisdiction of Local Union #2 for at least six months before applying. Counties: Albany, Cayuga, Clinton, Columbia, Schenectady, Schoharie, Warren, Washington, Greene, Rensselaer, Fulton, Hamilton, Montgomery, Saratoga, Essex, Franklin, Herkimer, Jefferson, Lewis, Madison, Oneida, Onondaga, Oswego, and St. Lawrence.",Must have reliable transportation to and from job sites and required classes at the approved school.,,Must attend required classes at the approved school.,"[""Must be at least 17 years old."", ""Must be physically able to lift 50-100 pounds."", ""Must have reliable transportation to and from job sites and required classes at the approved school."", ""Must reside within the geographic jurisdiction of Local Union #2 for at least six months prior to application. Counties: Albany, Cayuga, Clinton, Columbia, Schenectady, Schoharie, Warren, Washington, Greene, Rensselaer, Fulton, Hamilton, Montgomery, Saratoga, Essex, Franklin, Herkimer, Jefferson, Lewis, Madison, Oneida, Onondaga, Oswego, and St. Lawrence.""]","Applicants must be at least 17, able to lift 50-100 pounds, have reliable transportation, and live in Local Union #2’s jurisdiction for at least six months before applying.","JATC for Bricklayers & Allied Craftworkers, Local Union #2 (Syracuse)",(315) 622-2081,,http://www.baclocal2nyvt.org,"For more information, contact the JATC for Bricklayers & Allied Craftworkers, Local Union #2 (Syracuse) at (315) 622-2081."
bricklayers-allied-craftworkers-jac-local-2-syracuse-1-pointer-caulker-cleaner-apprentice,https://dol.ny.gov/news/bricklayers-allied-craftworkers-jac-local-2-syracuse-1,Bricklayers & Allied Craftworkers JAC Local 2 (Syracuse),"Pointer, Caulker and Cleaner Apprentice",6,"Joint Apprenticeship and Training Committee (JATC) for Bricklayers & Allied Craftworkers, Local Union #2 (Syracuse)","Bricklayers & Allied Craftworkers, Local Union #2 (Syracuse)","Syracuse, NY area; Local Union #2 jurisdiction",[],2026-05-01,2027-04-30,2026-05-01,2027-04-30,"[""in_person_application"", ""online_application"", ""mail_application""]","Apply in person at Local Union #2, apply online 24 hours a day during the recruitment period, or mail completed applications to the JATC. Applications must be received by April 30, 2027.",http://www.baclocal2nyvt.org,,,"Bricklayers & Allied Craftworkers, Local Union #2 (Syracuse), 7705 Maltlage Drive, Liverpool, NY 13090","Bricklayers & Allied Craftworkers JATC #2 (Syracuse), 7705 Maltlage Drive, Liverpool, NY 13090","Mondays through Fridays, 8:00 p.m. to 4:00 p.m., excluding legal holidays, during the recruitment period.",,,,,Must be at least 17 years old.,,"Must reside within the geographic jurisdiction of Local Union #2 for at least six months before applying. Counties: Albany, Cayuga, Clinton, Columbia, Schenectady, Schoharie, Warren, Washington, Greene, Rensselaer, Fulton, Hamilton, Montgomery, Saratoga, Essex, Franklin, Herkimer, Jefferson, Lewis, Madison, Oneida, Onondaga, Oswego, and St. Lawrence.",Must have reliable transportation to and from job sites and required classes at the approved school.,,Must attend required classes at the approved school.,"[""Must be at least 17 years old."", ""Must be physically able to lift 50-100 pounds."", ""Must have reliable transportation to and from job sites and required classes at the approved school."", ""Must reside within the geographic jurisdiction of Local Union #2 for at least six months prior to application. Counties: Albany, Cayuga, Clinton, Columbia, Schenectady, Schoharie, Warren, Washington, Greene, Rensselaer, Fulton, Hamilton, Montgomery, Saratoga, Essex, Franklin, Herkimer, Jefferson, Lewis, Madison, Oneida, Onondaga, Oswego, and St. Lawrence.""]","Applicants must be at least 17, able to lift 50-100 pounds, have reliable transportation, and live in Local Union #2’s jurisdiction for at least six months before applying.","JATC for Bricklayers & Allied Craftworkers, Local Union #2 (Syracuse)",(315) 622-2081,,http://www.baclocal2nyvt.org,"For more information, contact the JATC for Bricklayers & Allied Craftworkers, Local Union #2 (Syracuse) at (315) 622-2081."
bricklayers-allied-craftworkers-jac-local-2-syracuse-1-tile-marble-terrazzo-finisher-apprentice,https://dol.ny.gov/news/bricklayers-allied-craftworkers-jac-local-2-syracuse-1,Bricklayers & Allied Craftworkers JAC Local 2 (Syracuse),"Tile, Marble and Terrazzo Finisher Apprentice",2,"Joint Apprenticeship and Training Committee (JATC) for Bricklayers & Allied Craftworkers, Local Union #2 (Syracuse)","Bricklayers & Allied Craftworkers, Local Union #2 (Syracuse)","Syracuse, NY area; Local Union #2 jurisdiction",[],2026-05-01,2027-04-30,2026-05-01,2027-04-30,"[""in_person_application"", ""online_application"", ""mail_application""]","Apply in person at Local Union #2, apply online 24 hours a day during the recruitment period, or mail completed applications to the JATC. Applications must be received by April 30, 2027.",http://www.baclocal2nyvt.org,,,"Bricklayers & Allied Craftworkers, Local Union #2 (Syracuse), 7705 Maltlage Drive, Liverpool, NY 13090","Bricklayers & Allied Craftworkers JATC #2 (Syracuse), 7705 Maltlage Drive, Liverpool, NY 13090","Mondays through Fridays, 8:00 p.m. to 4:00 p.m., excluding legal holidays, during the recruitment period.",,,,,Must be at least 17 years old.,,"Must reside within the geographic jurisdiction of Local Union #2 for at least six months before applying. Counties: Albany, Cayuga, Clinton, Columbia, Schenectady, Schoharie, Warren, Washington, Greene, Rensselaer, Fulton, Hamilton, Montgomery, Saratoga, Essex, Franklin, Herkimer, Jefferson, Lewis, Madison, Oneida, Onondaga, Oswego, and St. Lawrence.",Must have reliable transportation to and from job sites and required classes at the approved school.,,Must attend required classes at the approved school.,"[""Must be at least 17 years old."", ""Must be physically able to lift 50-100 pounds."", ""Must have reliable transportation to and from job sites and required classes at the approved school."", ""Must reside within the geographic jurisdiction of Local Union #2 for at least six months prior to application. Counties: Albany, Cayuga, Clinton, Columbia, Schenectady, Schoharie, Warren, Washington, Greene, Rensselaer, Fulton, Hamilton, Montgomery, Saratoga, Essex, Franklin, Herkimer, Jefferson, Lewis, Madison, Oneida, Onondaga, Oswego, and St. Lawrence.""]","Applicants must be at least 17, able to lift 50-100 pounds, have reliable transportation, and live in Local Union #2’s jurisdiction for at least six months before applying.","JATC for Bricklayers & Allied Craftworkers, Local Union #2 (Syracuse)",(315) 622-2081,,http://www.baclocal2nyvt.org,"For more information, contact the JATC for Bricklayers & Allied Craftworkers, Local Union #2 (Syracuse) at (315) 622-2081."
bricklayers-allied-craftworkers-jac-local-2-syracuse-1-tile-setter-3-year-apprentice,https://dol.ny.gov/news/bricklayers-allied-craftworkers-jac-local-2-syracuse-1,Bricklayers & Allied Craftworkers JAC Local 2 (Syracuse),Tile Setter (3 Year) Apprentice,2,"Joint Apprenticeship and Training Committee (JATC) for Bricklayers & Allied Craftworkers, Local Union #2 (Syracuse)","Bricklayers & Allied Craftworkers, Local Union #2 (Syracuse)","Syracuse, NY area; Local Union #2 jurisdiction",[],2026-05-01,2027-04-30,2026-05-01,2027-04-30,"[""in_person_application"", ""online_application"", ""mail_application""]","Apply in person at Local Union #2, apply online 24 hours a day during the recruitment period, or mail completed applications to the JATC. Applications must be received by April 30, 2027.",http://www.baclocal2nyvt.org,,,"Bricklayers & Allied Craftworkers, Local Union #2 (Syracuse), 7705 Maltlage Drive, Liverpool, NY 13090","Bricklayers & Allied Craftworkers JATC #2 (Syracuse), 7705 Maltlage Drive, Liverpool, NY 13090","Mondays through Fridays, 8:00 p.m. to 4:00 p.m., excluding legal holidays, during the recruitment period.",,,,,Must be at least 17 years old.,,"Must reside within the geographic jurisdiction of Local Union #2 for at least six months before applying. Counties: Albany, Cayuga, Clinton, Columbia, Schenectady, Schoharie, Warren, Washington, Greene, Rensselaer, Fulton, Hamilton, Montgomery, Saratoga, Essex, Franklin, Herkimer, Jefferson, Lewis, Madison, Oneida, Onondaga, Oswego, and St. Lawrence.",Must have reliable transportation to and from job sites and required classes at the approved school.,,Must attend required classes at the approved school.,"[""Must be at least 17 years old."", ""Must be physically able to lift 50-100 pounds."", ""Must have reliable transportation to and from job sites and required classes at the approved school."", ""Must reside within the geographic jurisdiction of Local Union #2 for at least six months prior to application. Counties: Albany, Cayuga, Clinton, Columbia, Schenectady, Schoharie, Warren, Washington, Greene, Rensselaer, Fulton, Hamilton, Montgomery, Saratoga, Essex, Franklin, Herkimer, Jefferson, Lewis, Madison, Oneida, Onondaga, Oswego, and St. Lawrence.""]","Applicants must be at least 17, able to lift 50-100 pounds, have reliable transportation, and live in Local Union #2’s jurisdiction for at least six months before applying.","JATC for Bricklayers & Allied Craftworkers, Local Union #2 (Syracuse)",(315) 622-2081,,http://www.baclocal2nyvt.org,"For more information, contact the JATC for Bricklayers & Allied Craftworkers, Local Union #2 (Syracuse) at (315) 622-2081."
bricklayers-allied-craftworkers-jac-local-2-utica-0-bricklayer-mason-plasterer-apprentice,https://dol.ny.gov/news/bricklayers-allied-craftworkers-jac-local-2-utica-0,Bricklayers & Allied Craftworkers JAC Local 2 (Utica),"Bricklayer, Mason and Plasterer Apprentice",6,"Joint Apprenticeship and Training Committee (JATC) for Bricklayers & Allied Craftworkers, Local Union #2 (Utica)","Bricklayers & Allied Craftworkers, Local Union #2 (Utica)","Utica, NY area",[],2026-05-01,2027-04-30,2026-05-01,2027-04-30,"[""in_person_application"", ""online_application"", ""mail_application""]","Obtain and complete the application in person at the Liverpool office or online 24 hours a day, then return it by mail if needed. Applications must be received by April 30, 2027.",https://www.baclocal2nyvt.org,,,"Bricklayers & Allied Craftworkers, Local Union #2 (Utica), 7705 Maltlage Drive, Liverpool, NY 13090","Bricklayers & Allied Craftworkers JATC #2 (Utica), 7705 Maltlage Drive, Liverpool, NY 13090","Mondays through Fridays each month, from 8:00 p.m. to 4:00 p.m., excluding legal holidays, during the recruitment period.",,,,,Must be at least 17 years old.,,"Must have lived within the geographic jurisdiction of Local Union #2 for at least 6 months before applying. Counties include Albany, Cayuga, Clinton, Columbia, Essex, Franklin, Fulton, Greene, Hamilton, Herkimer, Jefferson, Lewis, Madison, Montgomery, Oneida, Onondaga, Oswego, Rensselaer, St. Lawrence, Saratoga, Schenectady, Schoharie, Warren, and Washington.","Must have reliable transportation to and from job sites and required classes, and must have a valid driver’s license to operate company vehicles.",,Must be able to attend required classes at the approved school.,"[""Must be at least 17 years old."", ""Must be physically able to lift 50-100 pounds."", ""Must have reliable transportation to and from job sites and required classes at the approved school."", ""Must have a valid driver’s license to operate company vehicles."", ""Must reside within the geographic jurisdiction of Local Union #2 for at least 6 months prior to application. This includes the counties of Albany, Cayuga, Clinton, Columbia, Essex, Franklin, Fulton, Greene, Hamilton, Herkimer, Jefferson, Lewis, Madison, Montgomery, Oneida, Onondaga, Oswego, Rensselaer, St. Lawrence, Saratoga, Schenectady, Schoharie, Warren, and Washington.""]","Applicants must be at least 17, able to lift 50-100 pounds, have reliable transportation and a valid driver’s license, and meet the Local Union #2 residency rule.","JATC for Bricklayers & Allied Craftworkers, Local Union #2 (Utica)",(315) 622-2081,,,"Contact the JATC for Bricklayers & Allied Craftworkers, Local Union #2 (Utica) at (315) 622-2081 for more information."
bricklayers-allied-craftworkers-jac-local-2-utica-0-pointer-caulker-cleaner-apprentice,https://dol.ny.gov/news/bricklayers-allied-craftworkers-jac-local-2-utica-0,Bricklayers & Allied Craftworkers JAC Local 2 (Utica),"Pointer, Caulker and Cleaner Apprentice",6,"Joint Apprenticeship and Training Committee (JATC) for Bricklayers & Allied Craftworkers, Local Union #2 (Utica)","Bricklayers & Allied Craftworkers, Local Union #2 (Utica)","Utica, NY area",[],2026-05-01,2027-04-30,2026-05-01,2027-04-30,"[""in_person_application"", ""online_application"", ""mail_application""]","Obtain and complete the application in person at the Liverpool office or online 24 hours a day, then return it by mail if needed. Applications must be received by April 30, 2027.",https://www.baclocal2nyvt.org,,,"Bricklayers & Allied Craftworkers, Local Union #2 (Utica), 7705 Maltlage Drive, Liverpool, NY 13090","Bricklayers & Allied Craftworkers JATC #2 (Utica), 7705 Maltlage Drive, Liverpool, NY 13090","Mondays through Fridays each month, from 8:00 p.m. to 4:00 p.m., excluding legal holidays, during the recruitment period.",,,,,Must be at least 17 years old.,,"Must have lived within the geographic jurisdiction of Local Union #2 for at least 6 months before applying. Counties include Albany, Cayuga, Clinton, Columbia, Essex, Franklin, Fulton, Greene, Hamilton, Herkimer, Jefferson, Lewis, Madison, Montgomery, Oneida, Onondaga, Oswego, Rensselaer, St. Lawrence, Saratoga, Schenectady, Schoharie, Warren, and Washington.","Must have reliable transportation to and from job sites and required classes, and must have a valid driver’s license to operate company vehicles.",,Must be able to attend required classes at the approved school.,"[""Must be at least 17 years old."", ""Must be physically able to lift 50-100 pounds."", ""Must have reliable transportation to and from job sites and required classes at the approved school."", ""Must have a valid driver’s license to operate company vehicles."", ""Must reside within the geographic jurisdiction of Local Union #2 for at least 6 months prior to application. This includes the counties of Albany, Cayuga, Clinton, Columbia, Essex, Franklin, Fulton, Greene, Hamilton, Herkimer, Jefferson, Lewis, Madison, Montgomery, Oneida, Onondaga, Oswego, Rensselaer, St. Lawrence, Saratoga, Schenectady, Schoharie, Warren, and Washington.""]","Applicants must be at least 17, able to lift 50-100 pounds, have reliable transportation and a valid driver’s license, and meet the Local Union #2 residency rule.","JATC for Bricklayers & Allied Craftworkers, Local Union #2 (Utica)",(315) 622-2081,,,"Contact the JATC for Bricklayers & Allied Craftworkers, Local Union #2 (Utica) at (315) 622-2081 for more information."
bricklayers-allied-craftworkers-jac-local-union-1-bricklayer-mason-apprentice,https://dol.ny.gov/news/bricklayers-allied-craftworkers-jac-local-union-1,Bricklayers & Allied Craftworkers JAC Local Union 1,Bricklayer-Mason Apprentice,20,Joint Apprenticeship and Training Committee for Bricklayers & Allied Craftworkers Local Union #1,Bricklayers & Allied Craftworkers Local Union #1,"Long Island City, NY; job sites include New York City and Long Island",[],2025-06-27,2026-05-29,2025-06-27,2026-05-29,"[""online_application"", ""mail_application""]","Apply online during the scheduled application dates, print the application and affidavits, and mail the completed packet with proof of high school completion to the International Masonry Institute.",https://www.baclocal1ny.org/,,,,"International Masonry Institute, 12-07 44th Avenue, Long Island City, NY 11101","Applications are available online 24 hours per day on 6/27/25, 9/26/25, 10/31/25, 11/21/25, 12/26/25, 1/30/26, 2/27/26, 3/27/26, 4/24/26, and 5/29/26.",,,,,Must be at least 18 years old.,"Must have a high school diploma or high school equivalency diploma such as TASC or GED, and must submit proof with the complete application.",,"Must have reliable transportation to job sites, including throughout New York City and Long Island.","Must take and pass a drug test, at the sponsor's expense, after selection and before enrollment.",,"[""Must be at least 18 years old."", ""Must have a high school diploma or high school equivalency diploma such as TASC or GED and submit proof with the complete application."", ""Must provide DD-214 (Certificate of Release or Discharge from Active Duty), if applicable, after selection and prior to enrollment in apprenticeship."", ""Must pass the JATC Basic Assessment Skills Exam, a reading and math comprehension exam, and score at least 23 out of 28 to be considered for an interview."", ""Must have reliable means of transportation to job sites, including all of New York City and Long Island."", ""Must take and pass a drug test, at the expense of the sponsor, after selection and prior to enrollment in apprenticeship."", ""Must sign an affidavit stating that they are physically capable of performing the essential functions of the apprenticeship without posing a threat to the health or safety of others."", ""Work may include hand tools and power tools."", ""Work may include exposure to loud noise, hazardous machinery, hazardous voltages, and respiratory irritants."", ""Work may include prolonged standing, climbing, walking, repeated squatting, stretching, and bending."", ""Work may include working indoors and outdoors in extreme temperatures and weather conditions."", ""Work may include working in confined areas where movement is greatly limited."", ""Work may include lifting and moving heavy supplies and equipment weighing up to 100 pounds."", ""Work may include working from ladders, scaffolds, and personnel lifts.""]","Applicants must be 18 or older, have a high school diploma or equivalency, pass a basic skills exam, have reliable transportation, pass a drug test, and be physically able to do the work.",Bricklayers & Allied Craftworkers Local Union #1,(718) 706-9294,,,Contact Bricklayers & Allied Craftworkers Local Union #1 at (718) 706-9294 for further information.
bricklayers-allied-craftworkers-jac-local-union-1-plasterer-apprentice,https://dol.ny.gov/news/bricklayers-allied-craftworkers-jac-local-union-1,Bricklayers & Allied Craftworkers JAC Local Union 1,Plasterer Apprentice,5,Joint Apprenticeship and Training Committee for Bricklayers & Allied Craftworkers Local Union #1,Bricklayers & Allied Craftworkers Local Union #1,"Long Island City, NY; job sites include New York City and Long Island",[],2025-06-27,2026-05-29,2025-06-27,2026-05-29,"[""online_application"", ""mail_application""]","Apply online during the scheduled application dates, print the application and affidavits, and mail the completed packet with proof of high school completion to the International Masonry Institute.",https://www.baclocal1ny.org/,,,,"International Masonry Institute, 12-07 44th Avenue, Long Island City, NY 11101","Applications are available online 24 hours per day on 6/27/25, 9/26/25, 10/31/25, 11/21/25, 12/26/25, 1/30/26, 2/27/26, 3/27/26, 4/24/26, and 5/29/26.",,,,,Must be at least 18 years old.,"Must have a high school diploma or high school equivalency diploma such as TASC or GED, and must submit proof with the complete application.",,"Must have reliable transportation to job sites, including throughout New York City and Long Island.","Must take and pass a drug test, at the sponsor's expense, after selection and before enrollment.",,"[""Must be at least 18 years old."", ""Must have a high school diploma or high school equivalency diploma such as TASC or GED and submit proof with the complete application."", ""Must provide DD-214 (Certificate of Release or Discharge from Active Duty), if applicable, after selection and prior to enrollment in apprenticeship."", ""Must pass the JATC Basic Assessment Skills Exam, a reading and math comprehension exam, and score at least 23 out of 28 to be considered for an interview."", ""Must have reliable means of transportation to job sites, including all of New York City and Long Island."", ""Must take and pass a drug test, at the expense of the sponsor, after selection and prior to enrollment in apprenticeship."", ""Must sign an affidavit stating that they are physically capable of performing the essential functions of the apprenticeship without posing a threat to the health or safety of others."", ""Work may include hand tools and power tools."", ""Work may include exposure to loud noise, hazardous machinery, hazardous voltages, and respiratory irritants."", ""Work may include prolonged standing, climbing, walking, repeated squatting, stretching, and bending."", ""Work may include working indoors and outdoors in extreme temperatures and weather conditions."", ""Work may include working in confined areas where movement is greatly limited."", ""Work may include lifting and moving heavy supplies and equipment weighing up to 100 pounds."", ""Work may include working from ladders, scaffolds, and personnel lifts.""]","Applicants must be 18 or older, have a high school diploma or equivalency, pass a basic skills exam, have reliable transportation, pass a drug test, and be physically able to do the work.",Bricklayers & Allied Craftworkers Local Union #1,(718) 706-9294,,,Contact Bricklayers & Allied Craftworkers Local Union #1 at (718) 706-9294 for further information.
bricklayers-allied-craftworkers-jac-local-union-1-pointer-caulker-cleaner-apprentice,https://dol.ny.gov/news/bricklayers-allied-craftworkers-jac-local-union-1,Bricklayers & Allied Craftworkers JAC Local Union 1,"Pointer, Caulker, & Cleaner Apprentice",20,Joint Apprenticeship and Training Committee for Bricklayers & Allied Craftworkers Local Union #1,Bricklayers & Allied Craftworkers Local Union #1,"Long Island City, NY; job sites include New York City and Long Island",[],2025-06-27,2026-05-29,2025-06-27,2026-05-29,"[""online_application"", ""mail_application""]","Apply online during the scheduled application dates, print the application and affidavits, and mail the completed packet with proof of high school completion to the International Masonry Institute.",https://www.baclocal1ny.org/,,,,"International Masonry Institute, 12-07 44th Avenue, Long Island City, NY 11101","Applications are available online 24 hours per day on 6/27/25, 9/26/25, 10/31/25, 11/21/25, 12/26/25, 1/30/26, 2/27/26, 3/27/26, 4/24/26, and 5/29/26.",,,,,Must be at least 18 years old.,"Must have a high school diploma or high school equivalency diploma such as TASC or GED, and must submit proof with the complete application.",,"Must have reliable transportation to job sites, including throughout New York City and Long Island.","Must take and pass a drug test, at the sponsor's expense, after selection and before enrollment.",,"[""Must be at least 18 years old."", ""Must have a high school diploma or high school equivalency diploma such as TASC or GED and submit proof with the complete application."", ""Must provide DD-214 (Certificate of Release or Discharge from Active Duty), if applicable, after selection and prior to enrollment in apprenticeship."", ""Must pass the JATC Basic Assessment Skills Exam, a reading and math comprehension exam, and score at least 23 out of 28 to be considered for an interview."", ""Must have reliable means of transportation to job sites, including all of New York City and Long Island."", ""Must take and pass a drug test, at the expense of the sponsor, after selection and prior to enrollment in apprenticeship."", ""Must sign an affidavit stating that they are physically capable of performing the essential functions of the apprenticeship without posing a threat to the health or safety of others."", ""Work may include hand tools and power tools."", ""Work may include exposure to loud noise, hazardous machinery, hazardous voltages, and respiratory irritants."", ""Work may include prolonged standing, climbing, walking, repeated squatting, stretching, and bending."", ""Work may include working indoors and outdoors in extreme temperatures and weather conditions."", ""Work may include working in confined areas where movement is greatly limited."", ""Work may include lifting and moving heavy supplies and equipment weighing up to 100 pounds."", ""Work may include working from ladders, scaffolds, and personnel lifts.""]","Applicants must be 18 or older, have a high school diploma or equivalency, pass a basic skills exam, have reliable transportation, pass a drug test, and be physically able to do the work.",Bricklayers & Allied Craftworkers Local Union #1,(718) 706-9294,,,Contact Bricklayers & Allied Craftworkers Local Union #1 at (718) 706-9294 for further information.
bricklayers-allied-craftworkers-jac-local-union-1-stone-mason-apprentice,https://dol.ny.gov/news/bricklayers-allied-craftworkers-jac-local-union-1,Bricklayers & Allied Craftworkers JAC Local Union 1,Stone Mason Apprentice,5,Joint Apprenticeship and Training Committee for Bricklayers & Allied Craftworkers Local Union #1,Bricklayers & Allied Craftworkers Local Union #1,"Long Island City, NY; job sites include New York City and Long Island",[],2025-06-27,2026-05-29,2025-06-27,2026-05-29,"[""online_application"", ""mail_application""]","Apply online during the scheduled application dates, print the application and affidavits, and mail the completed packet with proof of high school completion to the International Masonry Institute.",https://www.baclocal1ny.org/,,,,"International Masonry Institute, 12-07 44th Avenue, Long Island City, NY 11101","Applications are available online 24 hours per day on 6/27/25, 9/26/25, 10/31/25, 11/21/25, 12/26/25, 1/30/26, 2/27/26, 3/27/26, 4/24/26, and 5/29/26.",,,,,Must be at least 18 years old.,"Must have a high school diploma or high school equivalency diploma such as TASC or GED, and must submit proof with the complete application.",,"Must have reliable transportation to job sites, including throughout New York City and Long Island.","Must take and pass a drug test, at the sponsor's expense, after selection and before enrollment.",,"[""Must be at least 18 years old."", ""Must have a high school diploma or high school equivalency diploma such as TASC or GED and submit proof with the complete application."", ""Must provide DD-214 (Certificate of Release or Discharge from Active Duty), if applicable, after selection and prior to enrollment in apprenticeship."", ""Must pass the JATC Basic Assessment Skills Exam, a reading and math comprehension exam, and score at least 23 out of 28 to be considered for an interview."", ""Must have reliable means of transportation to job sites, including all of New York City and Long Island."", ""Must take and pass a drug test, at the expense of the sponsor, after selection and prior to enrollment in apprenticeship."", ""Must sign an affidavit stating that they are physically capable of performing the essential functions of the apprenticeship without posing a threat to the health or safety of others."", ""Work may include hand tools and power tools."", ""Work may include exposure to loud noise, hazardous machinery, hazardous voltages, and respiratory irritants."", ""Work may include prolonged standing, climbing, walking, repeated squatting, stretching, and bending."", ""Work may include working indoors and outdoors in extreme temperatures and weather conditions."", ""Work may include working in confined areas where movement is greatly limited."", ""Work may include lifting and moving heavy supplies and equipment weighing up to 100 pounds."", ""Work may include working from ladders, scaffolds, and personnel lifts.""]","Applicants must be 18 or older, have a high school diploma or equivalency, pass a basic skills exam, have reliable transportation, pass a drug test, and be physically able to do the work.",Bricklayers & Allied Craftworkers Local Union #1,(718) 706-9294,,,Contact Bricklayers & Allied Craftworkers Local Union #1 at (718) 706-9294 for further information.
bricklayers-allied-craftworkers-local-2-albany-0-bricklayer-mason-and-plasterer-apprentice,https://dol.ny.gov/news/bricklayers-allied-craftworkers-local-2-albany-0,Bricklayers & Allied Craftworkers Local# 2 (Albany),"Bricklayer, Mason and Plasterer Apprentice",8,"Joint Apprenticeship and Training Committee (JATC) for Bricklayers & Allied Craftworkers, Local Union #2",Bricklayers & Allied Craftworkers Local Union #2 (Albany),"Capital District, Mohawk Valley, and North Country regions","[""Capital District"", ""Mohawk Valley"", ""North Country""]",2026-05-01,2027-04-30,2026-05-01,2027-04-30,"[""in_person_application"", ""online_application"", ""mail_application""]","Apply in person at the Albany JATC or Eastern Contractors Association, or complete the application online and mail it to the JATC. Applications must be received by April 30, 2027.",http://www.baclocal2nyvt.org,,,"JATC for Bricklayers & Allied Craftworkers, Local Union #2, 302 Centre Drive, Albany, NY 12203; or Eastern Contractors Association, 6 Airline Drive, Albany, NY 12205","Bricklayers & Allied Craftworkers JATC #2, 302 Centre Drive, Albany, NY 12203","8:00 a.m. to 4:00 p.m., Monday through Friday, excluding legal holidays, during the recruitment period",,,,,Must be at least 17 years old.,,"Must reside within Local Union #2's geographic jurisdiction for at least six months before applying, including Albany, Cayuga, Clinton, Columbia, Schenectady, Schoharie, Warren, Washington, Greene, Rensselaer, Fulton, Hamilton, Montgomery, Saratoga, Essex, Franklin, Herkimer, Jefferson, Lewis, Madison, Oneida, Onondaga, Oswego, and St. Lawrence counties.","Must have reliable transportation to and from various job sites and required classes, and a valid driver's license to operate company vehicles.",,Must attend required classes at the approved school.,"[""Must be at least 17 years old."", ""Must be physically able to lift 50-100 pounds."", ""Must have a valid driver's license to operate company vehicles."", ""Must reside within the geographic jurisdiction of Local Union #2 for at least six months prior to application, including Albany, Cayuga, Clinton, Columbia, Schenectady, Schoharie, Warren, Washington, Greene, Rensselaer, Fulton, Hamilton, Montgomery, Saratoga, Essex, Franklin, Herkimer, Jefferson, Lewis, Madison, Oneida, Onondaga, Oswego, and St. Lawrence counties."", ""Must have reliable transportation to and from various job sites and required classes at the approved school.""]","Applicants must be 17 or older, able to lift 50-100 pounds, have a valid driver's license and reliable transportation, and live in the union's jurisdiction for at least six months before applying.","JATC for Bricklayers & Allied Craftworkers, Local Union #2",(518) 456-5477,,http://www.baclocal2nyvt.org,"JATC for Bricklayers & Allied Craftworkers, Local Union #2, at (518) 456-5477."
bricklayers-allied-craftworkers-local-2-albany-0-pointer-caulker-and-cleaner-apprentice,https://dol.ny.gov/news/bricklayers-allied-craftworkers-local-2-albany-0,Bricklayers & Allied Craftworkers Local# 2 (Albany),"Pointer, Caulker and Cleaner Apprentice",8,"Joint Apprenticeship and Training Committee (JATC) for Bricklayers & Allied Craftworkers, Local Union #2",Bricklayers & Allied Craftworkers Local Union #2 (Albany),"Capital District, Mohawk Valley, and North Country regions","[""Capital District"", ""Mohawk Valley"", ""North Country""]",2026-05-01,2027-04-30,2026-05-01,2027-04-30,"[""in_person_application"", ""online_application"", ""mail_application""]","Apply in person at the Albany JATC or Eastern Contractors Association, or complete the application online and mail it to the JATC. Applications must be received by April 30, 2027.",http://www.baclocal2nyvt.org,,,"JATC for Bricklayers & Allied Craftworkers, Local Union #2, 302 Centre Drive, Albany, NY 12203; or Eastern Contractors Association, 6 Airline Drive, Albany, NY 12205","Bricklayers & Allied Craftworkers JATC #2, 302 Centre Drive, Albany, NY 12203","8:00 a.m. to 4:00 p.m., Monday through Friday, excluding legal holidays, during the recruitment period",,,,,Must be at least 17 years old.,,"Must reside within Local Union #2's geographic jurisdiction for at least six months before applying, including Albany, Cayuga, Clinton, Columbia, Schenectady, Schoharie, Warren, Washington, Greene, Rensselaer, Fulton, Hamilton, Montgomery, Saratoga, Essex, Franklin, Herkimer, Jefferson, Lewis, Madison, Oneida, Onondaga, Oswego, and St. Lawrence counties.","Must have reliable transportation to and from various job sites and required classes, and a valid driver's license to operate company vehicles.",,Must attend required classes at the approved school.,"[""Must be at least 17 years old."", ""Must be physically able to lift 50-100 pounds."", ""Must have a valid driver's license to operate company vehicles."", ""Must reside within the geographic jurisdiction of Local Union #2 for at least six months prior to application, including Albany, Cayuga, Clinton, Columbia, Schenectady, Schoharie, Warren, Washington, Greene, Rensselaer, Fulton, Hamilton, Montgomery, Saratoga, Essex, Franklin, Herkimer, Jefferson, Lewis, Madison, Oneida, Onondaga, Oswego, and St. Lawrence counties."", ""Must have reliable transportation to and from various job sites and required classes at the approved school.""]","Applicants must be 17 or older, able to lift 50-100 pounds, have a valid driver's license and reliable transportation, and live in the union's jurisdiction for at least six months before applying.","JATC for Bricklayers & Allied Craftworkers, Local Union #2",(518) 456-5477,,http://www.baclocal2nyvt.org,"JATC for Bricklayers & Allied Craftworkers, Local Union #2, at (518) 456-5477."
bricklayers-allied-craftworkers-local-2-albany-0-tile-marble-and-terrazzo-finisher-apprentice,https://dol.ny.gov/news/bricklayers-allied-craftworkers-local-2-albany-0,Bricklayers & Allied Craftworkers Local# 2 (Albany),"Tile, Marble and Terrazzo Finisher Apprentice",2,"Joint Apprenticeship and Training Committee (JATC) for Bricklayers & Allied Craftworkers, Local Union #2",Bricklayers & Allied Craftworkers Local Union #2 (Albany),"Capital District, Mohawk Valley, and North Country regions","[""Capital District"", ""Mohawk Valley"", ""North Country""]",2026-05-01,2027-04-30,2026-05-01,2027-04-30,"[""in_person_application"", ""online_application"", ""mail_application""]","Apply in person at the Albany JATC or Eastern Contractors Association, or complete the application online and mail it to the JATC. Applications must be received by April 30, 2027.",http://www.baclocal2nyvt.org,,,"JATC for Bricklayers & Allied Craftworkers, Local Union #2, 302 Centre Drive, Albany, NY 12203; or Eastern Contractors Association, 6 Airline Drive, Albany, NY 12205","Bricklayers & Allied Craftworkers JATC #2, 302 Centre Drive, Albany, NY 12203","8:00 a.m. to 4:00 p.m., Monday through Friday, excluding legal holidays, during the recruitment period",,,,,Must be at least 17 years old.,,"Must reside within Local Union #2's geographic jurisdiction for at least six months before applying, including Albany, Cayuga, Clinton, Columbia, Schenectady, Schoharie, Warren, Washington, Greene, Rensselaer, Fulton, Hamilton, Montgomery, Saratoga, Essex, Franklin, Herkimer, Jefferson, Lewis, Madison, Oneida, Onondaga, Oswego, and St. Lawrence counties.","Must have reliable transportation to and from various job sites and required classes, and a valid driver's license to operate company vehicles.",,Must attend required classes at the approved school.,"[""Must be at least 17 years old."", ""Must be physically able to lift 50-100 pounds."", ""Must have a valid driver's license to operate company vehicles."", ""Must reside within the geographic jurisdiction of Local Union #2 for at least six months prior to application, including Albany, Cayuga, Clinton, Columbia, Schenectady, Schoharie, Warren, Washington, Greene, Rensselaer, Fulton, Hamilton, Montgomery, Saratoga, Essex, Franklin, Herkimer, Jefferson, Lewis, Madison, Oneida, Onondaga, Oswego, and St. Lawrence counties."", ""Must have reliable transportation to and from various job sites and required classes at the approved school.""]","Applicants must be 17 or older, able to lift 50-100 pounds, have a valid driver's license and reliable transportation, and live in the union's jurisdiction for at least six months before applying.","JATC for Bricklayers & Allied Craftworkers, Local Union #2",(518) 456-5477,,http://www.baclocal2nyvt.org,"JATC for Bricklayers & Allied Craftworkers, Local Union #2, at (518) 456-5477."
bricklayers-allied-craftworkers-local-2-albany-0-tile-setter-3-year-apprentice,https://dol.ny.gov/news/bricklayers-allied-craftworkers-local-2-albany-0,Bricklayers & Allied Craftworkers Local# 2 (Albany),Tile Setter (3 Year) Apprentice,2,"Joint Apprenticeship and Training Committee (JATC) for Bricklayers & Allied Craftworkers, Local Union #2",Bricklayers & Allied Craftworkers Local Union #2 (Albany),"Capital District, Mohawk Valley, and North Country regions","[""Capital District"", ""Mohawk Valley"", ""North Country""]",2026-05-01,2027-04-30,2026-05-01,2027-04-30,"[""in_person_application"", ""online_application"", ""mail_application""]","Apply in person at the Albany JATC or Eastern Contractors Association, or complete the application online and mail it to the JATC. Applications must be received by April 30, 2027.",http://www.baclocal2nyvt.org,,,"JATC for Bricklayers & Allied Craftworkers, Local Union #2, 302 Centre Drive, Albany, NY 12203; or Eastern Contractors Association, 6 Airline Drive, Albany, NY 12205","Bricklayers & Allied Craftworkers JATC #2, 302 Centre Drive, Albany, NY 12203","8:00 a.m. to 4:00 p.m., Monday through Friday, excluding legal holidays, during the recruitment period",,,,,Must be at least 17 years old.,,"Must reside within Local Union #2's geographic jurisdiction for at least six months before applying, including Albany, Cayuga, Clinton, Columbia, Schenectady, Schoharie, Warren, Washington, Greene, Rensselaer, Fulton, Hamilton, Montgomery, Saratoga, Essex, Franklin, Herkimer, Jefferson, Lewis, Madison, Oneida, Onondaga, Oswego, and St. Lawrence counties.","Must have reliable transportation to and from various job sites and required classes, and a valid driver's license to operate company vehicles.",,Must attend required classes at the approved school.,"[""Must be at least 17 years old."", ""Must be physically able to lift 50-100 pounds."", ""Must have a valid driver's license to operate company vehicles."", ""Must reside within the geographic jurisdiction of Local Union #2 for at least six months prior to application, including Albany, Cayuga, Clinton, Columbia, Schenectady, Schoharie, Warren, Washington, Greene, Rensselaer, Fulton, Hamilton, Montgomery, Saratoga, Essex, Franklin, Herkimer, Jefferson, Lewis, Madison, Oneida, Onondaga, Oswego, and St. Lawrence counties."", ""Must have reliable transportation to and from various job sites and required classes at the approved school.""]","Applicants must be 17 or older, able to lift 50-100 pounds, have a valid driver's license and reliable transportation, and live in the union's jurisdiction for at least six months before applying.","JATC for Bricklayers & Allied Craftworkers, Local Union #2",(518) 456-5477,,http://www.baclocal2nyvt.org,"JATC for Bricklayers & Allied Craftworkers, Local Union #2, at (518) 456-5477."
bricklayers-allied-craftworkers-local-2-ogdensburg-0-bricklayer-mason-plasterer-apprentice,https://dol.ny.gov/news/bricklayers-allied-craftworkers-local-2-ogdensburg-0,Bricklayers & Allied Craftworkers Local # 2 (Ogdensburg),"Bricklayer, Mason and Plasterer Apprentice",4,"Bricklayers & Allied Craftworkers, Local Union #2 (Ogdensburg)",Local Union #2 (Ogdensburg),"Local Union #2 jurisdiction in Northern and Central New York; applications accepted in Liverpool, NY",[],2026-05-01,2027-04-30,2026-05-01,2027-04-30,"[""in_person_application"", ""online_application"", ""mail_application""]","Apply in person at the Liverpool, NY office during the recruitment period, apply online at baclocal2nyvt.org, or mail completed applications to the JATC by April 30, 2027.",http://www.baclocal2nyvt.org,,,"Bricklayers & Allied Craftworkers, Local Union #2 (Ogdensburg), 7705 Maltlage Drive, Liverpool, NY 13090","Bricklayers & Allied Craftworkers JATC #2 (Ogdensburg), 7705 Maltlage Drive, Liverpool, NY 13090","Mondays through Fridays from 8:00 p.m. to 4:00 p.m., excluding legal holidays, during the recruitment period.",,,,,Must be at least 17 years old.,,"Must have lived within Local Union #2's geographic jurisdiction for at least six months before applying. Eligible counties include Albany, Cayuga, Clinton, Columbia, Essex, Franklin, Fulton, Greene, Hamilton, Herkimer, Jefferson, Lewis, Madison, Montgomery, Oneida, Onondaga, Oswego, Rensselaer, St. Lawrence, Saratoga, Schenectady, Schoharie, Warren, and Washington.","Must have reliable transportation to and from job sites and required classes, and a valid driver's license to operate company vehicles.",,Must be able to attend required classes at the approved school.,"[""Must be at least 17 years old."", ""Must be physically able to lift 50-100 lbs."", ""Must have reliable transportation to and from job sites and required classes at the approved school."", ""Must have a valid driver's license to operate company vehicles."", ""Must reside within the geographic jurisdiction of Local Union #2 for at least six months prior to application."", ""Eligible counties include Albany, Cayuga, Clinton, Columbia, Essex, Franklin, Fulton, Greene, Hamilton, Herkimer, Jefferson, Lewis, Madison, Montgomery, Oneida, Onondaga, Oswego, Rensselaer, St. Lawrence, Saratoga, Schenectady, Schoharie, Warren, and Washington.""]","Applicants must be at least 17, physically able to lift 50-100 lbs, have reliable transportation and a valid driver's license, and have lived in the Local #2 jurisdiction for at least six months.",Bricklayers & Allied Craftworkers Local #2,(315) 622-2081,,http://www.baclocal2nyvt.org,Bricklayers & Allied Craftworkers Local #2 at (315) 622-2081.
bricklayers-allied-craftworkers-local-3-rochester-bricklayer-mason-apprentice,https://dol.ny.gov/news/bricklayers-allied-craftworkers-local-3-rochester-1,Bricklayers & Allied Craftworkers Local # 3 (Rochester),Bricklayer and Mason Apprentice,8,"Joint Apprenticeship and Training Committee for Bricklayers & Allied Craftworkers, Local #3 (Rochester)",Bricklayers & Allied Craftworkers Local #3 (Rochester),"Rochester, NY area",[],2025-10-04,2026-10-03,2025-10-04,2026-10-03,"[""online_application"", ""mail_application"", ""in_person_application""]","Apply online during the recruitment period, print the application, and submit it in person at the BAC LU #3 JATC office/drop box or mail it in. If you cannot print it, call to have one mailed to you.",https://bac3ny.com/training-education-safety/apprentice-training-program,,(585) 641-0750,"33 Saginaw Drive, Rochester, NY 14623","BAC LU #3 JATC, 33 Saginaw Drive, Rochester, NY 14623","If unable to print the online application, call (585) 641-0750 between 8:00AM-4:00PM Monday-Friday, excluding legal holidays, to have an application mailed to you.",,,,,Must be at least 18 years old at the time of enrollment.,,,Must have reliable transportation to and from various job sites and required classes at the approved school.,"Must pass a physical and a drug test after the offer of employment, at the sponsor's expense, and must submit to random drug testing during the apprenticeship.",Must attend required classes at the approved school.,"[""Must be at least 18 years old at the time of enrollment."", ""Must sign an affidavit stating that they are physically able to perform the work required of the trade, including standing and kneeling for prolonged periods; climbing and working off lifts, ladders, and scaffolds; repetitive bending and stooping; having near vision to read blueprints and depth perception to verify alignment; using a plumb bob to verify trueness of alignment; lifting, carrying, and positioning materials weighing up to 40 pounds; possible exposure to loud noises and respiratory irritants such as dust and chemicals; and working in confined spaces and outside in all weather conditions."", ""Must pass a physical and a drug test, at the expense of the sponsor, after the offer of employment."", ""Must also submit to random drug testing which may be administered at any time during the apprenticeship."", ""Must provide their own hand tools as appropriate for the trade; estimated cost of tools is approximately $100-$500 depending on the trade."", ""Must provide proof of employment authorization to work in the United States at the time of offer."", ""Must have reliable transportation to and from various job sites and required classes at the approved school.""]","Applicants must be at least 18, physically able to do the work, and able to pass sponsor-paid physical and drug testing. They must provide their own hand tools, show U.S. work authorization, and have reliable transportation.","JATC for Bricklayers & Allied Craftworkers, Local Union #3 (Rochester)",(585) 641-0750,,,"Contact the JATC for Bricklayers & Allied Craftworkers, Local Union #3 (Rochester) at (585) 641-0750 for further information."
bricklayers-allied-craftworkers-local-3-rochester-pointer-caulker-cleaner-apprentice,https://dol.ny.gov/news/bricklayers-allied-craftworkers-local-3-rochester-1,Bricklayers & Allied Craftworkers Local # 3 (Rochester),"Pointer, Caulker and Cleaner Apprentice",4,"Joint Apprenticeship and Training Committee for Bricklayers & Allied Craftworkers, Local #3 (Rochester)",Bricklayers & Allied Craftworkers Local #3 (Rochester),"Rochester, NY area",[],2025-10-04,2026-10-03,2025-10-04,2026-10-03,"[""online_application"", ""mail_application"", ""in_person_application""]","Apply online during the recruitment period, print the application, and submit it in person at the BAC LU #3 JATC office/drop box or mail it in. If you cannot print it, call to have one mailed to you.",https://bac3ny.com/training-education-safety/apprentice-training-program,,(585) 641-0750,"33 Saginaw Drive, Rochester, NY 14623","BAC LU #3 JATC, 33 Saginaw Drive, Rochester, NY 14623","If unable to print the online application, call (585) 641-0750 between 8:00AM-4:00PM Monday-Friday, excluding legal holidays, to have an application mailed to you.",,,,,Must be at least 18 years old at the time of enrollment.,,,Must have reliable transportation to and from various job sites and required classes at the approved school.,"Must pass a physical and a drug test after the offer of employment, at the sponsor's expense, and must submit to random drug testing during the apprenticeship.",Must attend required classes at the approved school.,"[""Must be at least 18 years old at the time of enrollment."", ""Must sign an affidavit stating that they are physically able to perform the work required of the trade, including standing and kneeling for prolonged periods; climbing and working off lifts, ladders, and scaffolds; repetitive bending and stooping; having near vision to read blueprints and depth perception to verify alignment; using a plumb bob to verify trueness of alignment; lifting, carrying, and positioning materials weighing up to 40 pounds; possible exposure to loud noises and respiratory irritants such as dust and chemicals; and working in confined spaces and outside in all weather conditions."", ""Must pass a physical and a drug test, at the expense of the sponsor, after the offer of employment."", ""Must also submit to random drug testing which may be administered at any time during the apprenticeship."", ""Must provide their own hand tools as appropriate for the trade; estimated cost of tools is approximately $100-$500 depending on the trade."", ""Must provide proof of employment authorization to work in the United States at the time of offer."", ""Must have reliable transportation to and from various job sites and required classes at the approved school.""]","Applicants must be at least 18, physically able to do the work, and able to pass sponsor-paid physical and drug testing. They must provide their own hand tools, show U.S. work authorization, and have reliable transportation.","JATC for Bricklayers & Allied Craftworkers, Local Union #3 (Rochester)",(585) 641-0750,,,"Contact the JATC for Bricklayers & Allied Craftworkers, Local Union #3 (Rochester) at (585) 641-0750 for further information."
bricklayers-allied-craftworkers-local-3-rochester-tile-marble-terrazzo-finisher-apprentice,https://dol.ny.gov/news/bricklayers-allied-craftworkers-local-3-rochester-1,Bricklayers & Allied Craftworkers Local # 3 (Rochester),"Tile, Marble, and Terrazzo Finisher Apprentice",4,"Joint Apprenticeship and Training Committee for Bricklayers & Allied Craftworkers, Local #3 (Rochester)",Bricklayers & Allied Craftworkers Local #3 (Rochester),"Rochester, NY area",[],2025-10-04,2026-10-03,2025-10-04,2026-10-03,"[""online_application"", ""mail_application"", ""in_person_application""]","Apply online during the recruitment period, print the application, and submit it in person at the BAC LU #3 JATC office/drop box or mail it in. If you cannot print it, call to have one mailed to you.",https://bac3ny.com/training-education-safety/apprentice-training-program,,(585) 641-0750,"33 Saginaw Drive, Rochester, NY 14623","BAC LU #3 JATC, 33 Saginaw Drive, Rochester, NY 14623","If unable to print the online application, call (585) 641-0750 between 8:00AM-4:00PM Monday-Friday, excluding legal holidays, to have an application mailed to you.",,,,,Must be at least 18 years old at the time of enrollment.,,,Must have reliable transportation to and from various job sites and required classes at the approved school.,"Must pass a physical and a drug test after the offer of employment, at the sponsor's expense, and must submit to random drug testing during the apprenticeship.",Must attend required classes at the approved school.,"[""Must be at least 18 years old at the time of enrollment."", ""Must sign an affidavit stating that they are physically able to perform the work required of the trade, including standing and kneeling for prolonged periods; climbing and working off lifts, ladders, and scaffolds; repetitive bending and stooping; having near vision to read blueprints and depth perception to verify alignment; using a plumb bob to verify trueness of alignment; lifting, carrying, and positioning materials weighing up to 40 pounds; possible exposure to loud noises and respiratory irritants such as dust and chemicals; and working in confined spaces and outside in all weather conditions."", ""Must pass a physical and a drug test, at the expense of the sponsor, after the offer of employment."", ""Must also submit to random drug testing which may be administered at any time during the apprenticeship."", ""Must provide their own hand tools as appropriate for the trade; estimated cost of tools is approximately $100-$500 depending on the trade."", ""Must provide proof of employment authorization to work in the United States at the time of offer."", ""Must have reliable transportation to and from various job sites and required classes at the approved school.""]","Applicants must be at least 18, physically able to do the work, and able to pass sponsor-paid physical and drug testing. They must provide their own hand tools, show U.S. work authorization, and have reliable transportation.","JATC for Bricklayers & Allied Craftworkers, Local Union #3 (Rochester)",(585) 641-0750,,,"Contact the JATC for Bricklayers & Allied Craftworkers, Local Union #3 (Rochester) at (585) 641-0750 for further information."
bricklayers-allied-craftworkers-local-3-rochester-tile-setter-apprentice,https://dol.ny.gov/news/bricklayers-allied-craftworkers-local-3-rochester-1,Bricklayers & Allied Craftworkers Local # 3 (Rochester),Tile Setter Apprentice,4,"Joint Apprenticeship and Training Committee for Bricklayers & Allied Craftworkers, Local #3 (Rochester)",Bricklayers & Allied Craftworkers Local #3 (Rochester),"Rochester, NY area",[],2025-10-04,2026-10-03,2025-10-04,2026-10-03,"[""online_application"", ""mail_application"", ""in_person_application""]","Apply online during the recruitment period, print the application, and submit it in person at the BAC LU #3 JATC office/drop box or mail it in. If you cannot print it, call to have one mailed to you.",https://bac3ny.com/training-education-safety/apprentice-training-program,,(585) 641-0750,"33 Saginaw Drive, Rochester, NY 14623","BAC LU #3 JATC, 33 Saginaw Drive, Rochester, NY 14623","If unable to print the online application, call (585) 641-0750 between 8:00AM-4:00PM Monday-Friday, excluding legal holidays, to have an application mailed to you.",,,,,Must be at least 18 years old at the time of enrollment.,,,Must have reliable transportation to and from various job sites and required classes at the approved school.,"Must pass a physical and a drug test after the offer of employment, at the sponsor's expense, and must submit to random drug testing during the apprenticeship.",Must attend required classes at the approved school.,"[""Must be at least 18 years old at the time of enrollment."", ""Must sign an affidavit stating that they are physically able to perform the work required of the trade, including standing and kneeling for prolonged periods; climbing and working off lifts, ladders, and scaffolds; repetitive bending and stooping; having near vision to read blueprints and depth perception to verify alignment; using a plumb bob to verify trueness of alignment; lifting, carrying, and positioning materials weighing up to 40 pounds; possible exposure to loud noises and respiratory irritants such as dust and chemicals; and working in confined spaces and outside in all weather conditions."", ""Must pass a physical and a drug test, at the expense of the sponsor, after the offer of employment."", ""Must also submit to random drug testing which may be administered at any time during the apprenticeship."", ""Must provide their own hand tools as appropriate for the trade; estimated cost of tools is approximately $100-$500 depending on the trade."", ""Must provide proof of employment authorization to work in the United States at the time of offer."", ""Must have reliable transportation to and from various job sites and required classes at the approved school.""]","Applicants must be at least 18, physically able to do the work, and able to pass sponsor-paid physical and drug testing. They must provide their own hand tools, show U.S. work authorization, and have reliable transportation.","JATC for Bricklayers & Allied Craftworkers, Local Union #3 (Rochester)",(585) 641-0750,,,"Contact the JATC for Bricklayers & Allied Craftworkers, Local Union #3 (Rochester) at (585) 641-0750 for further information."
capital-sheet-metal-workers-jatc-local-83-sheet-metal-worker-apprentice,https://dol.ny.gov/news/capital-sheet-metal-workers-jatc-local-83-0,Capital Sheet Metal Workers JATC Local 83,Sheet Metal Worker Apprentice,10,Capital District Sheet Metal Workers Local Union #83 Joint Apprenticeship Committee,Local Union #83,Local 83 jurisdiction counties in the Capital District area,[],2026-04-06,2027-04-05,2026-04-06,2027-04-05,"[""in_person_application"", ""online_application""]",Obtain an application in person at Local Union #83 in Clifton Park or online at smartlu83.org during the recruitment period.,https://www.smartlu83.org,,,"Capital District Sheet Metal Workers Local Union #83, 900 Commerce Drive, Clifton Park, NY 12065",,"8:00 a.m. to 5:00 p.m., Monday through Friday, excluding legal holidays, during the recruitment period",,,,,Must be at least 18 years old.,"Must have a high school diploma or high school equivalency diploma (such as TASC or GED), including a passing grade in Algebra, a passing grade in Math I, a passing grade in the math portion of the GED in the year taken, or a minimum score of 500 on the TASC math test. Proof is required after selection and before an interview.","Must reside in the Local 83 jurisdiction counties of Albany, Clinton, Columbia, Essex, Franklin, Fulton, Greene, Hamilton, Montgomery, Rensselaer, Saratoga, Schenectady, Schoharie, Warren, and Washington.",Must have a valid New York State driver’s license to operate company vehicles and reliable transportation to and from work and required classes at the approved school.,Must submit to and pass a drug test at the sponsor’s expense if selected for the program.,Must have reliable transportation to required classes at the approved school.,"[""Must be at least 18 years old."", ""Must have a high school diploma or a high school equivalency diploma (such as TASC or GED). This must include a passing grade in Algebra, a passing grade in Math I, or a passing grade in the math portion of the GED equivalent in the year in which the test was taken or a minimum of 500 on the TASC math test. Proof will be required after selection and prior to an interview."", ""Must sign an affidavit stating they are physically able to perform the work of a Sheet Metal Worker, including working with sharp objects, hazardous machinery, and possible exposure to noise and respiratory irritants; prolonged standing and walking; repeated squatting and/or bending; working in severe weather conditions and extreme temperatures; working in restrictive or confined spaces; lifting and/or moving heavy objects and equipment; and working off ladders and scaffolds at various heights."", ""Must have a valid New York State driver’s license in order to operate company vehicles."", ""Must reside in Local 83 jurisdiction counties: Albany, Clinton, Columbia, Essex, Franklin, Fulton, Greene, Hamilton, Montgomery, Rensselaer, Saratoga, Schenectady, Schoharie, Warren, and Washington."", ""Must have reliable transportation to and from work and required classes at the approved school."", ""Must submit to and pass a drug test, at the expense of the sponsor, if selected for the program."", ""Must submit to the background check, at the sponsor’s expense, if selected for the program."", ""Must take the Criteria Corp-Criteria Basic Skills Test (CBST) and Criteria Cognitive Aptitude Test (CCAT). Applicant must score at least 6 out of a combined 15 available points on the combined CBST and CCAT to be considered for the program.""]","Applicants must be 18+, have a qualifying high school diploma/HSE with required math proof, live in the Local 83 counties, have a NYS driver’s license and reliable transportation, and pass required tests, a drug test, and a background check if selected.",Local Union #83,(518) 489-1377,,https://www.smartlu83.org,Contact Local Union #83 for further information at (518) 489-1377.
carpenters-jatc-nyc-vicinity-2-cabinet-maker-apprentice,https://dol.ny.gov/news/carpenters-jatc-nyc-vicinity-2,Carpenters JATC of NYC & Vicinity,Cabinet Maker Apprentice,3,Joint Apprenticeship and Training Committee for the New York City District Council of Carpenters,New York City District Council of Carpenters,"New York City, NY",[],2025-09-10,2026-09-09,2025-09-10,2026-09-09,"[""information_session_required"", ""online_application""]","Attend a required in-person information session at the NYCDCC Training Center, then complete and submit the online application through the training center website within 60 days of the session.",https://nyccarpenterstrainingcenter.org,,,,,"Information sessions are held the second Wednesday of each month from 9:00 AM to 10:00 AM, excluding December and January. No admittance after 9:00 AM.",,"Spaces are limited and filled on a first-come, first-served basis. Applicants must sign in at the in-person information session to receive a passcode for the online application.",,,Must be at least 17 years old at the time of application.,Must have a high school diploma or a high school equivalency diploma such as TASC or GED. Proof is required after selection and before enrollment.,,"Must have reliable transportation to and from job sites and classes. Must be willing to travel to off-site training and accept the cost if training is canceled, missed, or not completed.","Must pass a substance abuse screening at the sponsor's expense within 48 hours of selection and before enrollment, at a designated collection site.",Must be able to travel to and attend training and classes at the approved school and any off-site training sessions.,"[""Must be at least 17 years old at the time of application."", ""Must have a high school diploma or a high school equivalency diploma such as TASC or GED. Proof will be required after selection and prior to enrollment in apprenticeship."", ""Must be physically able to perform the work of the trade without posing a direct threat to the safety of themselves or others."", ""Must be physically able to perform the work of a Carpenter, which may include working on scaffolds and in confined spaces, working in inclement weather such as rain, snow, cold, heat, and direct sunlight, performing constant repetitive motions, climbing and working from heights, lifting heavy items of at least 50 pounds, and standing and stooping for prolonged periods of time."", ""Must pass a substance abuse screening, at the sponsor's expense, within 48 hours of selection and prior to enrollment in apprenticeship, at a designated collection site designated by the JATC."", ""Must be able to read, hear, and understand verbal instructions and warnings in English."", ""Must provide proof with detailed examples of any trade-related experience, certification, or education after selection and prior to enrollment in apprenticeship."", ""Must agree to sign an Apprentice handbook, subject to change at any time."", ""Must be willing to travel to off-site training and assume financial responsibility for associated costs in the event of cancellation, failure to attend, or failure to successfully complete the program."", ""Must be a U.S. citizen or have the legal right to work in the United States. Proof will be required after selection and prior to enrollment in apprenticeship."", ""Must have reliable means of transportation to and from various job sites and classes at the approved school."", ""Must provide DD-214, Certificate of Release or Discharge from Active Duty, if applicable, after selection and prior to enrollment in apprenticeship.""]","Applicants must be at least 17, have a high school diploma or equivalency, pass a substance abuse screen, and be physically able to do demanding carpenter work. Reliable transportation, English comprehension, and eligibility to work in the U.S. are also required.",New York City District Council of Carpenters,(212) 727-2224,,https://nyccarpenterstrainingcenter.org,"For more information, contact the New York City District Council of Carpenters at (212) 727-2224."
carpenters-jatc-nyc-vicinity-2-carpenter-piledriver-dockbuilder-apprentice,https://dol.ny.gov/news/carpenters-jatc-nyc-vicinity-2,Carpenters JATC of NYC & Vicinity,Carpenter (Piledriver/Dockbuilder) Apprentice,25,Joint Apprenticeship and Training Committee for the New York City District Council of Carpenters,New York City District Council of Carpenters,"New York City, NY",[],2025-09-10,2026-09-09,2025-09-10,2026-09-09,"[""information_session_required"", ""online_application""]","Attend a required in-person information session at the NYCDCC Training Center, then complete and submit the online application through the training center website within 60 days of the session.",https://nyccarpenterstrainingcenter.org,,,,,"Information sessions are held the second Wednesday of each month from 9:00 AM to 10:00 AM, excluding December and January. No admittance after 9:00 AM.",,"Spaces are limited and filled on a first-come, first-served basis. Applicants must sign in at the in-person information session to receive a passcode for the online application.",,,Must be at least 17 years old at the time of application.,Must have a high school diploma or a high school equivalency diploma such as TASC or GED. Proof is required after selection and before enrollment.,,"Must have reliable transportation to and from job sites and classes. Must be willing to travel to off-site training and accept the cost if training is canceled, missed, or not completed.","Must pass a substance abuse screening at the sponsor's expense within 48 hours of selection and before enrollment, at a designated collection site.",Must be able to travel to and attend training and classes at the approved school and any off-site training sessions.,"[""Must be at least 17 years old at the time of application."", ""Must have a high school diploma or a high school equivalency diploma such as TASC or GED. Proof will be required after selection and prior to enrollment in apprenticeship."", ""Must be physically able to perform the work of the trade without posing a direct threat to the safety of themselves or others."", ""Must be physically able to perform the work of a Carpenter, which may include working on scaffolds and in confined spaces, working in inclement weather such as rain, snow, cold, heat, and direct sunlight, performing constant repetitive motions, climbing and working from heights, lifting heavy items of at least 50 pounds, and standing and stooping for prolonged periods of time."", ""Must pass a substance abuse screening, at the sponsor's expense, within 48 hours of selection and prior to enrollment in apprenticeship, at a designated collection site designated by the JATC."", ""Must be able to read, hear, and understand verbal instructions and warnings in English."", ""Must provide proof with detailed examples of any trade-related experience, certification, or education after selection and prior to enrollment in apprenticeship."", ""Must agree to sign an Apprentice handbook, subject to change at any time."", ""Must be willing to travel to off-site training and assume financial responsibility for associated costs in the event of cancellation, failure to attend, or failure to successfully complete the program."", ""Must be a U.S. citizen or have the legal right to work in the United States. Proof will be required after selection and prior to enrollment in apprenticeship."", ""Must have reliable means of transportation to and from various job sites and classes at the approved school."", ""Must provide DD-214, Certificate of Release or Discharge from Active Duty, if applicable, after selection and prior to enrollment in apprenticeship.""]","Applicants must be at least 17, have a high school diploma or equivalency, pass a substance abuse screen, and be physically able to do demanding carpenter work. Reliable transportation, English comprehension, and eligibility to work in the U.S. are also required.",New York City District Council of Carpenters,(212) 727-2224,,https://nyccarpenterstrainingcenter.org,"For more information, contact the New York City District Council of Carpenters at (212) 727-2224."
carpenters-jatc-nyc-vicinity-2-linoleum-resilient-tile-and-carpet-layer-apprentice,https://dol.ny.gov/news/carpenters-jatc-nyc-vicinity-2,Carpenters JATC of NYC & Vicinity,"Linoleum, Resilient Tile, and Carpet Layer Apprentice",20,Joint Apprenticeship and Training Committee for the New York City District Council of Carpenters,New York City District Council of Carpenters,"New York City, NY",[],2025-09-10,2026-09-09,2025-09-10,2026-09-09,"[""information_session_required"", ""online_application""]","Attend a required in-person information session at the NYCDCC Training Center, then complete and submit the online application through the training center website within 60 days of the session.",https://nyccarpenterstrainingcenter.org,,,,,"Information sessions are held the second Wednesday of each month from 9:00 AM to 10:00 AM, excluding December and January. No admittance after 9:00 AM.",,"Spaces are limited and filled on a first-come, first-served basis. Applicants must sign in at the in-person information session to receive a passcode for the online application.",,,Must be at least 17 years old at the time of application.,Must have a high school diploma or a high school equivalency diploma such as TASC or GED. Proof is required after selection and before enrollment.,,"Must have reliable transportation to and from job sites and classes. Must be willing to travel to off-site training and accept the cost if training is canceled, missed, or not completed.","Must pass a substance abuse screening at the sponsor's expense within 48 hours of selection and before enrollment, at a designated collection site.",Must be able to travel to and attend training and classes at the approved school and any off-site training sessions.,"[""Must be at least 17 years old at the time of application."", ""Must have a high school diploma or a high school equivalency diploma such as TASC or GED. Proof will be required after selection and prior to enrollment in apprenticeship."", ""Must be physically able to perform the work of the trade without posing a direct threat to the safety of themselves or others."", ""Must be physically able to perform the work of a Carpenter, which may include working on scaffolds and in confined spaces, working in inclement weather such as rain, snow, cold, heat, and direct sunlight, performing constant repetitive motions, climbing and working from heights, lifting heavy items of at least 50 pounds, and standing and stooping for prolonged periods of time."", ""Must pass a substance abuse screening, at the sponsor's expense, within 48 hours of selection and prior to enrollment in apprenticeship, at a designated collection site designated by the JATC."", ""Must be able to read, hear, and understand verbal instructions and warnings in English."", ""Must provide proof with detailed examples of any trade-related experience, certification, or education after selection and prior to enrollment in apprenticeship."", ""Must agree to sign an Apprentice handbook, subject to change at any time."", ""Must be willing to travel to off-site training and assume financial responsibility for associated costs in the event of cancellation, failure to attend, or failure to successfully complete the program."", ""Must be a U.S. citizen or have the legal right to work in the United States. Proof will be required after selection and prior to enrollment in apprenticeship."", ""Must have reliable means of transportation to and from various job sites and classes at the approved school."", ""Must provide DD-214, Certificate of Release or Discharge from Active Duty, if applicable, after selection and prior to enrollment in apprenticeship.""]","Applicants must be at least 17, have a high school diploma or equivalency, pass a substance abuse screen, and be physically able to do demanding carpenter work. Reliable transportation, English comprehension, and eligibility to work in the U.S. are also required.",New York City District Council of Carpenters,(212) 727-2224,,https://nyccarpenterstrainingcenter.org,"For more information, contact the New York City District Council of Carpenters at (212) 727-2224."
carpenters-jatc-nyc-vicinity-2-millwright-apprentice,https://dol.ny.gov/news/carpenters-jatc-nyc-vicinity-2,Carpenters JATC of NYC & Vicinity,Millwright Apprentice,10,Joint Apprenticeship and Training Committee for the New York City District Council of Carpenters,New York City District Council of Carpenters,"New York City, NY",[],2025-09-10,2026-09-09,2025-09-10,2026-09-09,"[""information_session_required"", ""online_application""]","Attend a required in-person information session at the NYCDCC Training Center, then complete and submit the online application through the training center website within 60 days of the session.",https://nyccarpenterstrainingcenter.org,,,,,"Information sessions are held the second Wednesday of each month from 9:00 AM to 10:00 AM, excluding December and January. No admittance after 9:00 AM.",,"Spaces are limited and filled on a first-come, first-served basis. Applicants must sign in at the in-person information session to receive a passcode for the online application.",,,Must be at least 17 years old at the time of application.,Must have a high school diploma or a high school equivalency diploma such as TASC or GED. Proof is required after selection and before enrollment.,,"Must have reliable transportation to and from job sites and classes. Must be willing to travel to off-site training and accept the cost if training is canceled, missed, or not completed.","Must pass a substance abuse screening at the sponsor's expense within 48 hours of selection and before enrollment, at a designated collection site.",Must be able to travel to and attend training and classes at the approved school and any off-site training sessions.,"[""Must be at least 17 years old at the time of application."", ""Must have a high school diploma or a high school equivalency diploma such as TASC or GED. Proof will be required after selection and prior to enrollment in apprenticeship."", ""Must be physically able to perform the work of the trade without posing a direct threat to the safety of themselves or others."", ""Must be physically able to perform the work of a Carpenter, which may include working on scaffolds and in confined spaces, working in inclement weather such as rain, snow, cold, heat, and direct sunlight, performing constant repetitive motions, climbing and working from heights, lifting heavy items of at least 50 pounds, and standing and stooping for prolonged periods of time."", ""Must pass a substance abuse screening, at the sponsor's expense, within 48 hours of selection and prior to enrollment in apprenticeship, at a designated collection site designated by the JATC."", ""Must be able to read, hear, and understand verbal instructions and warnings in English."", ""Must provide proof with detailed examples of any trade-related experience, certification, or education after selection and prior to enrollment in apprenticeship."", ""Must agree to sign an Apprentice handbook, subject to change at any time."", ""Must be willing to travel to off-site training and assume financial responsibility for associated costs in the event of cancellation, failure to attend, or failure to successfully complete the program."", ""Must be a U.S. citizen or have the legal right to work in the United States. Proof will be required after selection and prior to enrollment in apprenticeship."", ""Must have reliable means of transportation to and from various job sites and classes at the approved school."", ""Must provide DD-214, Certificate of Release or Discharge from Active Duty, if applicable, after selection and prior to enrollment in apprenticeship.""]","Applicants must be at least 17, have a high school diploma or equivalency, pass a substance abuse screen, and be physically able to do demanding carpenter work. Reliable transportation, English comprehension, and eligibility to work in the U.S. are also required.",New York City District Council of Carpenters,(212) 727-2224,,https://nyccarpenterstrainingcenter.org,"For more information, contact the New York City District Council of Carpenters at (212) 727-2224."
carpenters-jatc-nyc-vicinity-3-carpenter-apprentice,https://dol.ny.gov/news/carpenters-jatc-nyc-vicinity-3,Carpenters JATC of NYC & Vicinity,Carpenter Apprentice,25,Joint Apprenticeship and Training Committee for the New York City District Council of Carpenters,New York City District Council of Carpenters,New York City area,[],2026-03-11,2027-02-10,2026-03-11,2027-02-10,"[""information_session_required"", ""online_application""]","Attend the required in-person information session at the NYCDCC Training Center, then use the passcode provided to complete and submit the online application within 60 days of the session.",https://www.nyccarpenterstrainingcenter.org,,,"NYCDCC Training Center, 395 Hudson Street (Clarkson Street entrance), 2nd floor, New York, NY 10014",,"Information sessions are held the second Wednesday of each month from 9:00 AM to 10:00 AM during the recruitment period, except December and January. No admittance after 9:00 AM.",,"Spaces are limited and filled on a first-come, first-served basis.",,,Must be at least 17 years old at the time of application.,Must have a high school diploma or a high school equivalency diploma such as TASC or GED.,,"Must have reliable transportation to and from various job sites and classes at the approved school, and must travel to off-site training if required.","Must pass a substance abuse screening within 48 hours of selection and prior to enrollment, at the sponsor’s expense, and must agree to pre-enrollment, random, for-cause, and post-accident drug testing.",Must travel to off-site training and attend classes at the approved school.,"[""Must be at least 17 years old at the time of application."", ""Must have a high school diploma or a high school equivalency diploma such as TASC or GED. Proof will be required after selection and prior to enrollment in apprenticeship."", ""Must be physically able to perform the work of the trade without posing a direct threat to the safety of themselves or others."", ""Must be physically able to perform the work of a Carpenter, which may include working on scaffolds and in confined spaces; working under inclement weather such as rain, snow, cold, heat, and direct sunlight; performing constant repetitive motions; climbing and working from heights; lifting items weighing a minimum of 50 pounds; and standing and stooping for prolonged periods of time."", ""Must pass a substance abuse screening, at the sponsor’s expense, within 48 hours of selection and prior to enrollment in apprenticeship, at a designated collection site designated by the JATC."", ""Must agree to and sign the Apprentice drug testing policy, which provides for pre-enrollment testing, random testing, for-cause testing, and post-accident testing."", ""Must agree to sign the Apprentice handbook, which is subject to change at any time."", ""Must travel to off-site training and agree to be financially responsible for certain costs related to such training if the apprentice cancels, fails to show up, or fails to successfully complete the program."", ""Must be able to read, hear, and understand verbal instructions and warnings in English."", ""Must provide proof, with detailed examples, of any trade-related experience, certification, or education after selection and prior to enrollment in apprenticeship."", ""Must be a U.S. citizen or have the legal right to work in the United States. Proof will be required after selection and prior to enrollment in apprenticeship."", ""Must have reliable means of transportation to and from various job sites and classes at the approved school."", ""Must provide DD-214, Certificate of Release or Discharge from Active Duty, if applicable, after selection and prior to enrollment in apprenticeship.""]","Applicants must be at least 17, have a high school diploma or equivalency, be physically able to do carpentry work, have reliable transportation, meet English and work-authorization requirements, and pass required substance abuse testing.",New York City District Council of Carpenters,(212) 727-2224,,https://www.nyccarpenterstrainingcenter.org,Contact the New York City District Council of Carpenters for further information at (212) 727-2224.
central-new-york-electrical-training-alliance-electrician-apprentice,https://dol.ny.gov/news/central-new-york-electrical-training-alliance-0,Central New York Electrical Training Alliance,Electrician Apprentice,25,Central New York Electrical Training Alliance,,"Central, Finger Lakes, Mohawk Valley, and Southern Tier regions; training center in Clay, NY","[""Central"", ""Finger Lakes"", ""Mohawk Valley"", ""Southern Tier""]",2025-11-15,2026-06-30,2025-11-15,2026-06-29,"[""online_application"", ""appointment_required""]",Apply online at cnyeta.org during the recruitment period. Applicants without computer access may call to schedule use of a computer at the sponsor’s training center in Clay.,https://www.cnyeta.org/,,(315) 546-0221,,,"Applications are available online every day during the recruitment period. Applicants without computer access may schedule use of a computer at the sponsor’s training center Monday through Friday, 8:00 a.m.-12:00 p.m. and 1:00 p.m.-5:00 p.m.",,,20,A $20 testing fee is required for the Electrical Aptitude Test. A fee waiver may be requested and will be approved with verifiable proof of financial need.,Must be at least 18 years old.,"Must have a high school diploma or high school equivalency diploma (such as TASC or GED), including one year of Algebra, Math Course 1, or High School Regents Math. Proof is required at the time of appointment.",,Must have reliable transportation to and from various work sites and required classes at the approved school.,Must pass a drug test at the time of appointment; the test is at the sponsor’s expense.,Must be able to attend required classes at the approved school.,"[""Must be at least 18 years old."", ""Must have a high school diploma or a high school equivalency diploma (such as TASC or GED), including one year of Algebra, Math Course 1, or High School Regents Math. Proof will be required at time of appointment."", ""Must take the American Institute for Research’s Electrical Aptitude Test."", ""A $20.00 testing fee is required; a fee waiver may be requested with verifiable proof of financial need."", ""Must attest in writing that they are physically able to perform the work of an Electrician, including climbing and working from ladders, scaffolds, poles, or towers of various heights and working in confined spaces."", ""Must pass a drug test, at the expense of the sponsor, at the time of appointment."", ""Must be able to read, hear and understand instructions and warnings given in English."", ""Must have reliable transportation to and from various work sites and required classes at the approved school.""]","Applicants must be at least 18, have a qualifying high school diploma/equivalency with required math, pass an aptitude test, show physical ability, pass a drug test, understand English instructions, and have reliable transportation.",Central New York Electrical Training Alliance,(315) 546-0221,,https://www.cnyeta.org/,"For further information, contact Central New York Electrical Training Alliance at (315) 546-0221."
central-new-york-electrical-training-alliance-electrician-apprentice,https://dol.ny.gov/news/central-new-york-electrical-training-alliance-1,Central New York Electrical Training Alliance,Electrician Apprentice,25,Central New York Electrical Training Alliance,,"Central, Finger Lakes, Mohawk Valley, and Southern Tier regions of New York","[""Central"", ""Finger Lakes"", ""Mohawk Valley"", ""Southern Tier""]",2026-07-01,2027-06-30,2026-07-01,2027-06-30,"[""online_application"", ""appointment_required""]",Apply online at cnyeta.org during the recruitment period. Applicants without computer access may call to schedule time to use a computer at the sponsor’s training center.,https://www.cnyeta.org,,(315) 546-0221,"4566 Waterhouse Road, Clay, NY 13041",,"Computer access at the training center is available Monday through Friday, 8:00 a.m. to 12:00 p.m. and 1:00 p.m. to 5:00 p.m.",,,20,A $20 testing fee is required for the Electrical Aptitude Test. Fee waivers may be requested and approved with verifiable proof of financial need.,Applicants must be at least 18 years old.,"Applicants must have a high school diploma or high school equivalency diploma such as TASC or GED, including one year of Algebra, Math Course 1, or High School Regents Math. Proof is required at time of appointment.",,Applicants must have reliable transportation to and from various work sites and required classes at the approved school.,Applicants must pass a drug test at the sponsor’s expense at the time of appointment.,Applicants must be able to attend required classes at the approved school.,"[""Must be at least 18 years old."", ""Must have a high school diploma or a high school equivalency diploma (such as TASC or GED), including one year of Algebra, Math Course 1, or High School Regents Math. Proof will be required at time of appointment."", ""Must take the American Institute for Research’s Electrical Aptitude Test."", ""A $20.00 testing fee is required. Fee waivers may be requested and will be approved upon showing verifiable proof of financial need."", ""Must attest in writing that they are physically able to perform the work of an Electrician, including climbing and working from ladders, scaffolds, poles, or towers of various heights, and working in confined spaces."", ""Must pass a drug test, at the expense of the sponsor, at the time of appointment."", ""Must be able to read, hear and understand instructions and warnings given in English."", ""Must have reliable transportation to and from various work sites and required classes at the approved school.""]","Applicants must be at least 18, have a high school diploma or equivalent with specified math coursework, pass the aptitude test and drug test, attest to physical ability, understand English instructions, and have reliable transportation.",Central New York Electrical Training Alliance,(315) 546-0221,,,Contact the Central New York Electrical Training Alliance for more information at (315) 546-0221.
construction-general-laborers-local-union-633-skilled-construction-craft-laborer-apprentice,https://dol.ny.gov/news/construction-general-laborers-local-union-633-0,Construction & General Laborers Local Union 633,Skilled Construction Craft Laborer Apprentice,10,"Joint Apprenticeship and Training Committee for Construction and General Laborers, Local Union #633",Local Union #633,"East Syracuse, NY area",[],2026-05-20,2027-04-21,2026-05-20,2027-04-21,"[""in_person_application""]","Pick up applications in person at Local Union #633, 7051 Fly Road, East Syracuse, NY, on the third Wednesday of each month from 9:00 a.m. to 12:00 p.m. during the recruitment period. Applications must be received by April 21, 2027.",,,,"Construction and General Laborers, Local Union #633, 7051 Fly Road, East Syracuse, NY 13057",,"9:00 a.m. to 12:00 p.m. on the third Wednesday of each month, excluding legal holidays, during the recruitment period",,,,,Must be at least 18 years old.,"Must have a high school diploma, a high school equivalency diploma (such as TASC or GED), or at least five years of documented experience in the trade.",,Must have a valid driver's license; apprentices may be required to operate company vehicles.,"Must submit to a follicle drug test after selection and before enrollment, at the sponsor's expense.",,"[""Must be at least 18 years old."", ""Must have a high school diploma, a high school equivalency diploma (such as TASC or GED), or a minimum of five years of documented experience in the trade."", ""Must attest to being physically capable of performing the work of a Skilled Construction Craft Laborer, including working at heights of up to 150 feet, working in confined spaces, and lifting 50 pounds or more."", ""Must submit to a follicle drug test, at the expense of the sponsor, after selection and prior to enrollment in apprenticeship."", ""Must have a valid driver’s license. Apprentices may be required to operate company vehicles."", ""Must be willing to join Local Union #633."", ""Must provide DD-214, certificate of release or discharge from active duty, if applicable, after selection and prior to enrollment in apprenticeship.""]","Applicants must be at least 18, have a diploma/HSE or five years of trade experience, have a valid driver's license, and be willing to join the union. A drug test, physical ability to do the work, and DD-214 if applicable are also required.","Construction and General Laborers, Local Union #633",(315) 471-1591,,,"Contact Construction and General Laborers, Local Union #633 at (315) 471-1591 for further information."
eastern-millwright-regional-council-apprenticeship-training-fund-millwright-apprentice,https://dol.ny.gov/news/eastern-millwright-regional-council-apprenticeship-training-fund,Eastern Millwright Regional Council Apprenticeship & Training Fund,Millwright Apprentice,15,Eastern Millwright Regional Council Joint Apprenticeship and Training Committee,Eastern Millwright Regional Council,"Capital District, Central, Finger Lakes, Mohawk Valley, North Country, Southern Tier, and Western regions of New York State","[""Capital District"", ""Central"", ""Finger Lakes"", ""Mohawk Valley"", ""North Country"", ""Southern Tier"", ""Western""]",2025-08-04,2026-08-03,2025-08-04,2026-08-03,"[""online_application""]","Apply online at local1163.com any day and any time during the recruitment period. Use the Join Us tab, and make sure your application is received by August 3, 2026.",https://local1163.com/,,,,,"Any day, any time during the recruitment period",,,,,Must be at least 18 years old; proof required at enrollment or bona fide offer of employment.,,"Must reside within the jurisdiction of Eastern Millwright Regional Council, which includes all New York State counties except Dutchess, Nassau, Orange, Putnam, Rockland, Suffolk, Westchester, Kings, Queens, Bronx, New York, and Richmond.","Must have reliable transportation to and from various jobsites and required classes at the approved school, and must have a valid driver’s license. Apprentice may be required to operate company vehicles.","Must pass a drug test after selection and prior to enrollment. Drug testing may be administered at any time during the program, and the sponsor pays for the test.",Must attend all related instruction classroom training as required to complete the apprenticeship program.,"[""Must be at least 18 years old; proof will be required at time of enrollment or bona fide offer of employment."", ""Must pass a drug test, at the expense of the sponsor, after selection and prior to enrollment in apprenticeship. Drug testing may be administered at any time during the program."", ""Must sign an affidavit indicating they are physically able to perform Millwright work, including climbing and working from heights, on scaffolds, in confined spaces and underground; lifting a minimum of 50 pounds; performing repetitive motions; using precision tools; working in inclement weather; and standing and stooping for prolonged periods of time."", ""Must have reliable transportation to and from various jobsites and required classes at the approved school."", ""Must have a valid driver’s license. Apprentice may be required to operate company vehicles."", ""Must be a U.S. citizen or legally able to work in the USA."", ""Must attend all related instruction classroom training as required to complete the apprenticeship program."", ""Must reside within the jurisdiction of Eastern Millwright Regional Council, which includes all counties in New York State except Dutchess, Nassau, Orange, Putnam, Rockland, Suffolk, Westchester, Kings, Queens, Bronx, New York, and Richmond."", ""Must provide a copy of DD-214, if applicable, at time of enrollment or bona fide offer of employment.""]","Applicants must be 18 or older, live within the council’s jurisdiction, have reliable transportation and a valid driver’s license, be legally eligible to work in the U.S., pass a drug test, and attend required classroom instruction.",Eastern Millwright Regional Council,(315) 277-7808,,,Contact Eastern Millwright Regional Council at (315) 277-7808 for further information.
eastern-new-york-laborers-training-center-skilled-construction-craft-laborer,https://dol.ny.gov/news/eastern-new-york-laborers-training-center,Eastern New York Laborers Training Center,Skilled Construction Craft Laborer,10,Joint Apprenticeship and Training Committee for the Eastern New York Laborers Training Center,Laborers International Union,"Albany area and Utica area, NY","[""Albany area"", ""Utica area""]",2026-06-19,2027-06-18,2026-06-19,2027-06-18,"[""in_person_application""]","Obtain and complete applications on-site. Albany-area applications are available the third Friday of each month from 7:00 a.m. to 9:00 a.m. at the Glenmont, Albany, and Schenectady locations listed; Utica-area applications are available the last Thursday of each month from 8:00 a.m. to 11:00 a.m. at the Whitesboro location. All applications must be received by June 18, 2027.",,,,"Eastern New York Laborers Training Center, 666 Wemple Road, Glenmont, NY 12077; Eastern Contractors Association, 6 Airline Drive, Albany, NY 12205; Laborers International Union, 348 Duanesburg Road, Schenectady, NY 12306; 10 Main Street, Suite 205, Whitesboro, NY 13492",,"Albany area: third Friday of each month, 7:00 a.m. to 9:00 a.m., excluding legal holidays. Utica area: last Thursday of each month, 8:00 a.m. to 11:00 a.m., excluding legal holidays.",,,,,Must be at least 17 years old.,,Must be a resident of New York State.,Must have a valid driver's license; apprentices may be required to operate company vehicles; must have reliable transportation to and from various job sites and required classes; must be able to work both day and evening shifts as needed.,Must take a physical examination and drug test at the sponsor’s expense after the offer of employment.,Must be able to travel to required classes at the approved school.,"[""Must be at least 17 years old."", ""Must take a physical examination and drug test at the sponsor’s expense after the offer of employment."", ""Must have a valid driver's license. Apprentices may be required to operate company vehicles."", ""Must be a resident of New York State."", ""Must have six months of construction experience."", ""Must be able to work both day and evening shifts, as needed."", ""Must have reliable means of transportation to and from various job sites and required classes at the approved school.""]","Applicants must be at least 17, live in New York State, have six months of construction experience, and have a valid driver's license with reliable transportation. Must be able to work day and evening shifts and pass a physical exam and drug test after an offer.",Eastern New York Laborers Training Center,(518) 426-0290,,,Call Eastern New York Laborers Training Center at (518) 426-0290 for more information.
eastern-new-york-laborers-training-center-skilled-construction-craft-laborer-apprentice,https://dol.ny.gov/news/eastern-new-york-laborers-training-center-3-27-2025,Eastern New York Laborers Training Center,Skilled Construction Craft Laborer Apprentice,10,Joint Apprenticeship and Training Committee for the Eastern New York Laborers Training Center,,"Albany and Utica areas, NY",[],2025-05-30,2026-05-29,2025-05-30,2026-05-29,"[""in_person_application""]","Applications must be completed on-site. Albany-area applications are available at several locations on the third Friday of each month, and Utica-area applications are available in Whitesboro on the last Thursday of each month. Applications must be received by May 29, 2026.",,,,"Eastern New York Laborers Training Center, 666 Wemple Road, Glenmont, NY 12077; Eastern Contractors Association, 6 Airline Drive, Albany, NY 12205; Laborers International Union, 348 Duanesburg Road, Schenectady, NY 12306; 10 Main Street, Suite 205, Whitesboro, NY 13492",,"Albany area: third Friday of each month, 7:00 a.m. to 9:00 a.m., excluding legal holidays. Utica area: last Thursday of each month, 8:00 a.m. to 11:00 a.m., excluding legal holidays.",,,,,Must be at least 17 years old.,,Must be a resident of New York State.,"Must have a valid driver's license, may be required to operate company vehicles, and must have reliable transportation to and from job sites and required classes.",Must take a physical examination and drug test at the sponsor's expense after an offer of employment.,Must be able to travel to required classes at the approved school.,"[""Must be at least 17 years old."", ""Must take physical examination and drug test at the sponsor’s expense after the offer of employment."", ""Must have a valid driver’s license. Apprentices may be required to operate company vehicles."", ""Must be a resident of New York State."", ""Must have six months of construction experience."", ""Must be able to work both day and evening shifts, as needed."", ""Must have reliable means of transportation to and from various job sites and required classes at the approved school.""]","Applicants must be at least 17, have six months of construction experience, a valid driver's license, reliable transportation, and be a New York State resident. A physical and drug test are required after an offer, and day/evening shifts and classes must be manageable.",Eastern New York Laborers Training Center,(518) 426-0290,,,Call Eastern New York Laborers Training Center at (518) 426-0290 for further information.
electricians-jac-binghamton-ibew-lu-325-electrician-apprentice,https://dol.ny.gov/news/electricians-jac-binghamton-ibew-lu-325,Electricians JAC Binghamton IBEW LU# 325,Electrician Apprentice,10,"Joint Apprenticeship and Training Committee for Electricians, Local Union #325",IBEW Local #325,"Binghamton, NY area and Local Union #325 jurisdiction",[],2025-08-01,2026-07-31,2025-08-01,2026-07-31,"[""online_application""]",Apply online at www.ibew325.net any time during the recruitment period. A $22 testing fee is required and must be mailed or hand delivered to the JATC; a fee waiver may be requested for financial need.,https://www.ibew325.net/,,,,"IBEW Local 325 JATC, 142 Corporate Drive, Binghamton, NY 13904",Any time during the recruitment period,,,22,"A $22.00 Electrical Trades Aptitude Test fee is required. Payment must be by check or money order payable to IBEW Local 325 JATC, and must be received by Local #325 two weeks prior to the test date. The fee may be waived with verifiable proof of financial need. Cash is accepted only if payment is made in person.",Must be at least 18 years old.,Must have a high school diploma or high school equivalency diploma such as GED or TASC.,"Must have been a resident for at least six months within the jurisdiction of Local Union #325, including Broome County; parts of Chenango, Delaware, Otsego, and Tioga counties as listed in the posting.","Must have reliable transportation to and from work and required classes, and must possess a valid New York State driver’s license. Apprentices may be required to operate company vehicles.",,Must attend required classes at the approved school.,"[""Must be at least 18 years old."", ""Must have a high school diploma or high school equivalency diploma (such as TASC or GED). Proof will be required after selection and prior to enrollment in apprenticeship."", ""Must be physically able to perform the work required as determined by a physician of the JATC’s choice, at the expense of the sponsor, after selection and prior to enrollment in apprenticeship."", ""Electrician work may include climbing and working from ladders, scaffolds, poles, or towers of various heights."", ""Electrician work may include crawling and working in confined spaces, such as attics, manholes, and crawlspaces."", ""Must be able to read, hear, and understand instructions and warnings."", ""Must be a resident, for at least six months, within the jurisdiction of Local Union #325, including Broome County; Chenango County townships of Afton, Bainbridge, Coventry, German, Greene, Guilford, Lincklaen, McDonough, North Norwich, Norwich, Otselic, Oxford, Pharslia, Pitcher, Plymouth, Preston, Smithville, and Smyrna; Delaware County townships of Davenport, Delhi, Deposit, Franklin, Hamden, Masonville, Meredith, Sidney, Tompkins, Walton, and that portion of Colchester and Hancock which lies north of the East Branch of the Delaware River; Otsego County townships of Butternuts, Harwick, Laurens, Maryland, Milford, Morris, Oneonta, Otego, Unadilla, and Westford; and Tioga County townships of Berkshire, Newark Valley, Owego, Richford, and Tioga."", ""Must have reliable transportation to and from work and required classes at the approved school."", ""Must possess a valid NYS driver’s license. Apprentices may be required to operate company vehicles."", ""Must provide DD-214, Certificate of Release or Discharge from Active Duty, if applicable, after selection and prior to enrollment in apprenticeship.""]","Applicants must be at least 18, have a high school diploma or equivalent, live in the Local 325 jurisdiction for at least six months, have reliable transportation, and hold a valid NYS driver’s license. They must also be physically able to do the work and attend required classes.",Local Union #325,(607) 729-6171,,,"For further information, contact Local Union #325 at (607) 729-6171."
electricians-jac-binghamton-ibew-lu-325-electrician-apprentice,https://dol.ny.gov/news/electricians-jac-binghamton-ibew-lu-325-1,Electricians JAC Binghamton IBEW LU# 325,Electrician Apprentice,15,"Joint Apprenticeship and Training Committee for Electricians, Local Union #325",IBEW Local Union #325,"Binghamton, NY area",[],2026-08-01,2027-07-31,2026-08-01,2027-07-31,"[""online_application""]","Apply online at www.ibew325.net during the recruitment period. Applicants must also pass the Electrical Trades Aptitude Test and pay a $22 testing fee, which may be mailed or hand-delivered to the JATC; fee waivers may be available for financial need.",http://www.ibew325.net,,,"IBEW Local 325 JATC, 142 Corporate Drive, Binghamton, NY 13904","IBEW Local 325 JATC, 142 Corporate Drive, Binghamton, NY 13904",,,,22,A $22.00 Electrical Trades Aptitude Test fee is required and must be received by Local #325 two weeks prior to the test date. Fee waivers may be approved with verifiable proof of financial need. Payment must be by check or money order payable to IBEW Local 325 JATC. Cash is accepted only if payment is made in person. Payments may be mailed or hand-delivered to the JATC address.,Must be at least 18 years old.,Must have a high school diploma or high school equivalency diploma such as TASC or GED. Proof is required after selection and before enrollment.,"Must have lived for at least six months within the jurisdiction of Local Union #325, including Broome County; parts of Chenango, Delaware, Otsego, and Tioga counties.","Must have reliable transportation to and from work and required classes at the approved school, and must possess a valid NYS driver’s license. Apprentices may be required to operate company vehicles.",,Must be able to attend required classes at the approved school.,"[""Must be at least 18 years old."", ""Must have a high school diploma or high school equivalency diploma such as TASC or GED. Proof will be required after selection and prior to enrollment in apprenticeship."", ""Must be physically able to perform the work required as determined by a physician of the JATC’s choice, at the expense of the sponsor, after selection and prior to enrollment in apprenticeship."", ""Electrician work may include climbing and working from ladders, scaffolds, poles, or towers of various heights."", ""Electrician work may include crawling and working in confined spaces, such as attics, manholes, and crawlspaces."", ""Must be able to read, hear, and understand instructions and warnings."", ""Must be a resident, for at least six months, within the jurisdiction of Local Union #325, including Broome County; Chenango County townships of Afton, Bainbridge, Coventry, German, Greene, Guilford, Lincklaen, McDonough, North Norwich, Norwich, Otselic, Oxford, Pharslia, Pitcher, Plymouth, Preston, Smithville, and Smyrna; Delaware County townships of Davenport, Delhi, Deposit, Franklin, Hamden, Masonville, Meredith, Sidney, Tompkins, Walton, and that portion of Colchester and Hancock which lies north of the East Branch of the Delaware River; Otsego County townships of Butternuts, Harwick, Laurens, Maryland, Milford, Morris, Oneonta, Otego, Unadilla, and Westford; and Tioga County townships of Berkshire, Newark Valley, Owego, Richford, and Tioga."", ""Must have reliable transportation to and from work and required classes at the approved school."", ""Must possess a valid NYS driver’s license. Apprentices may be required to operate company vehicles."", ""Must provide DD-214, Certificate of Release or Discharge from Active Duty, if applicable, after selection and prior to enrollment in apprenticeship."", ""Applicants must take and pass the Electrical Trades Aptitude Test with a score of at least 4 out of 9 to qualify for the interview."", ""A $22.00 testing fee is required and must be received by Local #325 two weeks prior to the day of the test. The fee may be waived upon showing verifiable proof of financial need. Payment must be by check or money order, payable to IBEW Local 325 JATC. Cash payments are accepted only if payment is made in person. Payments must be mailed or hand delivered to IBEW Local 325 JATC, 142 Corporate Drive, Binghamton, NY 13904.""]","Applicants must be at least 18, have a high school diploma or GED/TASC, live in the Local 325 jurisdiction for at least six months, have reliable transportation and a valid NYS driver’s license, and pass the aptitude test.",Local Union #325,(607) 729-6171,,,Call Local Union #325 for further information.
electricians-jac-buffalo-lu-41-0-electrician-housewire-or-residential,https://dol.ny.gov/news/electricians-jac-buffalo-lu-41-0,Electricians JAC Buffalo LU #41,Electrician (Housewire or Residential) Apprentice,4,"Joint Apprenticeship and Training Committee for Electricians, Local Union #41",Local Union #41,"Orchard Park, NY and Local Union #41 jurisdiction",[],2025-10-01,2026-09-30,2025-10-01,2026-09-30,"[""in_person_application"", ""mail_application""]","Pick up the application in person at Electricians LU #41 in Orchard Park on Wednesdays from 1:00 p.m. to 5:00 p.m. during the recruitment period, then mail the completed application within 30 days of pickup. All applications must be received by September 30, 2026.",,,,"Electricians LU #41, S. 3546 California Road, Orchard Park, NY","Recruitment, Electrical Industry Education Fund, S. 3546 California Road, Orchard Park, NY 14127","From 1:00 p.m. to 5:00 p.m. every Wednesday during the recruitment period, excluding November 26, 2025, December 24, 2025, and December 31, 2025.",,,,,Must be at least 18 years old.,"Must have a high school diploma or high school equivalency diploma, plus one full year of high school algebra or a post-high school algebra course. An associate degree or higher may be accepted in lieu of a high school diploma or equivalency. Applicants with at least 2,400 hours of substantiated electrical construction experience do not need to meet the education requirement.","Must live within the jurisdiction of Local Union #41, including all of Erie County; specified townships in Cattaraugus, Genesee, and Wyoming counties.","Must have reliable transportation to and from job sites and required classes, and must have a valid NYS driver’s license to operate company vehicles.",Must pass a drug test at the sponsor’s expense after selection and before enrollment.,Must be willing and able to attend required classes at the approved school.,"[""Must be at least 18 years old. Proof required after selection and prior to enrollment."", ""Must have a high school diploma or a high school equivalency diploma (such as TASC or GED). Must have successfully completed one full year of high school algebra or a post-high school algebra course. Proof required after selection and prior to enrollment."", ""An associate degree or higher will be accepted in lieu of a high school diploma or high school equivalency diploma."", ""Applicants with a minimum of 2,400 hours of substantiated experience in the electrical construction trade do not need to meet the education requirements above. Proof required after selection and prior to enrollment."", ""Must take and pass the Electrical Trades’ aptitude test."", ""Must attest in writing that they are physically and mentally able to safely perform the work of an Electrician, including climbing and working from ladders, scaffolds, poles, or towers of various heights, and crawling and working in confined spaces."", ""Must be able to read, hear, and understand verbal instructions and warnings given in English."", ""Must be willing and able to attend required classes at the approved school."", ""Must have reliable means of transportation to and from various job sites and required classes at the approved school."", ""Must have a valid NYS driver’s license in order to operate company vehicles. Proof required after selection and prior to enrollment."", ""Must pass a drug test, at the expense of the sponsor, after selection and prior to enrollment."", ""Must be a resident within the jurisdiction of Local Union #41. The jurisdiction includes all of Erie County; Cattaraugus County townships of Ashford, East Otto, Ellicottville, Farmersville, Franklinville, Freedom, Lyndon, Machias, Mansfield, New Albion, Otto, Perrysburg, Persia, and Yorkshire; Genesee County townships of Alabama, Alexander, Darien, Oakfield, and Pembroke, plus portions of Batavia and Elba west of Little Tonawanda Creek, Tonawanda Creek, the City limits of Batavia, and State Highway 98 north of the City of Batavia; and Wyoming County townships of Arcade, Attica, Bennington, Eagle, Java, Orangeville, Sheldon, and Wethersfield."", ""Must provide DD-214, Certificate of Release or Discharge from Active Duty, if applicable, after selection and prior to enrollment.""]","Applicants must be 18+, meet the education or experience requirement, pass an aptitude test, have reliable transportation and a valid NYS driver’s license, attend classes, pass a drug test, and live within Local Union #41’s jurisdiction.","Electricians, LU #41",(716) 662-6111,,,"For more information, contact Electricians, LU #41 at (716) 662-6111."
electricians-jac-buffalo-lu-41-0-electrician,https://dol.ny.gov/news/electricians-jac-buffalo-lu-41-0,Electricians JAC Buffalo LU #41,Electrician Apprentice,10,"Joint Apprenticeship and Training Committee for Electricians, Local Union #41",Local Union #41,"Orchard Park, NY and Local Union #41 jurisdiction",[],2025-10-01,2026-09-30,2025-10-01,2026-09-30,"[""in_person_application"", ""mail_application""]","Pick up the application in person at Electricians LU #41 in Orchard Park on Wednesdays from 1:00 p.m. to 5:00 p.m. during the recruitment period, then mail the completed application within 30 days of pickup. All applications must be received by September 30, 2026.",,,,"Electricians LU #41, S. 3546 California Road, Orchard Park, NY","Recruitment, Electrical Industry Education Fund, S. 3546 California Road, Orchard Park, NY 14127","From 1:00 p.m. to 5:00 p.m. every Wednesday during the recruitment period, excluding November 26, 2025, December 24, 2025, and December 31, 2025.",,,,,Must be at least 18 years old.,"Must have a high school diploma or high school equivalency diploma, plus one full year of high school algebra or a post-high school algebra course. An associate degree or higher may be accepted in lieu of a high school diploma or equivalency. Applicants with at least 4,000 hours of substantiated electrical construction experience do not need to meet the education requirement.","Must live within the jurisdiction of Local Union #41, including all of Erie County; specified townships in Cattaraugus, Genesee, and Wyoming counties.","Must have reliable transportation to and from job sites and required classes, and must have a valid NYS driver’s license to operate company vehicles.",Must pass a drug test at the sponsor’s expense after selection and before enrollment.,Must be willing and able to attend required classes at the approved school.,"[""Must be at least 18 years old. Proof required after selection and prior to enrollment."", ""Must have a high school diploma or a high school equivalency diploma (such as TASC or GED). Must have successfully completed one full year of high school algebra or a post-high school algebra course. Proof required after selection and prior to enrollment."", ""An associate degree or higher will be accepted in lieu of a high school diploma or high school equivalency diploma."", ""Applicants with a minimum of 4,000 hours of substantiated experience in the electrical construction trade do not need to meet the education requirements above. Proof required after selection and prior to enrollment."", ""Must take and pass the Electrical Trades’ aptitude test."", ""Must attest in writing that they are physically and mentally able to safely perform the work of an Electrician, including climbing and working from ladders, scaffolds, poles, or towers of various heights, and crawling and working in confined spaces."", ""Must be able to read, hear, and understand verbal instructions and warnings given in English."", ""Must be willing and able to attend required classes at the approved school."", ""Must have reliable means of transportation to and from various job sites and required classes at the approved school."", ""Must have a valid NYS driver’s license in order to operate company vehicles. Proof required after selection and prior to enrollment."", ""Must pass a drug test, at the expense of the sponsor, after selection and prior to enrollment."", ""Must be a resident within the jurisdiction of Local Union #41. The jurisdiction includes all of Erie County; Cattaraugus County townships of Ashford, East Otto, Ellicottville, Farmersville, Franklinville, Freedom, Lyndon, Machias, Mansfield, New Albion, Otto, Perrysburg, Persia, and Yorkshire; Genesee County townships of Alabama, Alexander, Darien, Oakfield, and Pembroke, plus portions of Batavia and Elba west of Little Tonawanda Creek, Tonawanda Creek, the City limits of Batavia, and State Highway 98 north of the City of Batavia; and Wyoming County townships of Arcade, Attica, Bennington, Eagle, Java, Orangeville, Sheldon, and Wethersfield."", ""Must provide DD-214, Certificate of Release or Discharge from Active Duty, if applicable, after selection and prior to enrollment.""]","Applicants must be 18+, meet the education or experience requirement, pass an aptitude test, have reliable transportation and a valid NYS driver’s license, attend classes, pass a drug test, and live within Local Union #41’s jurisdiction.","Electricians, LU #41",(716) 662-6111,,,"For more information, contact Electricians, LU #41 at (716) 662-6111."
electricians-jac-elmira-lu-139-0-electrician-apprentice,https://dol.ny.gov/news/electricians-jac-lu-139-0,Electricians JAC of Elmira LU #139,Electrician Apprentice,10,Electricians JAC of Elmira Local Union #139,Local Union #139,"Elmira, NY; Southern Tier and Western New York regions","[""Southern Tier"", ""Western""]",2026-01-09,2027-01-08,2026-01-09,2027-01-08,"[""in_person_application""]","Pick up and complete the application in person at Electricians JAC of Elmira Local Union #139 during the second Friday of each month, 8:30 a.m. to 3:30 p.m.; applications must be completed on-site and received by January 8, 2027.",,,,"Electricians JAC of Elmira Local Union #139, 415 West Second Street, Elmira, NY 14901",,"8:30 a.m. to 3:30 p.m. on the second Friday of each month, excluding legal holidays, during the recruitment period.",,The posting states that 10-14 openings are available for apprentices across the Southern Tier and Western recruitment regions.,,,Must be at least 17 years old at the time of application; applicants selected for hire must be at least 18 years old.,Must have a high school diploma or high school equivalency diploma (such as TASC or GED) and one year of high school algebra or one post-high school algebra course with a passing grade.,"Must have lived for at least six months within the Local Union #139 jurisdiction: all of Chemung and Steuben Counties; in Allegany County, the listed townships and portions east of the Genesee River; in Schuyler County, the townships of Dix, Montour, Orange, Reading, and Tyrone; and in Tioga County, the townships of Barton and Nichols.",Must have a valid NYS driver's license to operate company vehicles and reliable transportation to and from job sites and required classes at the approved school.,"Must pass a physical exam and drug test, at the sponsor's expense, after selection and before enrollment.",Must be able to attend required classes at the approved school.,"[""Must be at least 17 years old at the time of application. Applicants selected for hire must be at least 18 years old."", ""Must have a high school diploma or a high school equivalency diploma (such as TASC or GED) with completion of one year of high school algebra or one post-high school algebra course with a passing grade."", ""Must provide an official transcript for high school and post-high school education, and evidence of completion of algebra, after selection and prior to enrollment in apprenticeship."", ""Must pass a physical exam and a drug test, at the expense of the sponsor, after selection and prior to enrollment in apprenticeship."", ""Must attest that they are physically able to perform the work of the trade, including climbing and working from ladders, scaffolds, poles, and towers of various heights; crawling and working in confined spaces such as attics, manholes, and crawlspaces; lifting a minimum of 50 pounds; and working outdoors year-round in all weather conditions."", ""Must reside, for at least six months, within the geographic jurisdiction of Local Union #139: all of Chemung County; all of Steuben County; in Allegany County, the townships of Allen, Almond, Alfred, Andover, Birdsall, Burns, Granger, Grove, Hume, Independence, Ward, Wellsville, West Almond, and Willing, plus portions of Amity, Angelica, Belfast, Caneadea, and Scio townships east of the Genesee River; in Schuyler County, the townships of Dix, Montour, Orange, Reading, and Tyrone; and in Tioga County, the townships of Barton and Nichols."", ""Must have a valid NYS driver's license in order to operate company vehicles."", ""Must have reliable means of transportation to and from various job sites and required classes at the approved school."", ""Must qualify for an interview based on the Electrical trade aptitude test by scoring 4 or higher out of a total score of 9."", ""Must be able to hear and understand verbal instructions and warnings given in English."", ""Must provide DD-214, if applicable, after selection and prior to enrollment in apprenticeship, to verify military training and/or experience to receive consideration for such training and/or experience.""]","Applicants must be at least 17, have a high school diploma/HSE with algebra, live within the union jurisdiction for at least six months, have a valid NYS driver's license and reliable transportation, pass a physical and drug test, meet the aptitude test threshold, and be able to perform and understand the work safely.",Electricians JAC of Elmira Local Union #139,(607) 732-1237,,,Contact Electricians JAC of Elmira Local Union #139 at (607) 732-1237 for further information.
electricians-jac-ithaca-241-0-electrician-apprentice,https://dol.ny.gov/news/electricians-jac-ithaca-241-0,Electricians JAC of Ithaca #241,Electrician Apprentice,12,"Electricians Joint Apprenticeship and Training Committee of Ithaca, Local Union #241",Local Union #241,"Ithaca, NY area; openings cover the Central, Finger Lakes, and Southern Tier regions","[""Central"", ""Finger Lakes"", ""Southern Tier""]",2026-04-01,2027-03-31,2026-04-01,2027-03-31,"[""in_person_application""]","Pick up applications at Local Union #241 in Ithaca during posted office hours and return them so they are received by March 31, 2027.",,,,"Local Union #241, 134 Cecil A. Malone Drive, Ithaca, NY 14850",,"9:00 a.m. to 2:00 p.m., Monday through Friday, excluding legal holidays, during the recruitment period",,,,,Must be at least 18 years old.,Must have a high school diploma or high school equivalency diploma (such as TASC or GED) with one year of Elementary Algebra or Math I. An academic transcript will be required after acceptance into the program.,"Must have been employed or be a resident of Local #241 jurisdiction for 1 year before recruitment. The jurisdiction includes Cayuga, Schuyler, Seneca, Tioga, and Tompkins counties, plus all of Tompkins County except Groton Township; Genoa Township in Cayuga County; Catherine, Cayuta, and Hector townships in Schuyler County; Covert and Lodi townships in Seneca County; and Candor and Spencer townships in Tioga County.","Must have reliable transportation and be willing to commute to any jobsite within the union’s geographic area, and must have reliable transportation to attend all related classroom training.","Must pass a drug/alcohol screening, at the expense of the sponsor, after acceptance into the program.","Must have reliable transportation to attend all related classroom training, as required.","[""Must be at least 18 years old."", ""Must have a high school diploma or a high school equivalency diploma (such as TASC or GED) with one year of Elementary Algebra or Math I."", ""An academic transcript will be required after acceptance into the program."", ""Must be physically able to perform the work required, as determined by a physical exam, at the expense of the sponsor, after acceptance into the program."", ""Must pass a drug/alcohol screening, at the expense of the sponsor, after acceptance into the program."", ""Must be able to climb and work from ladders, scaffolds, poles, or towers of various lengths and heights."", ""Must be willing and able to commute to any jobsite within the geographical jurisdiction of Local #241."", ""The jurisdiction includes all of Tompkins County except Groton Township; Genoa Township in Cayuga County; Catherine, Cayuta, and Hector townships in Schuyler County; Covert and Lodi townships in Seneca County; and Candor and Spencer townships in Tioga County."", ""Must have reliable transportation to and be willing to commute to any job site within the union’s geographic area."", ""Must have been employed or be a resident of Local #241 jurisdiction for 1 year prior to recruitment."", ""The jurisdiction is the counties of Cayuga, Schuyler, Seneca, Tioga and Tompkins."", ""Must have reliable transportation to attend all related classroom training, as required.""]","Applicants must be at least 18, have a high school diploma or equivalency with Algebra/Math I, meet residency/jurisdiction rules, and be able to commute with reliable transportation. Physical ability, ladder work, drug screening, and classroom training attendance are also required.",Electricians JAC Ithaca Local #241,(607) 272-2809,,,Contact Electricians JAC Ithaca Local #241 at (607) 272-2809 for further information.
electricians-jac-watertown-local-910-electrician-apprentice,https://dol.ny.gov/news/electricians-jac-watertown-local-910-0,Electricians JAC Watertown Local # 910,Electrician Apprentice,20,"Joint Apprenticeship and Training Committee (JATC) for Electricians of Watertown, Local Union #910",Local Union #910,"Watertown and Plattsburgh, NY",[],2026-05-15,2027-04-14,2026-05-15,2027-02-28,"[""online_application"", ""in_person_application""]","Apply online at ibew910.org/ejatc/ or apply in person at the Watertown or Plattsburgh application locations during the recruitment period. Upload a high school transcript and current resume with the online application, and bring a current resume when applying in person.",http://ibew910.org/ejatc/,,,"Electricians JATC of Watertown, Local Union #910, 25001 Water Street, Watertown, NY 13601; or 28 New York Road, Plattsburgh, NY",,"Watertown: 10:00 a.m. to 3:00 p.m. Plattsburgh: 8:00 a.m. to 11:00 a.m. on the first Monday of each month during the recruitment period, excluding legal holidays; if the first Monday is a legal holiday, applications are accepted on the second Monday.",,,,,Must be at least 18 years old.,"Must have a high school diploma or high school equivalency diploma (such as TASC or GED), plus two full years of high school math, including Algebra or post-high school algebra, unless qualifying trade-related experience is verified.",,Must have reliable transportation to and from various work sites and required classes at the approved school; proof is required after an offer of employment.,"Must pass a physical exam, including a drug screening, at the sponsor’s expense after selection and before enrollment.",Must attend required classes at the approved school.,"[""Must upload a copy of the high school transcript and current resume with the online application."", ""Must bring a current resume at the time of application."", ""Must be at least 18 years old."", ""Must have a high school diploma or high school equivalency diploma (such as TASC or GED)."", ""Must have successfully completed two full years of high school math, one of which must be Algebra or a post-high school algebra course, unless qualifying trade-related experience is verified."", ""Qualifying trade-related experience may substitute for the education proof: 8,000 hours in the electrical construction trade; or 4,500 hours as a residential wireman under an IBEW/NECA Local collective bargaining agreement; or three years of required classes at the approved school and 4,500 hours of on-the-job training as an enrolled apprentice in a NYS Registered electrical construction apprenticeship program not sponsored by IBEW/NECA."", ""Must pass a physical exam, including a drug screening, at the sponsor’s expense, after selection and prior to enrollment in apprenticeship."", ""Must attest in writing that they are physically able to perform the work of an Electrician, including climbing and working from ladders, scaffolds, poles, or towers of various heights, and crawling and working in confined spaces."", ""Must be able to read, hear, and understand verbal instructions and warnings in English."", ""Must have reliable transportation to and from various work sites and required classes at the approved school; proof will be required after an offer of employment."", ""Must pass the Electrical trade aptitude test and bring a picture ID for admission to the test."", ""Must be legally eligible to work in the USA."", ""Must provide DD-214, Certificate of Release or Discharge from Active Duty, if applicable, after selection and prior to enrollment in apprenticeship.""]","Applicants must be at least 18, have a high school diploma or HSE plus required math unless trade experience is verified, pass an aptitude test and physical/drug screening, and have reliable transportation to work sites and classes.","Electricians JATC of Watertown, Local Union #910",(315) 782-1675,,http://ibew910.org/ejatc/,"Electricians JATC of Watertown, Local Union #910, (315) 782-1675."
elevator-constructors-local-1-jac-elevator-escalator-constructor-modernizer-apprentice,https://dol.ny.gov/news/elevator-constructors-local-1-jac,Elevator Constructors Local #1 JAC,Elevator-Escalator Constructor and Modernizer Apprentice,50,"Joint Apprenticeship and Training Committee for The International Union of Elevator Constructors, Local Union #1","International Union of Elevator Constructors, Local Union #1",Long Island City / New York City area,[],2026-06-08,2026-06-19,2026-06-08,2026-07-03,"[""online_application"", ""email_application""]","Request an application online at www.neieprecruitment.org, then complete the emailed application and submit it by July 3, 2026 at 5:00 p.m.",https://www.neieprecruitment.org,,,,,"Online recruitment opens June 8, 2026 at 10:00 a.m. and ends June 19, 2026 at 5:00 p.m. Applications must be submitted by July 3, 2026 at 5:00 p.m.",2500,"Limited-application recruitment. Recruitment will stop when 2,500 applications have been submitted, whichever comes first.",25,"A $25 application fee is required. Payment accepted by postal money order, debit card, or credit card. No cash or personal checks. Fee waivers may be requested with verifiable proof of financial need.",Must be at least 18 years old.,Must have a high school diploma or a high school equivalency diploma such as TASC or GED.,,Must have reliable transportation to and from job sites and required classes at the approved school.,"Must pass a drug screening after selection and before enrollment, at the sponsor's expense.",,"[""Must be at least 18 years old."", ""Must have a high school diploma or a high school equivalency diploma such as TASC or GED."", ""Must pass the Elevator Industry Aptitude Test with a score of at least 70 out of 100."", ""Must present a government-issued photo ID at the time of the aptitude test."", ""Must pay a $25 application fee, unless a waiver is approved with verifiable proof of financial need."", ""Fee payment may be made by postal money order, debit card, or credit card; no cash or personal checks accepted."", ""Must pass a drug screening after selection and before enrollment, at the sponsor's expense."", ""Must pass a post-offer physical administered by a physician, at the sponsor's expense."", ""Must take a tool assessment test covering basic tools, their use, and basic measuring skills."", ""Must have reliable transportation to and from job sites and required classes at the approved school."", ""Must be physically able to perform the work of an Elevator-Escalator Constructor and Modernizer, including working around chemicals, lubricants, solvents, asbestos, and silica; using required PPE; performing repetitive stooping, crouching, bending, and heavy lifting up to 100 pounds; climbing and working on scaffolds, stairs, ladders, and in elevator machine rooms, overhead spaces, and confined spaces; standing or walking most of the time; reading small markings on electrical conductors and machines; working in noisy, dark, dusty, dirty, hot, and cold conditions; and communicating orally in loud work environments.""]","Applicants must be 18 or older, have a high school diploma or equivalent, pass aptitude and tool tests, and be able to meet physical, transportation, and post-selection screening requirements.",Elevator Constructors Local 1,(718) 707-9450,,https://localoneiuec.com/,"For further information, contact Elevator Constructors Local 1 at (718) 707-9450."
engineers-jtf-local-832-dba-upstate-engineers-158-0-operating-engineer-heavy-equipment-apprentice,https://dol.ny.gov/news/engineers-jtf-local-832-dba-upstate-engineers-158-0,Engineers JTF Local #832 DBA Upstate Engineers 158,Operating Engineer (Heavy Equipment) Apprentice,2,IUOE LU 158 Training Fund District # 832,Local Union #832,"Finger Lakes, Southern Tier, and Western New York","[""Finger Lakes"", ""Southern Tier"", ""Western""]",2026-05-26,2026-06-08,2026-05-26,2026-06-08,"[""in_person_application""]","Apply in person at Upstate NY Engineers TF, 3174 Brighton-Henrietta Town Line Road, Rochester, NY 14623, Monday through Friday from 8:00 a.m. to 3:30 p.m. during the recruitment period. Only 25 applications will be distributed, first come first served.",,,,"Upstate NY Engineers TF, 3174 Brighton-Henrietta Town Line Road, Rochester, NY 14623",,"Monday through Friday, 8:00 a.m. to 3:30 p.m., excluding Saturdays and Sundays, during the recruitment period.",25,"Limited-application recruitment. Only 25 applications will be distributed on a first-come, first-served basis. Recruitment will run for 10 business days or until 25 applications have been issued, whichever comes first. Applications must be received no later than June 8, 2026.",,,Must be at least 18 years old.,Must have a high school diploma or high school equivalency diploma such as GED or TASC.,"Must reside within the jurisdiction of Local Union #832, including Allegany, Chemung, Livingston, Monroe, Ontario, Schuyler, Steuben, Wayne, and Yates counties, plus the eastern part of Genesee County including the City of Batavia.",Must have a valid driver's license to operate company vehicles and reliable transportation to and from various work sites and required classes at the approved school.,"Must pass a drug/alcohol screening after selection and prior to enrollment, at the sponsor's expense. Apprentices may be subject to random drug testing at any time during apprenticeship.",Must be able to attend required classes at the approved school.,"[""Must be at least 18 years old."", ""Must have a high school diploma or a high school equivalency diploma such as GED or TASC."", ""Must have a minimum of one year of trade-related experience, or have successfully completed a construction-related pre-apprenticeship, or have successfully completed a construction-related training program."", ""Must be able to read, hear, and understand verbal instructions and warnings given in English."", ""Must sign an affidavit stating that they are physically able to perform the work of an Operating Engineer (Heavy Equipment), including lifting heavy objects, working in confined spaces, operating hazardous machinery, working in extremely dusty conditions, working in extremely hot, cold, and damp weather, working over water, working from heights, and being exposed to loud noises and/or respiratory irritants."", ""Must pass a drug/alcohol screening after selection and prior to enrollment, at the sponsor's expense."", ""Apprentices may be subject to random drug testing at any time during their apprenticeship."", ""Must reside within the jurisdiction of Local Union #832, including Allegany, Chemung, Livingston, Monroe, Ontario, Schuyler, Steuben, Wayne, and Yates counties, plus the eastern part of Genesee County including the City of Batavia."", ""Must possess a valid driver's license in order to operate company vehicles."", ""Must have reliable transportation to and from various work sites and required classes at the approved school.""]","Applicants must be 18+, have a high school diploma or equivalent, and either one year of trade-related experience or related pre-apprenticeship/training. They must live in the Local Union #832 jurisdiction, have a valid driver's license, reliable transportation, and be able to pass drug screening.",IUOE LU 158 Training Fund District # 832,(315) 299-6104,,,"For more information, contact IUOE LU 158 Training Fund District # 832 at (315) 299-6104."
finishing-trades-institute-of-new-york-painter-and-decorator-structural-steel-bridges-apprentice,https://dol.ny.gov/news/finishing-trades-institute-new-york-5,Finishing Trades Institute of New York,Painter and Decorator (Structural Steel-Bridges) Apprentice,80,Finishing Trades Institute of New York,,"Long Island City, NY",[],2026-03-30,2026-04-10,2026-03-30,2026-04-10,"[""in_person_application""]","Apply in person at Finishing Trades Institute of New York, 45-15 36th Street, Long Island City, during posted business hours. This is a limited recruitment with 800 applications distributed first come, first served.",,,,"Finishing Trades Institute of New York, 45-15 36th Street, Long Island City, NY 11101",,"9:00 a.m. to 3:30 p.m., Monday through Friday; extended until 5:00 p.m. on Wednesdays, April 1 and April 8.",800,"Limited-application recruitment. Only 800 applications will be distributed on a first-come, first-served basis. Recruitment runs for 10 business days or until 800 applications have been issued, whichever comes first.",,,Must be at least 18 years old.,Must have a high school diploma or a high school equivalency diploma such as GED or TASC. Proof is required at enrollment.,,,"Must take a drug test before enrollment and randomly during apprenticeship, at the sponsor's expense.",A mandatory orientation will provide more information about the job requirements.,"[""Must be at least 18 years old."", ""Must have a high school diploma or a high school equivalency diploma (such as GED or TASC). Proof of high school diploma or equivalent will be required at the time of enrollment in apprenticeship."", ""Must be able to pass a physical examination, at the expense of sponsor, after selection and prior to enrollment in apprenticeship."", ""Must be physically able to perform the work of a painter and decorator (Structural Steel-Bridges) as determined by site evaluations and personal statement. More information will be provided during a mandatory orientation."", ""Must take a drug test prior to enrollment and random throughout in apprenticeship, at the expense of sponsor."", ""Must be able to read, hear, and understand instructions and warnings in English."", ""Must sign an affidavit stating that they are physically able to perform the work of a Painter and Decorator (Structural Steel-Bridges), including lifting and carrying material and equipment up to 70 pounds and working from ladders, scaffolds, lifts, and suspended scaffolds.""]","Applicants must be at least 18, have a high school diploma or equivalent, pass a physical, pass drug testing, understand English, and sign an affidavit confirming they can do the work.",Finishing Trades Institute of New York,(718) 937-7440,,,"For further information, contact Finishing Trades Institute of New York at (718) 937-7440."
finishing-trades-institute-of-new-york-painter-decorator-paperhanger-apprentice,https://dol.ny.gov/news/finishing-trades-institute-new-york-6,Finishing Trades Institute of New York,"Painter, Decorator, and Paperhanger Apprentice",75,Finishing Trades Institute of New York,,"Long Island City, NY area",[],2026-05-08,2026-05-21,2026-05-08,2026-05-21,"[""in_person_application""]","Apply in person only at Finishing Trades Institute of New York, 45-15 36th Street, Long Island City, NY, during the recruitment period, Monday through Friday from 9:00 a.m. to 3:30 p.m.",,,,"Finishing Trades Institute of New York, 45-15 36th Street, Long Island City, NY 11101",,"9:00 a.m. to 3:30 p.m., Monday through Friday, during the recruitment period",750,"Limited-application recruitment. Only 750 applications will be distributed on a first-come, first-served basis. Recruitment runs for 10 business days or until 750 applications have been issued, whichever comes first.",,,Must be at least 18 years old.,Must have a high school diploma or high school equivalency diploma such as GED or TASC. Proof will be required at the time of enrollment in apprenticeship.,,,"Must take a drug test prior to enrollment in apprenticeship, at the sponsor's expense.",Must attend a mandatory orientation.,"[""Must be at least 18 years old."", ""Must have a high school diploma or a high school equivalency diploma such as GED or TASC."", ""Proof of high school diploma or equivalent will be required at the time of enrollment in apprenticeship."", ""Must be physically able to perform the work of a painter, decorator, paperhanger as determined by site evaluations and a personal statement."", ""More information about the physical ability evaluation will be provided during a mandatory orientation."", ""Must take a drug test prior to enrollment in apprenticeship, at the expense of the sponsor."", ""Must be able to read, hear, and understand instructions and warnings in English."", ""Must sign an affidavit attesting to lifting and carrying material and equipment up to 70 pounds."", ""Must sign an affidavit attesting to working from ladders, scaffolds, lifts, and suspended scaffolds.""]","Applicants must be 18 or older, have a high school diploma or equivalent, pass physical ability screening, take a sponsor-paid drug test, understand English instructions and warnings, and sign lifting and ladder/scaffold affidavits.",Finishing Trades Institute of New York,(718) 937-7440,,,Contact Finishing Trades Institute of New York at (718) 937-7440 for further information.
finishing-trades-institute-new-york-7-metal-refinisher-apprentice,https://dol.ny.gov/news/finishing-trades-institute-new-york-7,Finishing Trades Institute of New York,Metal Refinisher Apprentice,50,Finishing Trades Institute of New York,,New York City and Long Island regions,"[""New York City"", ""Long Island""]",2026-05-29,2026-06-11,2026-05-29,2026-06-11,"[""in_person_application"", ""information_session_required""]","Pick up applications in person only at the Finishing Trades Institute of New York during the recruitment period. Attendance at a mandatory orientation is required, and only 500 applications will be issued on a first-come, first-served basis.",,,,"Finishing Trades Institute of New York, 45-15 36th Street, Long Island City, NY 11101",,"9:00 a.m. to 3:00 p.m., Monday through Friday, during the recruitment period",500,"Limited-application recruitment. Only 500 applications will be distributed on a first-come, first-served basis. Recruitment will continue through the posting period or until 500 applications have been issued, whichever comes first.",,,Must be at least 18 years old.,"Must have a high school diploma or a high school equivalency diploma, such as TASC or GED. Proof is required at the time of enrollment in apprenticeship.",,,Must take and pass a drug test after selection and randomly throughout the apprenticeship. The sponsor pays the cost of the drug test.,Must attend a mandatory orientation that includes a site evaluation and completing a personal statement provided during orientation.,"[""Must be at least 18 years old."", ""Must have a high school diploma or a high school equivalency diploma such as TASC or GED. Proof will be required at the time of enrollment in apprenticeship."", ""Must attend a mandatory orientation, which includes a site evaluation and completing a personal statement provided during orientation."", ""Must sign an affidavit attesting that they are physically able to perform the work of a Metal Refinisher, including lifting and carrying material and equipment up to 70 pounds and working from ladders, scaffolds, lifts, and suspended scaffolds."", ""Must be able to read, hear, and understand instructions and warnings in English."", ""Must take and pass a drug test, at the expense of the sponsor, after selection and randomly throughout the apprenticeship.""]","Applicants must be at least 18, have a high school diploma or equivalency, attend a mandatory orientation, be able to perform the physical work and understand English instructions, and pass drug testing.",Finishing Trades Institute of New York,(718) 937-7440,,,"For further information, contact the Finishing Trades Institute of New York at (718) 937-7440."
finishing-trades-institute-western-central-new-york-oswego-painter-decorator-paperhanger-apprentice,https://dol.ny.gov/news/finishing-trades-institute-western-central-new-york-oswego,Finishing Trades institute of Western & Central New York (Oswego),"Painter, Decorator & Paperhanger Apprentice",3,Finishing Trades Institute of Western and Central New York,,"Central and North Country regions, based in Oswego, NY","[""Central"", ""North Country""]",2026-01-05,2027-01-04,2026-01-05,2027-01-04,"[""online_application""]","Apply online at dc4.org/apply during the recruitment period. Applications must be received by midnight on January 4, 2027.",https://www.dc4.org/apply/,,(716) 565-0112,,,"For application assistance, Monday through Friday, 8:00 a.m. to 4:30 p.m.",,,,,Must be at least 17 years old.,,,"Must have reliable transportation to and from work and required classes; public transportation is limited and may not be available. Must be willing to travel within the sponsor's local jurisdiction, which may exceed 50 miles.",,"Must be willing and able to attend all required classes at the approved school, including possible overnight stays for related classroom instruction.","[""Must be at least 17 years old."", ""Must attest in writing that they are physically capable of performing the work of the trade, including climbing and working from ladders and scaffolds of various lengths and heights; crawling and working in confined spaces; and lifting and carrying a minimum of 50 pounds unassisted."", ""Must be willing to work overtime, during any work shift, and weekends and holidays."", ""Must have reliable transportation to and from work and required classes at the approved school; public transportation is limited and may not be available."", ""Must be willing to travel within the sponsor's local jurisdiction, which may exceed 50 miles."", ""Must be willing and able to attend all classes required to complete the apprenticeship; this may require overnight stays for approved related classroom instruction."", ""Must be willing and able to take orders from supervisors, foreman, and journeyworkers."", ""Must be able to read, hear, and understand verbal instructions and warnings given in English.""]","Applicants must be at least 17, able to perform physically demanding trade work, have reliable transportation, and be willing to travel, work varied schedules, and attend all required classes.",Finishing Trades Institute of Western and Central New York,(716) 565-0112,,,"For more information or help with the online application, contact the Finishing Trades Institute of Western and Central New York at (716) 565-0112."
finishing-trades-institute-western-central-ny-buffalo-dry-wall-taper-finisher-apprentice,https://dol.ny.gov/news/finishing-trades-institute-western-central-ny-buffalo,Finishing Trades Institute of Western-Central NY (Buffalo),Dry Wall Taper (Finisher) Apprentice,10,Finishing Trades Institute of Western and Central New York (Buffalo),,"Western and Central New York; recruitment covers the Finger Lakes, Southern Tier, and Western regions","[""Finger Lakes"", ""Southern Tier"", ""Western""]",2026-01-05,2027-01-04,2026-01-05,2027-01-04,"[""online_application""]","Apply online at dc4.org/apply during the recruitment period. Applications must be received by midnight on January 4, 2027.",https://www.dc4.org/apply/,,(716) 565-0112,,,"Assistance with the online application is available Monday through Friday, 8:00 a.m. to 4:30 p.m.",,,,,Must be at least 17 years old.,,,"Must have reliable transportation to and from work and required classes; public transportation is limited and may not be available. Must be willing to travel within the sponsor's local jurisdiction, which may exceed 50 miles.",,"Must be willing and able to attend all classes required to complete the apprenticeship, which may include overnight stays for approved related classroom instruction.","[""Must be at least 17 years old."", ""Must attest in writing that they are physically capable of performing the work of the trade, including climbing and working from ladders and scaffolds of various lengths and heights, crawling and working in confined spaces, and lifting and carrying a minimum of 50 pounds unassisted."", ""Must be willing to work overtime, during any work shift, and weekends and holidays."", ""Must have reliable transportation to and from work and required classes at the approved school; public transportation is limited and may not be available."", ""Must be willing to travel within the Local Jurisdiction of the sponsor, which may exceed 50 miles."", ""Must be willing and able to attend all classes, as required to complete the apprenticeship; this may require overnight stays for approved related classroom instruction."", ""Must be willing and able to take orders from Supervisors, Foreman, and Journeyworkers."", ""Must be able to read, hear and understand verbal instructions and warnings given in English.""]","Applicants must be 17 or older, physically able to do the work, and able to travel, attend classes, and work flexible hours with reliable transportation.",Finishing Trades Institute of Western and Central New York,(716) 565-0112,,,"Finishing Trades Institute of Western and Central New York, (716) 565-0112, weekdays 8:00 a.m. to 4:30 p.m."
finishing-trades-institute-western-central-ny-buffalo-glazier-apprentice,https://dol.ny.gov/news/finishing-trades-institute-western-central-ny-buffalo,Finishing Trades Institute of Western-Central NY (Buffalo),Glazier Apprentice,12,Finishing Trades Institute of Western and Central New York (Buffalo),,"Western and Central New York; recruitment covers the Finger Lakes, Southern Tier, and Western regions","[""Finger Lakes"", ""Southern Tier"", ""Western""]",2026-01-05,2027-01-04,2026-01-05,2027-01-04,"[""online_application""]","Apply online at dc4.org/apply during the recruitment period. Applications must be received by midnight on January 4, 2027.",https://www.dc4.org/apply/,,(716) 565-0112,,,"Assistance with the online application is available Monday through Friday, 8:00 a.m. to 4:30 p.m.",,,,,Must be at least 17 years old.,,,"Must have reliable transportation to and from work and required classes; public transportation is limited and may not be available. Must be willing to travel within the sponsor's local jurisdiction, which may exceed 50 miles.",,"Must be willing and able to attend all classes required to complete the apprenticeship, which may include overnight stays for approved related classroom instruction.","[""Must be at least 17 years old."", ""Must attest in writing that they are physically capable of performing the work of the trade, including climbing and working from ladders and scaffolds of various lengths and heights, crawling and working in confined spaces, and lifting and carrying a minimum of 50 pounds unassisted."", ""Must be willing to work overtime, during any work shift, and weekends and holidays."", ""Must have reliable transportation to and from work and required classes at the approved school; public transportation is limited and may not be available."", ""Must be willing to travel within the Local Jurisdiction of the sponsor, which may exceed 50 miles."", ""Must be willing and able to attend all classes, as required to complete the apprenticeship; this may require overnight stays for approved related classroom instruction."", ""Must be willing and able to take orders from Supervisors, Foreman, and Journeyworkers."", ""Must be able to read, hear and understand verbal instructions and warnings given in English.""]","Applicants must be 17 or older, physically able to do the work, and able to travel, attend classes, and work flexible hours with reliable transportation.",Finishing Trades Institute of Western and Central New York,(716) 565-0112,,,"Finishing Trades Institute of Western and Central New York, (716) 565-0112, weekdays 8:00 a.m. to 4:30 p.m."
finishing-trades-institute-western-central-ny-buffalo-painter-decorator-paperhanger-apprentice,https://dol.ny.gov/news/finishing-trades-institute-western-central-ny-buffalo,Finishing Trades Institute of Western-Central NY (Buffalo),"Painter, Decorator & Paperhanger Apprentice",10,Finishing Trades Institute of Western and Central New York (Buffalo),,"Western and Central New York; recruitment covers the Finger Lakes, Southern Tier, and Western regions","[""Finger Lakes"", ""Southern Tier"", ""Western""]",2026-01-05,2027-01-04,2026-01-05,2027-01-04,"[""online_application""]","Apply online at dc4.org/apply during the recruitment period. Applications must be received by midnight on January 4, 2027.",https://www.dc4.org/apply/,,(716) 565-0112,,,"Assistance with the online application is available Monday through Friday, 8:00 a.m. to 4:30 p.m.",,,,,Must be at least 17 years old.,,,"Must have reliable transportation to and from work and required classes; public transportation is limited and may not be available. Must be willing to travel within the sponsor's local jurisdiction, which may exceed 50 miles.",,"Must be willing and able to attend all classes required to complete the apprenticeship, which may include overnight stays for approved related classroom instruction.","[""Must be at least 17 years old."", ""Must attest in writing that they are physically capable of performing the work of the trade, including climbing and working from ladders and scaffolds of various lengths and heights, crawling and working in confined spaces, and lifting and carrying a minimum of 50 pounds unassisted."", ""Must be willing to work overtime, during any work shift, and weekends and holidays."", ""Must have reliable transportation to and from work and required classes at the approved school; public transportation is limited and may not be available."", ""Must be willing to travel within the Local Jurisdiction of the sponsor, which may exceed 50 miles."", ""Must be willing and able to attend all classes, as required to complete the apprenticeship; this may require overnight stays for approved related classroom instruction."", ""Must be willing and able to take orders from Supervisors, Foreman, and Journeyworkers."", ""Must be able to read, hear and understand verbal instructions and warnings given in English.""]","Applicants must be 17 or older, physically able to do the work, and able to travel, attend classes, and work flexible hours with reliable transportation.",Finishing Trades Institute of Western and Central New York,(716) 565-0112,,,"Finishing Trades Institute of Western and Central New York, (716) 565-0112, weekdays 8:00 a.m. to 4:30 p.m."
finishing-trades-institute-western-central-ny-buffalo-painter-decorator-structural-steel-bridges-apprentice,https://dol.ny.gov/news/finishing-trades-institute-western-central-ny-buffalo,Finishing Trades Institute of Western-Central NY (Buffalo),Painter and Decorator (Structural Steel & Bridges) Apprentice,12,Finishing Trades Institute of Western and Central New York (Buffalo),,"Western and Central New York; recruitment covers the Finger Lakes, Southern Tier, and Western regions","[""Finger Lakes"", ""Southern Tier"", ""Western""]",2026-01-05,2027-01-04,2026-01-05,2027-01-04,"[""online_application""]","Apply online at dc4.org/apply during the recruitment period. Applications must be received by midnight on January 4, 2027.",https://www.dc4.org/apply/,,(716) 565-0112,,,"Assistance with the online application is available Monday through Friday, 8:00 a.m. to 4:30 p.m.",,,,,Must be at least 17 years old.,,,"Must have reliable transportation to and from work and required classes; public transportation is limited and may not be available. Must be willing to travel within the sponsor's local jurisdiction, which may exceed 50 miles.",,"Must be willing and able to attend all classes required to complete the apprenticeship, which may include overnight stays for approved related classroom instruction.","[""Must be at least 17 years old."", ""Must attest in writing that they are physically capable of performing the work of the trade, including climbing and working from ladders and scaffolds of various lengths and heights, crawling and working in confined spaces, and lifting and carrying a minimum of 50 pounds unassisted."", ""Must be willing to work overtime, during any work shift, and weekends and holidays."", ""Must have reliable transportation to and from work and required classes at the approved school; public transportation is limited and may not be available."", ""Must be willing to travel within the Local Jurisdiction of the sponsor, which may exceed 50 miles."", ""Must be willing and able to attend all classes, as required to complete the apprenticeship; this may require overnight stays for approved related classroom instruction."", ""Must be willing and able to take orders from Supervisors, Foreman, and Journeyworkers."", ""Must be able to read, hear and understand verbal instructions and warnings given in English.""]","Applicants must be 17 or older, physically able to do the work, and able to travel, attend classes, and work flexible hours with reliable transportation.",Finishing Trades Institute of Western and Central New York,(716) 565-0112,,,"Finishing Trades Institute of Western and Central New York, (716) 565-0112, weekdays 8:00 a.m. to 4:30 p.m."
finishing-trades-institute-western-central-ny-ithaca-glazier-apprentice,https://dol.ny.gov/news/finishing-trades-institute-western-central-ny-ithaca,Finishing Trades Institute of Western-Central NY (Ithaca),Glazier Apprentice,11,Finishing Trades Institute of Western and Central New York,,"Ithaca, NY; recruiting for Central, Mohawk Valley, and Southern Tier regions","[""Central"", ""Mohawk Valley"", ""Southern Tier""]",2026-01-05,2027-01-04,2026-01-05,2027-01-04,"[""online_application""]","Apply online at dc4.org/apply during the recruitment period. If you need help completing the online application, call the institute at (716) 565-0112, Monday-Friday, 8:00 a.m. to 4:30 p.m.",https://www.dc4.org/apply/,,(716) 565-0112,,,,,,,,Must be at least 17 years old.,,,"Must have reliable transportation to and from work and required classes; public transportation is limited and may not be available. Must be willing to travel within the sponsor’s local jurisdiction, which may exceed 50 miles.",,Must be willing and able to attend all classes at the approved school; related classroom instruction may require overnight stays.,"[""Must be at least 17 years old."", ""Must attest in writing that they are physically capable of performing the work of the trade, including climbing and working from ladders and scaffolds of various lengths and heights, crawling and working in confined spaces, and lifting and carrying a minimum of 50 pounds unassisted."", ""Must be willing to work overtime, during any work shift, and weekends and holidays."", ""Must have reliable transportation to and from work and required classes at the approved school; public transportation is limited and may not be available."", ""Must be willing to travel within the Local Jurisdiction of the sponsor, which may exceed 50 miles."", ""Must be willing and able to attend all classes, as required to complete the apprenticeship; this may require overnight stays for approved related classroom instruction."", ""Must be willing and able to take orders from Supervisors, Foreman, and Journeyworkers."", ""Must be able to read, hear and understand verbal instructions and warnings given in English.""]","Applicants must be at least 17, physically able to do the work, have reliable transportation, be willing to travel and work flexible hours, and attend all required classes.",Finishing Trades Institute of Western and Central New York,(716) 565-0112,,https://www.dc4.org/apply/,"For more information, contact the Finishing Trades Institute of Western and Central New York at (716) 565-0112."
finishing-trades-institute-western-central-ny-ithaca-painter-decorator-paperhanger-apprentice,https://dol.ny.gov/news/finishing-trades-institute-western-central-ny-ithaca,Finishing Trades Institute of Western-Central NY (Ithaca),"Painter, Decorator & Paperhanger Apprentice",10,Finishing Trades Institute of Western and Central New York,,"Ithaca, NY; recruiting for Central, Mohawk Valley, and Southern Tier regions","[""Central"", ""Mohawk Valley"", ""Southern Tier""]",2026-01-05,2027-01-04,2026-01-05,2027-01-04,"[""online_application""]","Apply online at dc4.org/apply during the recruitment period. If you need help completing the online application, call the institute at (716) 565-0112, Monday-Friday, 8:00 a.m. to 4:30 p.m.",https://www.dc4.org/apply/,,(716) 565-0112,,,,,,,,Must be at least 17 years old.,,,"Must have reliable transportation to and from work and required classes; public transportation is limited and may not be available. Must be willing to travel within the sponsor’s local jurisdiction, which may exceed 50 miles.",,Must be willing and able to attend all classes at the approved school; related classroom instruction may require overnight stays.,"[""Must be at least 17 years old."", ""Must attest in writing that they are physically capable of performing the work of the trade, including climbing and working from ladders and scaffolds of various lengths and heights, crawling and working in confined spaces, and lifting and carrying a minimum of 50 pounds unassisted."", ""Must be willing to work overtime, during any work shift, and weekends and holidays."", ""Must have reliable transportation to and from work and required classes at the approved school; public transportation is limited and may not be available."", ""Must be willing to travel within the Local Jurisdiction of the sponsor, which may exceed 50 miles."", ""Must be willing and able to attend all classes, as required to complete the apprenticeship; this may require overnight stays for approved related classroom instruction."", ""Must be willing and able to take orders from Supervisors, Foreman, and Journeyworkers."", ""Must be able to read, hear and understand verbal instructions and warnings given in English.""]","Applicants must be at least 17, physically able to do the work, have reliable transportation, be willing to travel and work flexible hours, and attend all required classes.",Finishing Trades Institute of Western and Central New York,(716) 565-0112,,https://www.dc4.org/apply/,"For more information, contact the Finishing Trades Institute of Western and Central New York at (716) 565-0112."
finishing-trades-institute-western-central-ny-rochester-dry-wall-taper-finisher-apprentice,https://dol.ny.gov/news/finishing-trades-institute-western-central-ny-rochester,Finishing Trades Institute of Western-Central NY (Rochester),Dry Wall Taper (Finisher) Apprentice,10,Finishing Trades Institute of Western and Central New York,,Rochester / Western and Central New York,"[""Western and Central New York""]",2026-01-05,2027-01-04,2026-01-05,2027-01-04,"[""online_application""]","Apply online at dc4.org/apply during the recruitment period. Applications must be received by midnight on January 4, 2027.",https://www.dc4.org/apply/,,(716) 565-0112,,,"Assistance available Monday through Friday, 8:00 a.m. to 4:30 p.m.",,,,,Must be at least 17 years old.,,,"Must have reliable transportation to and from work and required classes; public transportation is limited and may not be available. Must be willing to travel within the sponsor's local jurisdiction, which may exceed 50 miles.",,"Must be willing and able to attend all required classes at the approved school, which may require overnight stays for related classroom instruction.","[""Must be at least 17 years old."", ""Must attest in writing that they are physically capable of performing the work of the trade, including climbing and working from ladders and scaffolds of various lengths and heights, crawling and working in confined spaces, and lifting and carrying a minimum of 50 pounds unassisted."", ""Must be willing to work overtime, during any work shift, and weekends and holidays."", ""Must have reliable transportation to and from work and required classes at the approved school; public transportation is limited and may not be available."", ""Must be willing to travel within the sponsor's local jurisdiction, which may exceed 50 miles."", ""Must be willing and able to attend all classes as required to complete the apprenticeship; this may require overnight stays for approved related classroom instruction."", ""Must be willing and able to take orders from Supervisors, Foreman, and Journeyworkers."", ""Must be able to read, hear, and understand verbal instructions and warnings given in English.""]","Applicants must be 17 or older, physically able to do demanding trade work, have reliable transportation, and be willing to travel and attend all required classes.",Finishing Trades Institute of Western and Central New York,(716) 565-0112,,https://www.dc4.org/apply/,Contact Finishing Trades Institute of Western and Central New York at (716) 565-0112 for application assistance.
finishing-trades-institute-western-central-ny-rochester-glazier-apprentice,https://dol.ny.gov/news/finishing-trades-institute-western-central-ny-rochester,Finishing Trades Institute of Western-Central NY (Rochester),Glazier Apprentice,14,Finishing Trades Institute of Western and Central New York,,Rochester / Western and Central New York,"[""Western and Central New York""]",2026-01-05,2027-01-04,2026-01-05,2027-01-04,"[""online_application""]","Apply online at dc4.org/apply during the recruitment period. Applications must be received by midnight on January 4, 2027.",https://www.dc4.org/apply/,,(716) 565-0112,,,"Assistance available Monday through Friday, 8:00 a.m. to 4:30 p.m.",,,,,Must be at least 17 years old.,,,"Must have reliable transportation to and from work and required classes; public transportation is limited and may not be available. Must be willing to travel within the sponsor's local jurisdiction, which may exceed 50 miles.",,"Must be willing and able to attend all required classes at the approved school, which may require overnight stays for related classroom instruction.","[""Must be at least 17 years old."", ""Must attest in writing that they are physically capable of performing the work of the trade, including climbing and working from ladders and scaffolds of various lengths and heights, crawling and working in confined spaces, and lifting and carrying a minimum of 50 pounds unassisted."", ""Must be willing to work overtime, during any work shift, and weekends and holidays."", ""Must have reliable transportation to and from work and required classes at the approved school; public transportation is limited and may not be available."", ""Must be willing to travel within the sponsor's local jurisdiction, which may exceed 50 miles."", ""Must be willing and able to attend all classes as required to complete the apprenticeship; this may require overnight stays for approved related classroom instruction."", ""Must be willing and able to take orders from Supervisors, Foreman, and Journeyworkers."", ""Must be able to read, hear, and understand verbal instructions and warnings given in English.""]","Applicants must be 17 or older, physically able to do demanding trade work, have reliable transportation, and be willing to travel and attend all required classes.",Finishing Trades Institute of Western and Central New York,(716) 565-0112,,https://www.dc4.org/apply/,Contact Finishing Trades Institute of Western and Central New York at (716) 565-0112 for application assistance.
finishing-trades-institute-western-central-ny-rochester-painter-decorator-paperhanger-apprentice,https://dol.ny.gov/news/finishing-trades-institute-western-central-ny-rochester,Finishing Trades Institute of Western-Central NY (Rochester),"Painter, Decorator & Paperhanger Apprentice",12,Finishing Trades Institute of Western and Central New York,,Rochester / Western and Central New York,"[""Western and Central New York""]",2026-01-05,2027-01-04,2026-01-05,2027-01-04,"[""online_application""]","Apply online at dc4.org/apply during the recruitment period. Applications must be received by midnight on January 4, 2027.",https://www.dc4.org/apply/,,(716) 565-0112,,,"Assistance available Monday through Friday, 8:00 a.m. to 4:30 p.m.",,,,,Must be at least 17 years old.,,,"Must have reliable transportation to and from work and required classes; public transportation is limited and may not be available. Must be willing to travel within the sponsor's local jurisdiction, which may exceed 50 miles.",,"Must be willing and able to attend all required classes at the approved school, which may require overnight stays for related classroom instruction.","[""Must be at least 17 years old."", ""Must attest in writing that they are physically capable of performing the work of the trade, including climbing and working from ladders and scaffolds of various lengths and heights, crawling and working in confined spaces, and lifting and carrying a minimum of 50 pounds unassisted."", ""Must be willing to work overtime, during any work shift, and weekends and holidays."", ""Must have reliable transportation to and from work and required classes at the approved school; public transportation is limited and may not be available."", ""Must be willing to travel within the sponsor's local jurisdiction, which may exceed 50 miles."", ""Must be willing and able to attend all classes as required to complete the apprenticeship; this may require overnight stays for approved related classroom instruction."", ""Must be willing and able to take orders from Supervisors, Foreman, and Journeyworkers."", ""Must be able to read, hear, and understand verbal instructions and warnings given in English.""]","Applicants must be 17 or older, physically able to do demanding trade work, have reliable transportation, and be willing to travel and attend all required classes.",Finishing Trades Institute of Western and Central New York,(716) 565-0112,,https://www.dc4.org/apply/,Contact Finishing Trades Institute of Western and Central New York at (716) 565-0112 for application assistance.
finishing-trades-institute-western-central-ny-syracuse-dry-wall-taper-finisher-apprentice,https://dol.ny.gov/news/finishing-trades-institute-western-central-ny-syracuse,Finishing Trades Institute of Western-Central NY (Syracuse),Dry Wall Taper (Finisher) Apprentice,10,Finishing Trades Institute of Western and Central New York (Syracuse),,"Central, Finger Lakes, and Mohawk Valley regions of New York State","[""Central"", ""Finger Lakes"", ""Mohawk Valley""]",2026-01-05,2027-01-04,2026-01-05,2027-01-04,"[""online_application""]","Apply online at dc4.org/apply during the recruitment period. Applications must be received by midnight on January 4, 2027.",https://www.dc4.org/apply/,,(716) 565-0112,,,"Assistance with the online application is available Monday through Friday, 8:00 a.m. to 4:30 p.m.",,,,,Must be at least 17 years old.,,,"Must have reliable transportation to and from work and required classes; public transportation is limited and may not be available. Must be willing to travel within the sponsor's local jurisdiction, which may exceed 50 miles.",,"Must be willing and able to attend all classes required to complete the apprenticeship, including possible overnight stays for related classroom instruction.","[""Must be at least 17 years old."", ""Must attest in writing that they are physically capable of performing the work of the trade, including climbing and working from ladders and scaffolds of various lengths and heights, crawling and working in confined spaces, and lifting and carrying a minimum of 50 pounds unassisted."", ""Must be willing to work overtime, during any work shift, and weekends and holidays."", ""Must have reliable transportation to and from work and required classes at the approved school; public transportation is limited and may not be available."", ""Must be willing to travel within the Local Jurisdiction of the sponsor, which may exceed 50 miles."", ""Must be willing and able to attend all classes required to complete the apprenticeship; this may require overnight stays for approved related classroom instruction."", ""Must be willing and able to take orders from Supervisors, Foreman, and Journeyworkers."", ""Must be able to read, hear, and understand verbal instructions and warnings given in English.""]","Applicants must be 17 or older, physically able to do the work, have reliable transportation, travel as needed, and attend required classes.",Finishing Trades Institute of Western and Central New York,(716) 565-0112,,https://www.dc4.org/apply/,"For more information or help with the online application, contact the Finishing Trades Institute of Western and Central New York at (716) 565-0112."
finishing-trades-institute-western-central-ny-syracuse-glazier-apprentice,https://dol.ny.gov/news/finishing-trades-institute-western-central-ny-syracuse,Finishing Trades Institute of Western-Central NY (Syracuse),Glazier Apprentice,3,Finishing Trades Institute of Western and Central New York (Syracuse),,"Central, Finger Lakes, and Mohawk Valley regions of New York State","[""Central"", ""Finger Lakes"", ""Mohawk Valley""]",2026-01-05,2027-01-04,2026-01-05,2027-01-04,"[""online_application""]","Apply online at dc4.org/apply during the recruitment period. Applications must be received by midnight on January 4, 2027.",https://www.dc4.org/apply/,,(716) 565-0112,,,"Assistance with the online application is available Monday through Friday, 8:00 a.m. to 4:30 p.m.",,,,,Must be at least 17 years old.,,,"Must have reliable transportation to and from work and required classes; public transportation is limited and may not be available. Must be willing to travel within the sponsor's local jurisdiction, which may exceed 50 miles.",,"Must be willing and able to attend all classes required to complete the apprenticeship, including possible overnight stays for related classroom instruction.","[""Must be at least 17 years old."", ""Must attest in writing that they are physically capable of performing the work of the trade, including climbing and working from ladders and scaffolds of various lengths and heights, crawling and working in confined spaces, and lifting and carrying a minimum of 50 pounds unassisted."", ""Must be willing to work overtime, during any work shift, and weekends and holidays."", ""Must have reliable transportation to and from work and required classes at the approved school; public transportation is limited and may not be available."", ""Must be willing to travel within the Local Jurisdiction of the sponsor, which may exceed 50 miles."", ""Must be willing and able to attend all classes required to complete the apprenticeship; this may require overnight stays for approved related classroom instruction."", ""Must be willing and able to take orders from Supervisors, Foreman, and Journeyworkers."", ""Must be able to read, hear, and understand verbal instructions and warnings given in English.""]","Applicants must be 17 or older, physically able to do the work, have reliable transportation, travel as needed, and attend required classes.",Finishing Trades Institute of Western and Central New York,(716) 565-0112,,https://www.dc4.org/apply/,"For more information or help with the online application, contact the Finishing Trades Institute of Western and Central New York at (716) 565-0112."
finishing-trades-institute-western-central-ny-syracuse-painter-decorator-paperhanger-apprentice,https://dol.ny.gov/news/finishing-trades-institute-western-central-ny-syracuse,Finishing Trades Institute of Western-Central NY (Syracuse),"Painter, Decorator & Paperhanger Apprentice",10,Finishing Trades Institute of Western and Central New York (Syracuse),,"Central, Finger Lakes, and Mohawk Valley regions of New York State","[""Central"", ""Finger Lakes"", ""Mohawk Valley""]",2026-01-05,2027-01-04,2026-01-05,2027-01-04,"[""online_application""]","Apply online at dc4.org/apply during the recruitment period. Applications must be received by midnight on January 4, 2027.",https://www.dc4.org/apply/,,(716) 565-0112,,,"Assistance with the online application is available Monday through Friday, 8:00 a.m. to 4:30 p.m.",,,,,Must be at least 17 years old.,,,"Must have reliable transportation to and from work and required classes; public transportation is limited and may not be available. Must be willing to travel within the sponsor's local jurisdiction, which may exceed 50 miles.",,"Must be willing and able to attend all classes required to complete the apprenticeship, including possible overnight stays for related classroom instruction.","[""Must be at least 17 years old."", ""Must attest in writing that they are physically capable of performing the work of the trade, including climbing and working from ladders and scaffolds of various lengths and heights, crawling and working in confined spaces, and lifting and carrying a minimum of 50 pounds unassisted."", ""Must be willing to work overtime, during any work shift, and weekends and holidays."", ""Must have reliable transportation to and from work and required classes at the approved school; public transportation is limited and may not be available."", ""Must be willing to travel within the Local Jurisdiction of the sponsor, which may exceed 50 miles."", ""Must be willing and able to attend all classes required to complete the apprenticeship; this may require overnight stays for approved related classroom instruction."", ""Must be willing and able to take orders from Supervisors, Foreman, and Journeyworkers."", ""Must be able to read, hear, and understand verbal instructions and warnings given in English.""]","Applicants must be 17 or older, physically able to do the work, have reliable transportation, travel as needed, and attend required classes.",Finishing Trades Institute of Western and Central New York,(716) 565-0112,,https://www.dc4.org/apply/,"For more information or help with the online application, contact the Finishing Trades Institute of Western and Central New York at (716) 565-0112."
