programAk,tradeName,displayTradeName,promptTradeName,socCode,description
20,Boilermaker (Construction),Boilermaker (Construction),Boilermaker (Construction),47-2011.00,"A Boilermaker in construction builds, installs, and repairs large metal tanks, boilers, and pressure vessels on job sites. They read blueprints, cut and fit steel plates, weld parts together, bolt sections in place, and test for leaks or pressure problems. Their work helps keep industrial buildings, heating systems, and heavy equipment running safely."
32,Electrician,Electrician,Electrician,47-2111.00,"An Electrician installs, connects, tests, and repairs wiring, outlets, lights, circuit breakers, and electrical equipment in homes, buildings, and job sites. They read plans, run wire through walls and ceilings, use hand and power tools, and check that systems work safely. Their work keeps power flowing and buildings lit, working, and safer."
33,Plant Maintenance-Electrician,Plant Maintenance-Electrician,Plant Maintenance-Electrician,47-2111.00,"A Plant Maintenance-Electrician keeps a factory or industrial plant’s electrical systems working safely and reliably. They inspect wiring, motors, control panels, and machines, troubleshoot faults, replace damaged parts, and do routine repairs and testing. Their work keeps production equipment running, helps prevent breakdowns, and makes the plant safer for workers."
64,Sheet Metal Worker,Sheet Metal Worker,Sheet Metal Worker,47-2211.00,"A Sheet Metal Worker makes, installs, and repairs metal parts used in buildings and equipment. They measure and cut sheet metal, bend and shape it, and fasten ducts, vents, flashing, and panels using hand tools, power tools, and welding equipment. Their work helps heating, cooling, and building systems fit properly and keep running safely."
96,Landscape Nursery Manager,Landscape Nursery Manager,Landscape Nursery Manager,37-3011.00,"A Landscape Nursery Manager runs a plant nursery that grows trees, shrubs, flowers, and other outdoor plants for yards and landscape projects. They plan planting schedules, oversee watering and soil care, check plant health, manage workers, and organize sales and deliveries. Their work keeps healthy plants available for parks, homes, and public spaces."
107,Tool and Die Maker,Tool and Die Maker,Tool and Die Maker,51-4111.00,"A Tool and Die Maker builds and repairs the precise metal tools used to shape parts in factories. They read blueprints, measure to tiny tolerances, cut and grind steel, and fit dies, molds, jigs, and fixtures with care. Their work helps machines make accurate parts and keeps production running safely and smoothly."
114,Tile Setter (3 Year),Tile Setter,Tile Setter,47-2044.00,"A Tile Setter installs tile on floors, walls, showers, countertops, and other surfaces in homes and buildings. They measure spaces, cut tile to fit, spread mortar or adhesive, set each piece in place, grout the joints, and clean the finished surface. Their work creates durable, easy-to-clean surfaces that protect walls and floors from water and wear."
133,Industrial Manufacturing Technician,Industrial Manufacturing Technician,Industrial Manufacturing Technician,17-3026.00,"An Industrial Manufacturing Technician works in factories to keep production equipment and processes running smoothly. They set up machines, monitor controls, test products, adjust parts, troubleshoot problems, and do basic maintenance while following safety and quality rules. Their work helps build reliable products, reduce waste, and keep manufacturing lines running safely and efficiently."
176,Skilled Construction Craft Laborer,Skilled Construction Craft Laborer,Skilled Construction Craft Laborer,47-2061.00,"A Skilled Construction Craft Laborer does hands-on work on building sites and supports many parts of a construction project. They load and move materials, dig and grade ground, use hand and power tools, help set forms, pour concrete, and clean work areas. Their work helps keep projects moving, sites safer, and structures built properly."
177,Plumber,Plumber,Plumber,47-2152.00,"A Plumber installs, repairs, and maintains the pipes, drains, fixtures, and appliances that carry water, gas, and waste in homes, businesses, and other buildings. They cut and join pipe, clear clogs, fix leaks, test systems, and fit sinks, toilets, tubs, and water heaters. Their work keeps water flowing, waste moving out, and buildings safe and working properly."
192,Iron Worker (Outside),Iron Worker (Outside),Iron Worker (Outside),47-2221.00,"An outside Iron Worker builds and repairs the steel frames and heavy metal parts of buildings, bridges, towers, and other large structures. They unload steel, line up beams, bolt and weld pieces together, and work high above the ground using cranes, lifts, and safety gear. Their work helps keep major structures strong, stable, and safe."
202,Elevator/Escalator Constructor & Modernizer,Elevator/Escalator Constructor and Modernizer,Elevator/Escalator Constructor and Modernizer,47-4021.00,"An Elevator/Escalator Constructor and Modernizer installs, repairs, and updates elevators, escalators, and moving walkways in buildings. They assemble rails, cables, motors, doors, and control systems, test equipment, and replace worn parts during upgrades. Their work keeps people and goods moving safely, smoothly, and reliably through homes, offices, hospitals, and transit spaces."
209,Direct Support Professional,Direct Support Professional,Direct Support Professional,21-1093.00,"A Direct Support Professional helps people with disabilities or other support needs with daily life at home, at work, and in the community. They may help with meals, bathing, dressing, medicine reminders, rides, shopping, and simple paperwork while offering steady support and encouragement. Their work helps people stay safe, healthy, independent, and connected."
232,Skilled Construction Craft Laborer,Skilled Construction Craft Laborer,Skilled Construction Craft Laborer,47-2061.00,"A Skilled Construction Craft Laborer does hands-on work on building sites and supports many parts of a construction project. They load and move materials, dig and grade ground, use hand and power tools, help set forms, pour concrete, and clean work areas. Their work helps keep projects moving, sites safer, and structures built properly."
267,Glazier,Glazier,Glazier,47-2121.00,"A Glazier installs, replaces, and repairs glass in windows, doors, storefronts, skylights, and display cases. They measure openings, cut and fit glass, set panels into frames, seal edges, and sometimes handle mirrors or metal framing. Their work helps buildings stay weather-tight, bright, secure, and safe for everyday use."
281,Electrician,Electrician,Electrician,47-2111.00,"An Electrician installs, connects, tests, and repairs wiring, outlets, lights, circuit breakers, and electrical equipment in homes, buildings, and job sites. They read plans, run wire through walls and ceilings, use hand and power tools, and check that systems work safely. Their work keeps power flowing and buildings lit, working, and safer."
288,Glazier,Glazier,Glazier,47-2121.00,"A Glazier installs, replaces, and repairs glass in windows, doors, storefronts, skylights, and display cases. They measure openings, cut and fit glass, set panels into frames, seal edges, and sometimes handle mirrors or metal framing. Their work helps buildings stay weather-tight, bright, secure, and safe for everyday use."
311,Electrician,Electrician,Electrician,47-2111.00,"An Electrician installs, connects, tests, and repairs wiring, outlets, lights, circuit breakers, and electrical equipment in homes, buildings, and job sites. They read plans, run wire through walls and ceilings, use hand and power tools, and check that systems work safely. Their work keeps power flowing and buildings lit, working, and safer."
316,Carpenter (Heavy-Highway),Carpenter (Heavy-Highway),Carpenter (Heavy-Highway),47-2031.00,"A heavy-highway Carpenter builds and repairs wooden forms, concrete structures, and temporary supports used on roads, bridges, tunnels, and other large transportation projects. They measure, cut, fasten, brace, and strip materials on busy outdoor job sites, often around rebar and concrete pours. Their work helps roads and bridges take shape, stay strong, and remain safe to use."
323,Plumber,Plumber,Plumber,47-2152.00,"A Plumber installs, repairs, and maintains the pipes, drains, fixtures, and appliances that carry water, gas, and waste in homes, businesses, and other buildings. They cut and join pipe, clear clogs, fix leaks, test systems, and fit sinks, toilets, tubs, and water heaters. Their work keeps water flowing, waste moving out, and buildings safe and working properly."
333,Drafter (Tool Design),Drafter (Tool Design),Drafter (Tool Design),17-3013.00,"A Drafter in tool design makes detailed drawings for the tools, dies, jigs, and fixtures used in manufacturing. They turn engineers’ ideas into precise plans, using drafting software to show sizes, shapes, materials, and how parts fit together. Their work helps shops build accurate equipment that keeps production running smoothly and safely."
368,Machinist (CNC),Machinist (CNC),Machinist (CNC),51-4041.00,"A CNC Machinist makes precise metal or plastic parts using computer-controlled machine tools. They read blueprints, set up lathes and mills, load materials, choose cutting tools, monitor the machines, and measure finished pieces to make sure they match exact sizes. Their work builds and keeps running the parts used in vehicles, machines, and equipment."
388,Operating Engineer (Universal Equipment),Operating Engineer (Universal Equipment),Operating Engineer (Universal Equipment),47-2073.00,"An Operating Engineer uses many kinds of heavy equipment on construction sites, roads, and other outdoor projects. They run machines like bulldozers, excavators, loaders, rollers, and cranes to dig, lift, grade, move earth, and place materials, while checking controls and watching site conditions. Their work helps build roads, foundations, and utilities and keeps projects moving safely."
394,Electrician,Electrician,Electrician,47-2111.00,"An Electrician installs, connects, tests, and repairs wiring, outlets, lights, circuit breakers, and electrical equipment in homes, buildings, and job sites. They read plans, run wire through walls and ceilings, use hand and power tools, and check that systems work safely. Their work keeps power flowing and buildings lit, working, and safer."
435,Electrician,Electrician,Electrician,47-2111.00,"An Electrician installs, connects, tests, and repairs wiring, outlets, lights, circuit breakers, and electrical equipment in homes, buildings, and job sites. They read plans, run wire through walls and ceilings, use hand and power tools, and check that systems work safely. Their work keeps power flowing and buildings lit, working, and safer."
449,Plant Maintenance-Mechanic (4 Year),Plant Maintenance-Mechanic,Plant Maintenance-Mechanic,49-9071.00,"A Plant Maintenance-Mechanic keeps factory and plant equipment working properly. They inspect machines, take apart worn parts, replace belts, bearings, motors, or pumps, lubricate moving pieces, and use tools to fix breakdowns on the shop floor. Their work keeps production lines running, equipment in good condition, and workplaces safer."
502,Steamfitter,Steamfitter,Steamfitter,47-2152.00,"A Steamfitter installs, assembles, and repairs pipe systems that carry steam, hot water, gases, and other fluids in buildings and industrial sites. They read blueprints, cut and thread pipe, weld joints, fit valves, and test systems for leaks and pressure. Their work keeps heating, cooling, and production systems running safely and reliably."
510,Tool and Die Maker,Tool and Die Maker,Tool and Die Maker,51-4111.00,"A Tool and Die Maker builds and repairs the precise metal tools used to shape parts in factories. They read blueprints, measure to tiny tolerances, cut and grind steel, and fit dies, molds, jigs, and fixtures with care. Their work helps machines make accurate parts and keeps production running safely and smoothly."
529,Operating Engineer (Heavy Equipment),Operating Engineer (Heavy Equipment),Operating Engineer (Heavy Equipment),47-2073.00,"An Operating Engineer works with heavy equipment on construction sites and other outdoor job sites. They drive, steer, and control bulldozers, excavators, loaders, graders, and rollers to dig, lift, move, level, and spread earth, rock, and materials. Their work helps build roads, foundations, and utility systems, and keeps projects moving safely."
546,"Tile, Marble and Terrazzo Finisher","Tile, Marble, and Terrazzo Finisher","Tile, Marble, and Terrazzo Finisher",47-3011.00,"A Tile, Marble, and Terrazzo Finisher prepares and smooths surfaces for floors, walls, countertops, and other finishes. They spread cement or mastic, patch holes, level bases, polish edges, grind rough spots, and clean finished areas so tile, marble, or terrazzo can be set properly. Their work helps surfaces stay even, durable, attractive, and safe to use."
551,Direct Support Professional,Direct Support Professional,Direct Support Professional,21-1093.00,"A Direct Support Professional helps people with disabilities or other support needs with daily life at home, at work, and in the community. They may help with meals, bathing, dressing, medicine reminders, rides, shopping, and simple paperwork while offering steady support and encouragement. Their work helps people stay safe, healthy, independent, and connected."
558,Operating Engineer (Grade and Paving Equipment),Operating Engineer (Grade and Paving Equipment),Operating Engineer (Grade and Paving Equipment),47-2073.00,"An Operating Engineer working with grading and paving equipment runs heavy machines that shape ground and lay road surfaces on construction sites. They steer graders, rollers, pavers, and loaders, spread gravel or asphalt, level slopes, and watch gauges and controls while working around crews. Their work helps build smooth roads, parking lots, and surfaces that stay safe and usable."
564,Skilled Construction Craft Laborer,Skilled Construction Craft Laborer,Skilled Construction Craft Laborer,47-2061.00,"A Skilled Construction Craft Laborer does hands-on work on building sites and supports many parts of a construction project. They load and move materials, dig and grade ground, use hand and power tools, help set forms, pour concrete, and clean work areas. Their work helps keep projects moving, sites safer, and structures built properly."
590,Maintenance Machinist,Maintenance Machinist,Maintenance Machinist,51-4041.00,"A Maintenance Machinist keeps factory and plant equipment working by making, repairing, and fitting metal parts. They use lathes, milling machines, grinders, and measuring tools to rebuild worn pieces, line up machinery, and fix breakdowns on the shop floor. Their work keeps production equipment running safely, smoothly, and with less downtime."
627,"Heating, Ventilation and Air Conditioning Mechanic","Heating, Ventilation, and Air Conditioning Mechanic","Heating, Ventilation, and Air Conditioning Mechanic",49-9021.00,"A Heating, Ventilation, and Air Conditioning Mechanic installs, repairs, and maintains furnaces, air conditioners, ventilation systems, and thermostats in homes and buildings. They connect pipes and wiring, test airflow and temperature, replace worn parts, and troubleshoot breakdowns using tools and meters. Their work keeps indoor spaces comfortable, equipment running, and air systems safe and efficient."
631,Operating Engineer (Heavy Equipment),Operating Engineer (Heavy Equipment),Operating Engineer (Heavy Equipment),47-2073.00,"An Operating Engineer works with heavy equipment on construction sites and other outdoor job sites. They drive, steer, and control bulldozers, excavators, loaders, graders, and rollers to dig, lift, move, level, and spread earth, rock, and materials. Their work helps build roads, foundations, and utility systems, and keeps projects moving safely."
656,"Tile, Marble and Terrazzo Finisher","Tile, Marble, and Terrazzo Finisher","Tile, Marble, and Terrazzo Finisher",47-3011.00,"A Tile, Marble, and Terrazzo Finisher prepares and smooths surfaces for floors, walls, countertops, and other finishes. They spread cement or mastic, patch holes, level bases, polish edges, grind rough spots, and clean finished areas so tile, marble, or terrazzo can be set properly. Their work helps surfaces stay even, durable, attractive, and safe to use."
668,Iron Worker (Outside),Iron Worker (Outside),Iron Worker (Outside),47-2221.00,"An outside Iron Worker builds and repairs the steel frames and heavy metal parts of buildings, bridges, towers, and other large structures. They unload steel, line up beams, bolt and weld pieces together, and work high above the ground using cranes, lifts, and safety gear. Their work helps keep major structures strong, stable, and safe."
681,Cement Finisher or Cement Mason,Cement Finisher or Cement Mason,Cement Finisher or Cement Mason,47-2051.00,"A Cement Finisher or Cement Mason works with wet concrete on sidewalks, floors, curbs, roads, and building foundations. They spread, level, smooth, edge, and texture the surface using hand and power tools, and may add joints or seal finishes as it sets. Their work helps concrete surfaces stay strong, even, safe to walk or drive on, and long-lasting."
717,Electrician,Electrician,Electrician,47-2111.00,"An Electrician installs, connects, tests, and repairs wiring, outlets, lights, circuit breakers, and electrical equipment in homes, buildings, and job sites. They read plans, run wire through walls and ceilings, use hand and power tools, and check that systems work safely. Their work keeps power flowing and buildings lit, working, and safer."
728,Fire Fighter-EMT,Fire Fighter-EMT,Fire Fighter-EMT,33-2011.00,"A Fire Fighter-EMT responds to fires, crashes, medical emergencies, and other urgent calls. They drive or ride in emergency vehicles, put out fires, use hoses and tools, enter smoky buildings, give first aid, perform CPR, and help move injured people to ambulances. Their work protects lives, property, and public safety every day."
744,Electrician,Electrician,Electrician,47-2111.00,"An Electrician installs, connects, tests, and repairs wiring, outlets, lights, circuit breakers, and electrical equipment in homes, buildings, and job sites. They read plans, run wire through walls and ceilings, use hand and power tools, and check that systems work safely. Their work keeps power flowing and buildings lit, working, and safer."
764,Skilled Construction Craft Laborer,Skilled Construction Craft Laborer,Skilled Construction Craft Laborer,47-2061.00,"A Skilled Construction Craft Laborer does hands-on work on building sites and supports many parts of a construction project. They load and move materials, dig and grade ground, use hand and power tools, help set forms, pour concrete, and clean work areas. Their work helps keep projects moving, sites safer, and structures built properly."
795,Sheet Metal Worker,Sheet Metal Worker,Sheet Metal Worker,47-2211.00,"A Sheet Metal Worker makes, installs, and repairs metal parts used in buildings and equipment. They measure and cut sheet metal, bend and shape it, and fasten ducts, vents, flashing, and panels using hand tools, power tools, and welding equipment. Their work helps heating, cooling, and building systems fit properly and keep running safely."
858,Roofer,Roofer,Roofer,47-2181.00,"A Roofer builds, repairs, and replaces roofs on homes, shops, and other buildings. They tear off old shingles, lay underlayment, fasten shingles, tiles, or metal panels, seal flashing around vents and chimneys, and work high up in changing weather. Their work keeps buildings dry, insulated, and protected from leaks and damage."
877,Electrician,Electrician,Electrician,47-2111.00,"An Electrician installs, connects, tests, and repairs wiring, outlets, lights, circuit breakers, and electrical equipment in homes, buildings, and job sites. They read plans, run wire through walls and ceilings, use hand and power tools, and check that systems work safely. Their work keeps power flowing and buildings lit, working, and safer."
881,Electrical Maintenance Technician,Electrical Maintenance Technician,Electrical Maintenance Technician,47-2111.00,"An Electrical Maintenance Technician keeps electrical equipment and systems working safely and reliably. They inspect wiring, motors, panels, controls, and machines, test for faults, replace worn parts, and repair breakdowns using hand tools and testing devices. Their work keeps lights, machinery, and building systems running, and helps prevent damage, downtime, and electrical hazards."
918,"Pointer, Caulker and Cleaner","Pointer, Caulker, and Cleaner","Pointer, Caulker, and Cleaner",47-4099.00,"A Pointer, Caulker, and Cleaner repairs and protects the outside of buildings, bridges, and chimneys. They scrape out damaged mortar, pack fresh mortar between bricks or stone, seal cracks and joints with caulk, and clean surfaces with water, chemicals, or blasting tools, often from scaffolds. This keeps walls strong, dry, safe, and well maintained."
930,Machinist (CNC),Machinist (CNC),Machinist (CNC),51-4041.00,"A CNC Machinist makes precise metal or plastic parts using computer-controlled machine tools. They read blueprints, set up lathes and mills, load materials, choose cutting tools, monitor the machines, and measure finished pieces to make sure they match exact sizes. Their work builds and keeps running the parts used in vehicles, machines, and equipment."
961,Electrician,Electrician,Electrician,47-2111.00,"An Electrician installs, connects, tests, and repairs wiring, outlets, lights, circuit breakers, and electrical equipment in homes, buildings, and job sites. They read plans, run wire through walls and ceilings, use hand and power tools, and check that systems work safely. Their work keeps power flowing and buildings lit, working, and safer."
998,Plant Maintenance-Electrician,Plant Maintenance-Electrician,Plant Maintenance-Electrician,47-2111.00,"A Plant Maintenance-Electrician keeps a factory or industrial plant’s electrical systems working safely and reliably. They inspect wiring, motors, control panels, and machines, troubleshoot faults, replace damaged parts, and do routine repairs and testing. Their work keeps production equipment running, helps prevent breakdowns, and makes the plant safer for workers."
1027,"Heating, Ventilation and Air Conditioning Mechanic","Heating, Ventilation, and Air Conditioning Mechanic","Heating, Ventilation, and Air Conditioning Mechanic",49-9021.00,"A Heating, Ventilation, and Air Conditioning Mechanic installs, repairs, and maintains furnaces, air conditioners, ventilation systems, and thermostats in homes and buildings. They connect pipes and wiring, test airflow and temperature, replace worn parts, and troubleshoot breakdowns using tools and meters. Their work keeps indoor spaces comfortable, equipment running, and air systems safe and efficient."
1040,Manufacturing Engineering Technician,Manufacturing Engineering Technician,Manufacturing Engineering Technician,17-2112.03,"A Manufacturing Engineering Technician helps set up, test, and improve the machines, tools, and steps used to make products in a factory. They measure parts, check production lines, update drawings, troubleshoot equipment problems, and help workers follow efficient methods. Their work helps products be made correctly, waste less material, and keeps production running smoothly."
1067,Plant Maintenance-Millwright,Plant Maintenance-Millwright,Plant Maintenance-Millwright,49-9044.00,"A Plant Maintenance-Millwright installs, moves, repairs, and maintains heavy machines in factories, mills, and processing plants. They line up motors and conveyor systems, replace worn parts, use precision tools, and troubleshoot breakdowns on the plant floor. Their work keeps production equipment running safely, reduces downtime, and helps plants keep making everyday goods."
1100,Teacher,Teacher,Teacher,25-2021.00,"A Teacher plans lessons and helps students learn subjects like reading, math, science, or history. They explain ideas, lead class activities, answer questions, give assignments, and check progress through tests and daily work. Their work builds knowledge, skills, and good habits that help students succeed in school and everyday life."
1131,Childcare Assistant,Childcare Assistant,Childcare Assistant,39-9011.00,"A Childcare Assistant helps care for babies and young children in daycare centers, preschools, or other child care settings. They set up activities, serve snacks, help with dressing and toileting, supervise play, tidy rooms, and comfort children during the day. Their work keeps children safe, clean, active, and supported while families work or study."
1137,Piano Builder,Piano Builder,Piano Builder,49-9063.00,"A Piano Builder makes and restores pianos by hand and with specialized tools. They shape wood parts, fit keys and pedals, install strings, hammers, and soundboards, then carefully adjust and test how the instrument feels and sounds. Their work builds instruments that play properly, sound clear, and stay reliable for musicians, schools, and homes."
1163,Plant Maintenance-Millwright,Plant Maintenance-Millwright,Plant Maintenance-Millwright,49-9044.00,"A Plant Maintenance-Millwright installs, moves, repairs, and maintains heavy machines in factories, mills, and processing plants. They line up motors and conveyor systems, replace worn parts, use precision tools, and troubleshoot breakdowns on the plant floor. Their work keeps production equipment running safely, reduces downtime, and helps plants keep making everyday goods."
1177,Electrician,Electrician,Electrician,47-2111.00,"An Electrician installs, connects, tests, and repairs wiring, outlets, lights, circuit breakers, and electrical equipment in homes, buildings, and job sites. They read plans, run wire through walls and ceilings, use hand and power tools, and check that systems work safely. Their work keeps power flowing and buildings lit, working, and safer."
1201,Electrician,Electrician,Electrician,47-2111.00,"An Electrician installs, connects, tests, and repairs wiring, outlets, lights, circuit breakers, and electrical equipment in homes, buildings, and job sites. They read plans, run wire through walls and ceilings, use hand and power tools, and check that systems work safely. Their work keeps power flowing and buildings lit, working, and safer."
1228,Plumber,Plumber,Plumber,47-2152.00,"A Plumber installs, repairs, and maintains the pipes, drains, fixtures, and appliances that carry water, gas, and waste in homes, businesses, and other buildings. They cut and join pipe, clear clogs, fix leaks, test systems, and fit sinks, toilets, tubs, and water heaters. Their work keeps water flowing, waste moving out, and buildings safe and working properly."
1261,Cement Finisher or Cement Mason,Cement Finisher or Cement Mason,Cement Finisher or Cement Mason,47-2051.00,"A Cement Finisher or Cement Mason works with wet concrete on sidewalks, floors, curbs, roads, and building foundations. They spread, level, smooth, edge, and texture the surface using hand and power tools, and may add joints or seal finishes as it sets. Their work helps concrete surfaces stay strong, even, safe to walk or drive on, and long-lasting."
1273,Plant Maintenance-Mechanic (4 Year),Plant Maintenance-Mechanic,Plant Maintenance-Mechanic,49-9071.00,"A Plant Maintenance-Mechanic keeps factory and plant equipment working properly. They inspect machines, take apart worn parts, replace belts, bearings, motors, or pumps, lubricate moving pieces, and use tools to fix breakdowns on the shop floor. Their work keeps production lines running, equipment in good condition, and workplaces safer."
1325,Iron Worker (Outside),Iron Worker (Outside),Iron Worker (Outside),47-2221.00,"An outside Iron Worker builds and repairs the steel frames and heavy metal parts of buildings, bridges, towers, and other large structures. They unload steel, line up beams, bolt and weld pieces together, and work high above the ground using cranes, lifts, and safety gear. Their work helps keep major structures strong, stable, and safe."
1339,Maintenance Machinist,Maintenance Machinist,Maintenance Machinist,51-4041.00,"A Maintenance Machinist keeps factory and plant equipment working by making, repairing, and fitting metal parts. They use lathes, milling machines, grinders, and measuring tools to rebuild worn pieces, line up machinery, and fix breakdowns on the shop floor. Their work keeps production equipment running safely, smoothly, and with less downtime."
1349,Operating Engineer (Universal Equipment),Operating Engineer (Universal Equipment),Operating Engineer (Universal Equipment),47-2073.00,"An Operating Engineer uses many kinds of heavy equipment on construction sites, roads, and other outdoor projects. They run machines like bulldozers, excavators, loaders, rollers, and cranes to dig, lift, grade, move earth, and place materials, while checking controls and watching site conditions. Their work helps build roads, foundations, and utilities and keeps projects moving safely."
1415,Maintenance Mechanic (Automatic Equipment),Maintenance Mechanic (Automatic Equipment),Maintenance Mechanic (Automatic Equipment),49-9041.00,"A Maintenance Mechanic working on automatic equipment installs, checks, repairs, and adjusts machines that run by themselves in factories, plants, or large buildings. They replace worn parts, test motors and controls, clear jams, lubricate moving pieces, and use tools to keep equipment working properly. Their work keeps machines running safely and production on schedule."
1436,Sheet Metal Worker,Sheet Metal Worker,Sheet Metal Worker,47-2211.00,"A Sheet Metal Worker makes, installs, and repairs metal parts used in buildings and equipment. They measure and cut sheet metal, bend and shape it, and fasten ducts, vents, flashing, and panels using hand tools, power tools, and welding equipment. Their work helps heating, cooling, and building systems fit properly and keep running safely."
1439,Tool and Die Maker,Tool and Die Maker,Tool and Die Maker,51-4111.00,"A Tool and Die Maker builds and repairs the precise metal tools used to shape parts in factories. They read blueprints, measure to tiny tolerances, cut and grind steel, and fit dies, molds, jigs, and fixtures with care. Their work helps machines make accurate parts and keeps production running safely and smoothly."
1490,Skilled Construction Craft Laborer,Skilled Construction Craft Laborer,Skilled Construction Craft Laborer,47-2061.00,"A Skilled Construction Craft Laborer does hands-on work on building sites and supports many parts of a construction project. They load and move materials, dig and grade ground, use hand and power tools, help set forms, pour concrete, and clean work areas. Their work helps keep projects moving, sites safer, and structures built properly."
1493,Plant Maintenance-Electrician,Plant Maintenance-Electrician,Plant Maintenance-Electrician,47-2111.00,"A Plant Maintenance-Electrician keeps a factory or industrial plant’s electrical systems working safely and reliably. They inspect wiring, motors, control panels, and machines, troubleshoot faults, replace damaged parts, and do routine repairs and testing. Their work keeps production equipment running, helps prevent breakdowns, and makes the plant safer for workers."
1505,Electrician,Electrician,Electrician,47-2111.00,"An Electrician installs, connects, tests, and repairs wiring, outlets, lights, circuit breakers, and electrical equipment in homes, buildings, and job sites. They read plans, run wire through walls and ceilings, use hand and power tools, and check that systems work safely. Their work keeps power flowing and buildings lit, working, and safer."
1518,Aircraft Refinishing Paint Technician,Aircraft Refinishing Paint Technician,Aircraft Refinishing Paint Technician,49-3011.00,"An Aircraft Refinishing Paint Technician prepares, paints, and finishes the outside parts of airplanes and helicopters. They wash surfaces, strip old coatings, sand and mask areas, mix paint, spray smooth coats, and inspect the final finish for flaws. Their work protects aircraft skin from weather, corrosion, and wear, and keeps planes looking clean and well maintained."
1524,Machinist (CNC),Machinist (CNC),Machinist (CNC),51-4041.00,"A CNC Machinist makes precise metal or plastic parts using computer-controlled machine tools. They read blueprints, set up lathes and mills, load materials, choose cutting tools, monitor the machines, and measure finished pieces to make sure they match exact sizes. Their work builds and keeps running the parts used in vehicles, machines, and equipment."
1537,Skilled Construction Craft Laborer,Skilled Construction Craft Laborer,Skilled Construction Craft Laborer,47-2061.00,"A Skilled Construction Craft Laborer does hands-on work on building sites and supports many parts of a construction project. They load and move materials, dig and grade ground, use hand and power tools, help set forms, pour concrete, and clean work areas. Their work helps keep projects moving, sites safer, and structures built properly."
1540,Electrician,Electrician,Electrician,47-2111.00,"An Electrician installs, connects, tests, and repairs wiring, outlets, lights, circuit breakers, and electrical equipment in homes, buildings, and job sites. They read plans, run wire through walls and ceilings, use hand and power tools, and check that systems work safely. Their work keeps power flowing and buildings lit, working, and safer."
1547,Carpenter (Heavy-Highway),Carpenter (Heavy-Highway),Carpenter (Heavy-Highway),47-2031.00,"A heavy-highway Carpenter builds and repairs wooden forms, concrete structures, and temporary supports used on roads, bridges, tunnels, and other large transportation projects. They measure, cut, fasten, brace, and strip materials on busy outdoor job sites, often around rebar and concrete pours. Their work helps roads and bridges take shape, stay strong, and remain safe to use."
1564,Carpenter,Carpenter,Carpenter,47-2031.00,"A Carpenter builds, installs, and repairs wooden parts of buildings and other structures. They measure and cut lumber, frame walls, hang doors, fit cabinets, build stairs, and use hand and power tools on homes, shops, and job sites. Their work creates solid spaces, smooth finishes, and structures that stay safe and usable every day."
1569,Building Maintenance Mechanic,Building Maintenance Mechanic,Building Maintenance Mechanic,49-9071.00,"A Building Maintenance Mechanic keeps a building’s systems and spaces in working order. They inspect equipment, fix plumbing leaks, replace light fixtures, repair doors, walls, and floors, and handle basic heating, cooling, and electrical problems using hand and power tools. Their work keeps buildings safe, functional, and comfortable for the people who use them every day."
1597,Electrical (Outside) Line Worker,Electrical (Outside) Line Worker,Electrical (Outside) Line Worker,49-9051.00,"An outside Electrical Line Worker builds, repairs, and maintains overhead and underground power lines that carry electricity to homes and businesses. They climb poles, work from bucket trucks, replace wires, insulators, and transformers, and restore service after storms or outages. Their work keeps electrical systems running safely and power flowing where people need it."
1606,Toolmaker,Toolmaker,Toolmaker,51-4111.00,"A Toolmaker makes and repairs the precise tools, dies, molds, and fixtures used in manufacturing. They read detailed drawings, cut and shape metal, operate machine tools, polish surfaces, and check measurements to tiny tolerances so parts fit exactly. Their work keeps factory machines running, products accurate, and production lines making reliable everyday goods."
1608,Certified Nursing Assistant (CNA),Certified Nursing Assistant (CNA),Certified Nursing Assistant (CNA),31-1131.00,"A Certified Nursing Assistant helps care for patients in hospitals, nursing homes, and other care settings. They bathe, dress, lift, feed, and help people walk, take basic vital signs, change bedding, and report changes to nurses. Their work keeps patients clean, comfortable, and safer during daily care."
1622,Ornamental Iron Worker,Ornamental Iron Worker,Ornamental Iron Worker,47-4099.00,"An Ornamental Iron Worker builds and installs decorative metal features for buildings and outdoor spaces. They measure, cut, weld, and bolt together railings, stairs, gates, fences, balconies, and window guards, then lift and fasten them into place on site. Their work adds strength, detail, and safety to the places people use every day."
1630,Skilled Construction Craft Laborer,Skilled Construction Craft Laborer,Skilled Construction Craft Laborer,47-2061.00,"A Skilled Construction Craft Laborer does hands-on work on building sites and supports many parts of a construction project. They load and move materials, dig and grade ground, use hand and power tools, help set forms, pour concrete, and clean work areas. Their work helps keep projects moving, sites safer, and structures built properly."
1634,"Heating, Ventilation and Air Conditioning Mechanic","Heating, Ventilation, and Air Conditioning Mechanic","Heating, Ventilation, and Air Conditioning Mechanic",49-9021.00,"A Heating, Ventilation, and Air Conditioning Mechanic installs, repairs, and maintains furnaces, air conditioners, ventilation systems, and thermostats in homes and buildings. They connect pipes and wiring, test airflow and temperature, replace worn parts, and troubleshoot breakdowns using tools and meters. Their work keeps indoor spaces comfortable, equipment running, and air systems safe and efficient."
1644,Plumber,Plumber,Plumber,47-2152.00,"A Plumber installs, repairs, and maintains the pipes, drains, fixtures, and appliances that carry water, gas, and waste in homes, businesses, and other buildings. They cut and join pipe, clear clogs, fix leaks, test systems, and fit sinks, toilets, tubs, and water heaters. Their work keeps water flowing, waste moving out, and buildings safe and working properly."
1678,Stationary Engineer,Stationary Engineer,Stationary Engineer,51-8021.00,"A Stationary Engineer runs and maintains the large mechanical systems that keep a building operating. They monitor boilers, pumps, compressors, turbines, and control panels, adjust equipment, do routine repairs, and respond when something overheats, leaks, or shuts down. Their work keeps heat, cooling, power, and water systems running safely and reliably."
1703,Sheet Metal Worker,Sheet Metal Worker,Sheet Metal Worker,47-2211.00,"A Sheet Metal Worker makes, installs, and repairs metal parts used in buildings and equipment. They measure and cut sheet metal, bend and shape it, and fasten ducts, vents, flashing, and panels using hand tools, power tools, and welding equipment. Their work helps heating, cooling, and building systems fit properly and keep running safely."
1708,Plumber,Plumber,Plumber,47-2152.00,"A Plumber installs, repairs, and maintains the pipes, drains, fixtures, and appliances that carry water, gas, and waste in homes, businesses, and other buildings. They cut and join pipe, clear clogs, fix leaks, test systems, and fit sinks, toilets, tubs, and water heaters. Their work keeps water flowing, waste moving out, and buildings safe and working properly."
1719,Central Sterile Processing Technician,Central Sterile Processing Technician,Central Sterile Processing Technician,31-9093.00,"A Central Sterile Processing Technician cleans, disinfects, sterilizes, and organizes the medical tools and equipment used in hospitals and clinics. They inspect instruments, run sterilizing machines, wrap and label trays, and deliver ready-to-use supplies to operating rooms and care areas. Their work helps prevent infection and keeps patient care safe and running smoothly."
1735,Electrician,Electrician,Electrician,47-2111.00,"An Electrician installs, connects, tests, and repairs wiring, outlets, lights, circuit breakers, and electrical equipment in homes, buildings, and job sites. They read plans, run wire through walls and ceilings, use hand and power tools, and check that systems work safely. Their work keeps power flowing and buildings lit, working, and safer."
1775,Electrician,Electrician,Electrician,47-2111.00,"An Electrician installs, connects, tests, and repairs wiring, outlets, lights, circuit breakers, and electrical equipment in homes, buildings, and job sites. They read plans, run wire through walls and ceilings, use hand and power tools, and check that systems work safely. Their work keeps power flowing and buildings lit, working, and safer."
1789,"Bricklayer, Mason","Bricklayer, Mason","Bricklayer, Mason",47-2021.00,"A Bricklayer, Mason builds and repairs walls, chimneys, fireplaces, walkways, and other structures using brick, concrete block, and stone. They spread mortar, line up each course, cut materials to fit, and check that surfaces are level and strong. Their work helps create buildings and outdoor spaces that stay solid, weather-resistant, and safe to use."
1835,Software Developer,Software Developer,Software Developer,15-1251.00,"A Software Developer creates and updates computer programs, apps, and digital tools. They write code, test features, fix bugs, review how software works, and work with teammates to turn ideas into working systems people can use. Their work builds the software that helps businesses, services, and everyday technology run smoothly and safely."
1880,Hazardous Materials Removal Worker,Hazardous Materials Removal Worker,Hazardous Materials Removal Worker,47-2061.00,"A Hazardous Materials Removal Worker finds, contains, and removes dangerous materials like asbestos, mold, lead paint, or chemical waste from buildings and work sites. They wear protective gear, seal off areas, use special tools, and package waste for safe disposal. Their work helps keep homes, schools, and job sites safer and cleaner."
1972,Carpenter(Piledriver/Dockbuilder),Carpenter (Piledriver/Dockbuilder),Carpenter (Piledriver/Dockbuilder),47-2031.00,"A Carpenter who works as a piledriver and dockbuilder builds and repairs docks, piers, bridges, bulkheads, and other waterfront structures. They drive heavy piles into the ground, frame and brace timber or steel parts, and work around cranes, barges, and water. Their work keeps shorelines, marine facilities, and crossings stable, usable, and safer."
2002,Carpenter (Heavy-Highway),Carpenter (Heavy-Highway),Carpenter (Heavy-Highway),47-2031.00,"A heavy-highway Carpenter builds and repairs wooden forms, concrete structures, and temporary supports used on roads, bridges, tunnels, and other large transportation projects. They measure, cut, fasten, brace, and strip materials on busy outdoor job sites, often around rebar and concrete pours. Their work helps roads and bridges take shape, stay strong, and remain safe to use."
2009,Paperhanger,Paperhanger,Paperhanger,47-2142.00,"A Paperhanger covers walls and sometimes ceilings with wallpaper, vinyl, or other decorative coverings in homes and buildings. They measure surfaces, cut and match patterns, smooth material into place, trim edges, and fix bubbles or seams using brushes, rollers, and knives. Their work improves how rooms look and helps wall surfaces stay protected and finished."
2037,Metal Refinisher,Metal Refinisher,Metal Refinisher,51-9022.00,"A Metal Refinisher restores and improves the surface of metal parts and products. They clean off rust, old paint, or scratches, sand and polish surfaces, fill small flaws, and apply primers, coatings, or protective finishes using hand tools, spray equipment, and buffing machines. Their work helps metal items look better, last longer, and resist damage."
2048,Elevator Servicer and Repairer,Elevator Servicer and Repairer,Elevator Servicer and Repairer,47-4021.00,"An Elevator Servicer and Repairer installs, inspects, fixes, and maintains elevators, escalators, moving walkways, and lifts. They test controls, replace worn cables, motors, doors, and brakes, trace electrical or mechanical problems, and make adjustments using tools and meters. Their work keeps people and goods moving safely through buildings and keeps vertical transportation systems running reliably."
2082,Building Maintenance Mechanic,Building Maintenance Mechanic,Building Maintenance Mechanic,49-9071.00,"A Building Maintenance Mechanic keeps a building’s systems and spaces in working order. They inspect equipment, fix plumbing leaks, replace light fixtures, repair doors, walls, and floors, and handle basic heating, cooling, and electrical problems using hand and power tools. Their work keeps buildings safe, functional, and comfortable for the people who use them every day."
2088,Tile Setter (4 Year),Tile Setter,Tile Setter,47-2044.00,"A Tile Setter installs tile on floors, walls, showers, countertops, and other surfaces in homes and buildings. They measure spaces, cut tile to fit, spread mortar or adhesive, set each piece in place, grout the joints, and clean the finished surface. Their work creates durable, easy-to-clean surfaces that protect walls and floors from water and wear."
2090,Cabinetmaker,Cabinet Maker,Cabinetmaker,51-7011.00,"A Cabinet Maker builds and repairs wooden cabinets, shelves, counters, and other fitted furniture for kitchens, bathrooms, stores, and offices. They measure spaces, cut and shape wood, assemble parts, install hardware, and fit finished pieces neatly into place. Their work creates useful storage and keeps rooms organized, durable, and attractive."
2092,Stationary Engineer,Stationary Engineer,Stationary Engineer,51-8021.00,"A Stationary Engineer runs and maintains the large mechanical systems that keep a building operating. They monitor boilers, pumps, compressors, turbines, and control panels, adjust equipment, do routine repairs, and respond when something overheats, leaks, or shuts down. Their work keeps heat, cooling, power, and water systems running safely and reliably."
2106,Painter and Decorator (Structural Steel-Bridges),Painter and Decorator (Structural Steel-Bridges),Painter and Decorator (Structural Steel-Bridges),47-2141.00,"A Painter and Decorator working on structural steel bridges cleans, sands, blasts, and coats steel beams, railings, and other bridge parts with protective paint systems. They set up equipment, prepare surfaces, and apply finishes that resist rust, weather, and wear, often high above the ground. Their work helps keep bridges strong, safe, and lasting longer."
2113,Alcoholism and Substance Abuse Counselor Aide,Alcoholism and Substance Abuse Counselor Aide,Alcoholism and Substance Abuse Counselor Aide,21-1093.00,"An Alcoholism and Substance Abuse Counselor Aide supports treatment staff who help people dealing with alcohol or drug use problems. They greet clients, prepare rooms, set up forms, keep records organized, schedule appointments, monitor waiting areas, and help with daily program tasks. Their work keeps treatment services organized, safe, and easier for clients to use."
2150,Electrician,Electrician,Electrician,47-2111.00,"An Electrician installs, connects, tests, and repairs wiring, outlets, lights, circuit breakers, and electrical equipment in homes, buildings, and job sites. They read plans, run wire through walls and ceilings, use hand and power tools, and check that systems work safely. Their work keeps power flowing and buildings lit, working, and safer."
2154,Plant Maintenance-Mechanic (4 Year),Plant Maintenance-Mechanic,Plant Maintenance-Mechanic,49-9071.00,"A Plant Maintenance-Mechanic keeps factory and plant equipment working properly. They inspect machines, take apart worn parts, replace belts, bearings, motors, or pumps, lubricate moving pieces, and use tools to fix breakdowns on the shop floor. Their work keeps production lines running, equipment in good condition, and workplaces safer."
2188,Instructor/Trainer (Information Technology),Instructor/Trainer (Information Technology),Instructor/Trainer (Information Technology),25-1194.00,"An Instructor/Trainer in information technology teaches people how to use computer systems, software, networks, or digital tools for work. They plan lessons, explain concepts, lead hands-on practice, answer questions, and test skills in classrooms, labs, or online sessions. Their work helps people use technology correctly, solve problems, and keep systems running smoothly."
2235,Hazardous Materials Removal Worker,Hazardous Materials Removal Worker,Hazardous Materials Removal Worker,47-2061.00,"A Hazardous Materials Removal Worker finds, contains, and removes dangerous materials like asbestos, mold, lead paint, or chemical waste from buildings and work sites. They wear protective gear, seal off areas, use special tools, and package waste for safe disposal. Their work helps keep homes, schools, and job sites safer and cleaner."
2245,Electrician,Electrician,Electrician,47-2111.00,"An Electrician installs, connects, tests, and repairs wiring, outlets, lights, circuit breakers, and electrical equipment in homes, buildings, and job sites. They read plans, run wire through walls and ceilings, use hand and power tools, and check that systems work safely. Their work keeps power flowing and buildings lit, working, and safer."
2317,Carpenter,Carpenter,Carpenter,47-2031.00,"A Carpenter builds, installs, and repairs wooden parts of buildings and other structures. They measure and cut lumber, frame walls, hang doors, fit cabinets, build stairs, and use hand and power tools on homes, shops, and job sites. Their work creates solid spaces, smooth finishes, and structures that stay safe and usable every day."
2327,Sprinkler Fitter,Sprinkler Fitter,Sprinkler Fitter,47-2152.00,"A Sprinkler Fitter installs, repairs, and tests fire sprinkler systems in buildings. They measure and cut pipe, hang and connect it overhead, fit sprinkler heads and valves, and check water flow and pressure to make sure the system works. Their work helps protect people, buildings, and equipment by making fires easier to control."
2354,Skilled Construction Craft Laborer,Skilled Construction Craft Laborer,Skilled Construction Craft Laborer,47-2061.00,"A Skilled Construction Craft Laborer does hands-on work on building sites and supports many parts of a construction project. They load and move materials, dig and grade ground, use hand and power tools, help set forms, pour concrete, and clean work areas. Their work helps keep projects moving, sites safer, and structures built properly."
2356,Electrical (Outside) Line Worker,Electrical (Outside) Line Worker,Electrical (Outside) Line Worker,49-9051.00,"An outside Electrical Line Worker builds, repairs, and maintains overhead and underground power lines that carry electricity to homes and businesses. They climb poles, work from bucket trucks, replace wires, insulators, and transformers, and restore service after storms or outages. Their work keeps electrical systems running safely and power flowing where people need it."
2369,Refrigeration and Air Conditioning Mechanic,Refrigeration and Air Conditioning Mechanic,Refrigeration and Air Conditioning Mechanic,49-9021.00,"A Refrigeration and Air Conditioning Mechanic installs, tests, repairs, and maintains cooling and climate control systems in homes, stores, offices, and factories. They connect pipes and wiring, check refrigerant levels, replace worn parts, and troubleshoot units that are not working properly. Their work keeps food cold, indoor air comfortable, and equipment running safely."
2412,Boilermaker (Construction),Boilermaker (Construction),Boilermaker (Construction),47-2011.00,"A Boilermaker in construction builds, installs, and repairs large metal tanks, boilers, and pressure vessels on job sites. They read blueprints, cut and fit steel plates, weld parts together, bolt sections in place, and test for leaks or pressure problems. Their work helps keep industrial buildings, heating systems, and heavy equipment running safely."
2422,"Heating, Ventilation and Air Conditioning Mechanic","Heating, Ventilation, and Air Conditioning Mechanic","Heating, Ventilation, and Air Conditioning Mechanic",49-9021.00,"A Heating, Ventilation, and Air Conditioning Mechanic installs, repairs, and maintains furnaces, air conditioners, ventilation systems, and thermostats in homes and buildings. They connect pipes and wiring, test airflow and temperature, replace worn parts, and troubleshoot breakdowns using tools and meters. Their work keeps indoor spaces comfortable, equipment running, and air systems safe and efficient."
2442,Wastewater Systems Operation Specialist,Wastewater Systems Operation Specialist,Wastewater Systems Operation Specialist,51-8031.00,"A Wastewater Systems Operation Specialist runs and monitors the equipment that cleans sewage and dirty water before it is released or reused. They check pumps, tanks, filters, and control panels, collect samples, adjust chemical levels, and fix basic problems. Their work keeps treatment systems running safely and protects public health, waterways, and the environment."
2444,Cloud Engineer,Cloud Engineer,Cloud Engineer,15-1299.08,"A Cloud Engineer builds and manages the online systems that store data, run apps, and connect services over the internet. They set up servers, networks, security tools, and backups, watch for problems, and fix outages or slowdowns. Their work keeps websites, business systems, and shared files running smoothly, safely, and reliably every day."
2450,Electrician,Electrician,Electrician,47-2111.00,"An Electrician installs, connects, tests, and repairs wiring, outlets, lights, circuit breakers, and electrical equipment in homes, buildings, and job sites. They read plans, run wire through walls and ceilings, use hand and power tools, and check that systems work safely. Their work keeps power flowing and buildings lit, working, and safer."
2455,Roofer,Roofer,Roofer,47-2181.00,"A Roofer builds, repairs, and replaces roofs on homes, shops, and other buildings. They tear off old shingles, lay underlayment, fasten shingles, tiles, or metal panels, seal flashing around vents and chimneys, and work high up in changing weather. Their work keeps buildings dry, insulated, and protected from leaks and damage."
2462,Sheet Metal Worker,Sheet Metal Worker,Sheet Metal Worker,47-2211.00,"A Sheet Metal Worker makes, installs, and repairs metal parts used in buildings and equipment. They measure and cut sheet metal, bend and shape it, and fasten ducts, vents, flashing, and panels using hand tools, power tools, and welding equipment. Their work helps heating, cooling, and building systems fit properly and keep running safely."
2481,School Administrator (Building Administrator),School Administrator (Building Administrator),School Administrator (Building Administrator),11-9032.00,"A School Administrator leads the daily operations of a school building. They supervise teachers and staff, manage schedules, handle student discipline, meet with families, observe classrooms, and make sure policies, safety rules, and school programs are followed. Their work keeps the school organized, students supported, and learning and school safety running smoothly."
2520,Direct Support Professional,Direct Support Professional,Direct Support Professional,21-1093.00,"A Direct Support Professional helps people with disabilities or other support needs with daily life at home, at work, and in the community. They may help with meals, bathing, dressing, medicine reminders, rides, shopping, and simple paperwork while offering steady support and encouragement. Their work helps people stay safe, healthy, independent, and connected."
2521,Machine Builder,Machine Builder,Machine Builder,51-2031.00,"A Machine Builder assembles, fits, and tests industrial machines from metal parts, motors, belts, sensors, and controls. They read drawings, line up moving parts, bolt frames together, adjust components, and fix problems so the machine runs smoothly. Their work builds equipment that factories depend on to make products safely and keep production running."
2541,Operating Engineer (Heavy Equipment),Operating Engineer (Heavy Equipment),Operating Engineer (Heavy Equipment),47-2073.00,"An Operating Engineer works with heavy equipment on construction sites and other outdoor job sites. They drive, steer, and control bulldozers, excavators, loaders, graders, and rollers to dig, lift, move, level, and spread earth, rock, and materials. Their work helps build roads, foundations, and utility systems, and keeps projects moving safely."
2562,Groundskeeper,Groundskeeper,Groundskeeper,37-3011.00,"A Groundskeeper cares for outdoor spaces such as lawns, gardens, sports fields, and walkways. They mow grass, trim shrubs, plant flowers, rake leaves, spread mulch, water plants, and clear snow or litter while using tools and outdoor equipment. Their work keeps properties clean, usable, attractive, and safer for everyday visitors."
2570,Alcoholism and Substance Abuse Counselor Aide,Alcoholism and Substance Abuse Counselor Aide,Alcoholism and Substance Abuse Counselor Aide,21-1093.00,"An Alcoholism and Substance Abuse Counselor Aide supports treatment staff who help people dealing with alcohol or drug use problems. They greet clients, prepare rooms, set up forms, keep records organized, schedule appointments, monitor waiting areas, and help with daily program tasks. Their work keeps treatment services organized, safe, and easier for clients to use."
2582,"Painter, Decorator & Paperhanger","Painter, Decorator, and Paperhanger","Painter, Decorator, and Paperhanger",47-2141.00,"A Painter, Decorator, and Paperhanger finishes and updates indoor and outdoor surfaces in homes, offices, and other buildings. They prepare walls and woodwork, scrape and sand old finishes, fill holes, apply paint or stain, and hang wallpaper neatly and straight. Their work protects surfaces from wear and moisture and makes rooms cleaner, brighter, and easier to maintain."
2585,Direct Support Professional,Direct Support Professional,Direct Support Professional,21-1093.00,"A Direct Support Professional helps people with disabilities or other support needs with daily life at home, at work, and in the community. They may help with meals, bathing, dressing, medicine reminders, rides, shopping, and simple paperwork while offering steady support and encouragement. Their work helps people stay safe, healthy, independent, and connected."
2592,Direct Support Professional,Direct Support Professional,Direct Support Professional,21-1093.00,"A Direct Support Professional helps people with disabilities or other support needs with daily life at home, at work, and in the community. They may help with meals, bathing, dressing, medicine reminders, rides, shopping, and simple paperwork while offering steady support and encouragement. Their work helps people stay safe, healthy, independent, and connected."
2637,Systems Engineer,Systems Engineer,Systems Engineer,15-1244.00,"A Systems Engineer plans and manages how complex computer systems work together. They map out networks, software, hardware, and security needs, test how the parts connect, fix problems, and help upgrades run smoothly. Their work keeps business systems reliable, data moving, and the tools people use every day running safely."
2640,Operating Engineer (Universal Equipment),Operating Engineer (Universal Equipment),Operating Engineer (Universal Equipment),47-2073.00,"An Operating Engineer uses many kinds of heavy equipment on construction sites, roads, and other outdoor projects. They run machines like bulldozers, excavators, loaders, rollers, and cranes to dig, lift, grade, move earth, and place materials, while checking controls and watching site conditions. Their work helps build roads, foundations, and utilities and keeps projects moving safely."
2642,Painter and Decorator (Structural Steel-Bridges),Painter and Decorator (Structural Steel-Bridges),Painter and Decorator (Structural Steel-Bridges),47-2141.00,"A Painter and Decorator working on structural steel bridges cleans, sands, blasts, and coats steel beams, railings, and other bridge parts with protective paint systems. They set up equipment, prepare surfaces, and apply finishes that resist rust, weather, and wear, often high above the ground. Their work helps keep bridges strong, safe, and lasting longer."
2643,"Housekeeper (Commercial, Residential, Industrial)","Housekeeper (Commercial, Residential, Industrial)","Housekeeper (Commercial, Residential, Industrial)",37-2012.00,"A Housekeeper in commercial, residential, and industrial settings cleans and maintains rooms, halls, washrooms, work areas, and shared spaces. They vacuum, mop, dust, change linens, restock supplies, empty trash, and sanitize surfaces, sometimes using larger cleaning machines or special products. Their work keeps homes, businesses, and facilities clean, safe, orderly, and running well."
2649,Certified Recovery Peer Advocate,Certified Recovery Peer Advocate,Certified Recovery Peer Advocate,21-1093.00,"A Certified Recovery Peer Advocate supports people working to overcome addiction or mental health challenges by using their own recovery experience. They meet one-on-one, lead support groups, help people set goals, find treatment, housing, or services, and check in regularly. Their work helps people stay connected, build stability, and keep recovery on track."
2659,Bricklayer Mason and Plasterer,Bricklayer Mason and Plasterer,Bricklayer Mason and Plasterer,47-2021.00,"A Bricklayer Mason and Plasterer builds and repairs walls, fireplaces, and other structures using brick, block, stone, mortar, and plaster. They spread mortar, lay materials in straight lines, smooth and coat surfaces, and patch cracks or damage on indoor and outdoor walls. Their work builds strong surfaces and helps keep buildings sturdy, sealed, and looking finished."
2692,Electro-Mechanical Technician,Electro-Mechanical Technician,Electro-Mechanical Technician,17-3024.00,"An Electro-Mechanical Technician installs, tests, repairs, and maintains machines that use both electrical and mechanical parts. They trace wiring, replace sensors and motors, adjust moving parts, read diagrams, and use meters and hand tools to find problems on factory equipment or automated systems. Their work keeps machines running safely, accurately, and with less downtime."
2696,Electrician,Electrician,Electrician,47-2111.00,"An Electrician installs, connects, tests, and repairs wiring, outlets, lights, circuit breakers, and electrical equipment in homes, buildings, and job sites. They read plans, run wire through walls and ceilings, use hand and power tools, and check that systems work safely. Their work keeps power flowing and buildings lit, working, and safer."
2704,Electrician,Electrician,Electrician,47-2111.00,"An Electrician installs, connects, tests, and repairs wiring, outlets, lights, circuit breakers, and electrical equipment in homes, buildings, and job sites. They read plans, run wire through walls and ceilings, use hand and power tools, and check that systems work safely. Their work keeps power flowing and buildings lit, working, and safer."
2710,Skilled Construction Craft Laborer,Skilled Construction Craft Laborer,Skilled Construction Craft Laborer,47-2061.00,"A Skilled Construction Craft Laborer does hands-on work on building sites and supports many parts of a construction project. They load and move materials, dig and grade ground, use hand and power tools, help set forms, pour concrete, and clean work areas. Their work helps keep projects moving, sites safer, and structures built properly."
2717,Plant Maintenance-Carpenter,Plant Maintenance-Carpenter,Plant Maintenance-Carpenter,47-2031.00,"A Plant Maintenance-Carpenter repairs and builds wooden parts and structures inside an industrial plant. They fix doors, floors, walls, stairs, shelving, and work platforms, install trim and partitions, and use saws, drills, and measuring tools to keep everything lined up and solid. Their work keeps plant buildings safe, usable, and running smoothly."
2722,Plant Maintenance-Electrician,Plant Maintenance-Electrician,Plant Maintenance-Electrician,47-2111.00,"A Plant Maintenance-Electrician keeps a factory or industrial plant’s electrical systems working safely and reliably. They inspect wiring, motors, control panels, and machines, troubleshoot faults, replace damaged parts, and do routine repairs and testing. Their work keeps production equipment running, helps prevent breakdowns, and makes the plant safer for workers."
2727,Sprinkler Fitter,Sprinkler Fitter,Sprinkler Fitter,47-2152.00,"A Sprinkler Fitter installs, repairs, and tests fire sprinkler systems in buildings. They measure and cut pipe, hang and connect it overhead, fit sprinkler heads and valves, and check water flow and pressure to make sure the system works. Their work helps protect people, buildings, and equipment by making fires easier to control."
2788,Maintenance Mechanic (Automatic Equipment),Maintenance Mechanic (Automatic Equipment),Maintenance Mechanic (Automatic Equipment),49-9041.00,"A Maintenance Mechanic working on automatic equipment installs, checks, repairs, and adjusts machines that run by themselves in factories, plants, or large buildings. They replace worn parts, test motors and controls, clear jams, lubricate moving pieces, and use tools to keep equipment working properly. Their work keeps machines running safely and production on schedule."
2790,"Heating, Ventilation and Air Conditioning Mechanic","Heating, Ventilation, and Air Conditioning Mechanic","Heating, Ventilation, and Air Conditioning Mechanic",49-9021.00,"A Heating, Ventilation, and Air Conditioning Mechanic installs, repairs, and maintains furnaces, air conditioners, ventilation systems, and thermostats in homes and buildings. They connect pipes and wiring, test airflow and temperature, replace worn parts, and troubleshoot breakdowns using tools and meters. Their work keeps indoor spaces comfortable, equipment running, and air systems safe and efficient."
2820,Plant Maintenance-Electrician,Plant Maintenance-Electrician,Plant Maintenance-Electrician,47-2111.00,"A Plant Maintenance-Electrician keeps a factory or industrial plant’s electrical systems working safely and reliably. They inspect wiring, motors, control panels, and machines, troubleshoot faults, replace damaged parts, and do routine repairs and testing. Their work keeps production equipment running, helps prevent breakdowns, and makes the plant safer for workers."
2853,Refrigeration and Air Conditioning Mechanic,Refrigeration and Air Conditioning Mechanic,Refrigeration and Air Conditioning Mechanic,49-9021.00,"A Refrigeration and Air Conditioning Mechanic installs, tests, repairs, and maintains cooling and climate control systems in homes, stores, offices, and factories. They connect pipes and wiring, check refrigerant levels, replace worn parts, and troubleshoot units that are not working properly. Their work keeps food cold, indoor air comfortable, and equipment running safely."
2854,Construction Manager,Construction Manager,Construction Manager,11-9021.00,"A Construction Manager plans and runs building projects from start to finish. They schedule crews, order materials, check budgets, read drawings, visit job sites, and make sure work meets safety rules, codes, and deadlines. Their work keeps construction organized, buildings going up properly, and job sites safer and on schedule."
2861,Electrician,Electrician,Electrician,47-2111.00,"An Electrician installs, connects, tests, and repairs wiring, outlets, lights, circuit breakers, and electrical equipment in homes, buildings, and job sites. They read plans, run wire through walls and ceilings, use hand and power tools, and check that systems work safely. Their work keeps power flowing and buildings lit, working, and safer."
2864,Carpenter,Carpenter,Carpenter,47-2031.00,"A Carpenter builds, installs, and repairs wooden parts of buildings and other structures. They measure and cut lumber, frame walls, hang doors, fit cabinets, build stairs, and use hand and power tools on homes, shops, and job sites. Their work creates solid spaces, smooth finishes, and structures that stay safe and usable every day."
2875,Customer Service Representative,Customer Service Representative,Customer Service Representative,43-4051.00,"A Customer Service Representative helps people with questions, orders, billing issues, returns, and complaints. They answer phone calls, emails, or online chats, look up account details, explain policies, solve routine problems, and pass along tougher issues when needed. Their work keeps customers informed, services running smoothly, and business problems from growing."
2882,Teacher,Teacher,Teacher,25-2021.00,"A Teacher plans lessons and helps students learn subjects like reading, math, science, or history. They explain ideas, lead class activities, answer questions, give assignments, and check progress through tests and daily work. Their work builds knowledge, skills, and good habits that help students succeed in school and everyday life."
2886,Electronics Mechanic (CNC Systems Maintenance),Electronics Mechanic (CNC Systems Maintenance),Electronics Mechanic (CNC Systems Maintenance),47-2111.00,"An Electronics Mechanic in CNC systems maintenance installs, tests, troubleshoots, and repairs the electronic controls, wiring, sensors, and circuit boards that run computer-controlled factory machines. They use meters, diagrams, and software to find faults, replace parts, and tune equipment. Their work keeps production machines running accurately, safely, and with less downtime."
2913,Tool and Die Maker,Tool and Die Maker,Tool and Die Maker,51-4111.00,"A Tool and Die Maker builds and repairs the precise metal tools used to shape parts in factories. They read blueprints, measure to tiny tolerances, cut and grind steel, and fit dies, molds, jigs, and fixtures with care. Their work helps machines make accurate parts and keeps production running safely and smoothly."
2951,Electrician,Electrician,Electrician,47-2111.00,"An Electrician installs, connects, tests, and repairs wiring, outlets, lights, circuit breakers, and electrical equipment in homes, buildings, and job sites. They read plans, run wire through walls and ceilings, use hand and power tools, and check that systems work safely. Their work keeps power flowing and buildings lit, working, and safer."
2976,Operating Engineer (Heavy Equipment),Operating Engineer (Heavy Equipment),Operating Engineer (Heavy Equipment),47-2073.00,"An Operating Engineer works with heavy equipment on construction sites and other outdoor job sites. They drive, steer, and control bulldozers, excavators, loaders, graders, and rollers to dig, lift, move, level, and spread earth, rock, and materials. Their work helps build roads, foundations, and utility systems, and keeps projects moving safely."
2985,Quality Assurance Auditor-A,Quality Assurance Auditor-A,Quality Assurance Auditor-A,15-1253.00,"A Quality Assurance Auditor-A checks whether a company’s products, records, and work processes meet set quality standards. They review paperwork, inspect work areas, watch how tasks are done, note problems, and write reports with findings and needed fixes. Their work helps keep products consistent, operations organized, and customers safer and better served."
2993,Plant Maintenance-Electrician,Plant Maintenance-Electrician,Plant Maintenance-Electrician,47-2111.00,"A Plant Maintenance-Electrician keeps a factory or industrial plant’s electrical systems working safely and reliably. They inspect wiring, motors, control panels, and machines, troubleshoot faults, replace damaged parts, and do routine repairs and testing. Their work keeps production equipment running, helps prevent breakdowns, and makes the plant safer for workers."
3016,Insulation and Asbestos Worker,Insulation and Asbestos Worker,Insulation and Asbestos Worker,47-2131.00,"An Insulation and Asbestos Worker installs and removes materials that cover pipes, ducts, boilers, walls, and ceilings. They measure, cut, fit, wrap, and fasten insulation, and in older buildings they seal off areas and safely remove asbestos-containing materials. Their work helps control heat and noise, save energy, and keep buildings safer for the people inside."
3064,Pharmacy Associate,Pharmacy Associate,Pharmacy Associate,31-9095.00,"A Pharmacy Associate works in a pharmacy helping fill prescriptions and assist customers. They count pills, label medication, stock shelves, ring up purchases, and answer basic questions, while following safety rules and supporting the pharmacist. Their work helps people get the right medicines, keeps the pharmacy organized, and makes everyday health care safer and easier."
3123,Robotics Technician,Robotics Technician,Robotics Technician,17-3024.01,"A Robotics Technician installs, tests, repairs, and maintains robotic machines and automated equipment used in factories, warehouses, and other work sites. They wire parts, replace sensors, adjust controls, run diagnostic checks, and watch robots during operation to spot problems. Their work keeps machines running safely, products moving, and production lines reliable."
3126,Dairy Specialist,Dairy Specialist,Dairy Specialist,45-2093.00,"A Dairy Specialist manages the care, production, and quality of milk and dairy products on a farm or in a processing setting. They feed and monitor cows, check milking equipment, test milk, keep records, and watch for health or sanitation problems. Their work helps keep dairy products safe, fresh, and consistently available."
3164,Diesel Engine Mechanic,Diesel Engine Mechanic,Diesel Engine Mechanic,49-3031.00,"A Diesel Engine Mechanic repairs and maintains diesel-powered engines in trucks, buses, heavy equipment, and other machines. They inspect parts, run tests, change filters and fluids, replace worn components, and use tools and diagnostic equipment to fix problems. Their work keeps vehicles and equipment running safely, reliably, and with less downtime."
3196,Fiber Optic Calibration Technician,Fiber Optic Calibration Technician,Fiber Optic Calibration Technician,17-3029.08,"A Fiber Optic Calibration Technician tests, adjusts, and fine-tunes fiber optic cables, sensors, and measuring equipment so they give accurate readings. They connect instruments, run signal checks, compare results to standards, and record settings and repairs in labs, shops, or field sites. Their work keeps communication systems and precision equipment running reliably and safely."
3259,Carpenter,Carpenter,Carpenter,47-2031.00,"A Carpenter builds, installs, and repairs wooden parts of buildings and other structures. They measure and cut lumber, frame walls, hang doors, fit cabinets, build stairs, and use hand and power tools on homes, shops, and job sites. Their work creates solid spaces, smooth finishes, and structures that stay safe and usable every day."
3282,Moldmaker,Moldmaker,Moldmaker,51-4111.00,"A Moldmaker builds and repairs the metal molds used to shape plastic, rubber, or other materials into parts and products. They read blueprints, machine and polish metal pieces, fit parts together, test the mold, and make precise adjustments. Their work helps factories make consistent products and keeps production running smoothly."
3374,Tile Setter (4 Year),Tile Setter,Tile Setter,47-2044.00,"A Tile Setter installs tile on floors, walls, showers, countertops, and other surfaces in homes and buildings. They measure spaces, cut tile to fit, spread mortar or adhesive, set each piece in place, grout the joints, and clean the finished surface. Their work creates durable, easy-to-clean surfaces that protect walls and floors from water and wear."
3449,Glazier,Glazier,Glazier,47-2121.00,"A Glazier installs, replaces, and repairs glass in windows, doors, storefronts, skylights, and display cases. They measure openings, cut and fit glass, set panels into frames, seal edges, and sometimes handle mirrors or metal framing. Their work helps buildings stay weather-tight, bright, secure, and safe for everyday use."
3459,Electrician (Housewire or Residential),Electrician (Housewire or Residential),Electrician (Housewire or Residential),47-2111.00,"A residential Electrician installs, connects, tests, and repairs wiring, outlets, switches, breaker panels, and light fixtures in houses and apartments. They read plans, run cable through walls and ceilings, use hand and power tools, and check that electrical systems work properly and meet safety codes. Their work keeps homes powered, safe, and working reliably every day."
3477,Fire Fighter-EMT,Fire Fighter-EMT,Fire Fighter-EMT,33-2011.00,"A Fire Fighter-EMT responds to fires, crashes, medical emergencies, and other urgent calls. They drive or ride in emergency vehicles, put out fires, use hoses and tools, enter smoky buildings, give first aid, perform CPR, and help move injured people to ambulances. Their work protects lives, property, and public safety every day."
3509,Plant Maintenance-Electrician,Plant Maintenance-Electrician,Plant Maintenance-Electrician,47-2111.00,"A Plant Maintenance-Electrician keeps a factory or industrial plant’s electrical systems working safely and reliably. They inspect wiring, motors, control panels, and machines, troubleshoot faults, replace damaged parts, and do routine repairs and testing. Their work keeps production equipment running, helps prevent breakdowns, and makes the plant safer for workers."
3523,Plumber,Plumber,Plumber,47-2152.00,"A Plumber installs, repairs, and maintains the pipes, drains, fixtures, and appliances that carry water, gas, and waste in homes, businesses, and other buildings. They cut and join pipe, clear clogs, fix leaks, test systems, and fit sinks, toilets, tubs, and water heaters. Their work keeps water flowing, waste moving out, and buildings safe and working properly."
3531,Machinist (CNC),Machinist (CNC),Machinist (CNC),51-4041.00,"A CNC Machinist makes precise metal or plastic parts using computer-controlled machine tools. They read blueprints, set up lathes and mills, load materials, choose cutting tools, monitor the machines, and measure finished pieces to make sure they match exact sizes. Their work builds and keeps running the parts used in vehicles, machines, and equipment."
3550,Operating Engineer (Heavy Equipment),Operating Engineer (Heavy Equipment),Operating Engineer (Heavy Equipment),47-2073.00,"An Operating Engineer works with heavy equipment on construction sites and other outdoor job sites. They drive, steer, and control bulldozers, excavators, loaders, graders, and rollers to dig, lift, move, level, and spread earth, rock, and materials. Their work helps build roads, foundations, and utility systems, and keeps projects moving safely."
3565,Skilled Construction Craft Laborer,Skilled Construction Craft Laborer,Skilled Construction Craft Laborer,47-2061.00,"A Skilled Construction Craft Laborer does hands-on work on building sites and supports many parts of a construction project. They load and move materials, dig and grade ground, use hand and power tools, help set forms, pour concrete, and clean work areas. Their work helps keep projects moving, sites safer, and structures built properly."
3576,Plumber and Steamfitter,Plumber and Steamfitter,Plumber and Steamfitter,47-2152.00,"A Plumber and Steamfitter installs, repairs, and maintains pipes, fixtures, boilers, and heating or cooling systems in homes, buildings, and industrial sites. They cut and join pipe, test for leaks, fit valves and pumps, and connect water, gas, and steam lines. Their work keeps water flowing, heat working, and buildings safe and usable."
3579,Teacher,Teacher,Teacher,25-2021.00,"A Teacher plans lessons and helps students learn subjects like reading, math, science, or history. They explain ideas, lead class activities, answer questions, give assignments, and check progress through tests and daily work. Their work builds knowledge, skills, and good habits that help students succeed in school and everyday life."
3590,Maintenance Mechanic (Automatic Equipment),Maintenance Mechanic (Automatic Equipment),Maintenance Mechanic (Automatic Equipment),49-9041.00,"A Maintenance Mechanic working on automatic equipment installs, checks, repairs, and adjusts machines that run by themselves in factories, plants, or large buildings. They replace worn parts, test motors and controls, clear jams, lubricate moving pieces, and use tools to keep equipment working properly. Their work keeps machines running safely and production on schedule."
3610,Skilled Construction Craft Laborer,Skilled Construction Craft Laborer,Skilled Construction Craft Laborer,47-2061.00,"A Skilled Construction Craft Laborer does hands-on work on building sites and supports many parts of a construction project. They load and move materials, dig and grade ground, use hand and power tools, help set forms, pour concrete, and clean work areas. Their work helps keep projects moving, sites safer, and structures built properly."
3618,Machinist,Machinist,Machinist,51-4041.00,"A Machinist makes precise metal or plastic parts used in machines, tools, and equipment. They read blueprints, set up lathes, mills, grinders, and computer-controlled machines, then cut, drill, shape, and measure each piece to tight standards. Their work builds parts that fit properly and keeps vehicles, factories, and everyday equipment running safely."
3642,Insulation and Asbestos Worker,Insulation and Asbestos Worker,Insulation and Asbestos Worker,47-2131.00,"An Insulation and Asbestos Worker installs and removes materials that cover pipes, ducts, boilers, walls, and ceilings. They measure, cut, fit, wrap, and fasten insulation, and in older buildings they seal off areas and safely remove asbestos-containing materials. Their work helps control heat and noise, save energy, and keep buildings safer for the people inside."
3656,Steamfitter,Steamfitter,Steamfitter,47-2152.00,"A Steamfitter installs, assembles, and repairs pipe systems that carry steam, hot water, gases, and other fluids in buildings and industrial sites. They read blueprints, cut and thread pipe, weld joints, fit valves, and test systems for leaks and pressure. Their work keeps heating, cooling, and production systems running safely and reliably."
3662,Police Officer,Police Officer,Police Officer,33-3051.00,"A Police Officer enforces laws and responds to emergencies in the community. They patrol streets, stop suspicious activity, investigate crimes, interview people, write reports, direct traffic, and may make arrests. They spend time both out in public and at a desk handling paperwork. Their work helps keep people, property, and public spaces safer and orderly."
3665,Plumber and Pipefitter,Plumber and Pipefitter,Plumber and Pipefitter,47-2152.00,"A Plumber and Pipefitter installs, repairs, and tests water, gas, heating, and cooling pipes in homes, buildings, and industrial sites. They cut and join pipe, fit valves and fixtures, read plans, and troubleshoot leaks or pressure problems using hand and power tools. Their work keeps water flowing, waste moving, and building systems running safely."
3678,Plant Maintenance-Pipefitter,Plant Maintenance-Pipefitter,Plant Maintenance-Pipefitter,47-2152.00,"A Plant Maintenance-Pipefitter installs, repairs, and replaces the pipes, valves, pumps, and fittings that carry water, steam, air, gas, and chemicals through a plant. They measure and cut pipe, weld or bolt sections together, fix leaks, and test systems during shutdowns and daily maintenance. Their work keeps industrial equipment running safely and reliably."
3680,Carpenter,Carpenter,Carpenter,47-2031.00,"A Carpenter builds, installs, and repairs wooden parts of buildings and other structures. They measure and cut lumber, frame walls, hang doors, fit cabinets, build stairs, and use hand and power tools on homes, shops, and job sites. Their work creates solid spaces, smooth finishes, and structures that stay safe and usable every day."
3708,Software Developer,Software Developer,Software Developer,15-1251.00,"A Software Developer creates and updates computer programs, apps, and digital tools. They write code, test features, fix bugs, review how software works, and work with teammates to turn ideas into working systems people can use. Their work builds the software that helps businesses, services, and everyday technology run smoothly and safely."
3759,Precision Optics Manufacturing Technician,Precision Optics Manufacturing Technician,Precision Optics Manufacturing Technician,51-2099.00,"A Precision Optics Manufacturing Technician makes highly accurate glass or crystal parts used in devices like cameras, lasers, and medical tools. They cut, grind, polish, coat, and inspect lenses, mirrors, and prisms using specialized machines and measuring tools in clean work areas. Their work helps optical equipment stay precise, reliable, and safe to use."
3784,Security Analyst,Security Analyst,Security Analyst,15-1212.00,"A Security Analyst protects an organization’s computer systems, networks, and data from cyber threats. They watch security alerts, investigate suspicious activity, test for weaknesses, update protections, and help respond when attacks happen. Their work helps keep business systems running, protects private information, and makes online services safer for workers and customers."
3786,Cook (Chef),Cook (Chef),Cook (Chef),35-2014.00,"A Cook, often called a chef, prepares and cooks meals in restaurants, cafeterias, hotels, or other food settings. They chop ingredients, season and cook dishes, plate food, manage kitchen timing, and keep work areas clean and safe. Their work keeps people fed, kitchens running smoothly, and food quality and safety up to standard."
3802,Electrician,Electrician,Electrician,47-2111.00,"An Electrician installs, connects, tests, and repairs wiring, outlets, lights, circuit breakers, and electrical equipment in homes, buildings, and job sites. They read plans, run wire through walls and ceilings, use hand and power tools, and check that systems work safely. Their work keeps power flowing and buildings lit, working, and safer."
3829,Carpenter,Carpenter,Carpenter,47-2031.00,"A Carpenter builds, installs, and repairs wooden parts of buildings and other structures. They measure and cut lumber, frame walls, hang doors, fit cabinets, build stairs, and use hand and power tools on homes, shops, and job sites. Their work creates solid spaces, smooth finishes, and structures that stay safe and usable every day."
3854,Plumber and Steamfitter,Plumber and Steamfitter,Plumber and Steamfitter,47-2152.00,"A Plumber and Steamfitter installs, repairs, and maintains pipes, fixtures, boilers, and heating or cooling systems in homes, buildings, and industrial sites. They cut and join pipe, test for leaks, fit valves and pumps, and connect water, gas, and steam lines. Their work keeps water flowing, heat working, and buildings safe and usable."
3914,Elevator/Escalator Constructor & Modernizer,Elevator/Escalator Constructor and Modernizer,Elevator/Escalator Constructor and Modernizer,47-4021.00,"An Elevator/Escalator Constructor and Modernizer installs, repairs, and updates elevators, escalators, and moving walkways in buildings. They assemble rails, cables, motors, doors, and control systems, test equipment, and replace worn parts during upgrades. Their work keeps people and goods moving safely, smoothly, and reliably through homes, offices, hospitals, and transit spaces."
3937,Operating Engineer (Universal Equipment),Operating Engineer (Universal Equipment),Operating Engineer (Universal Equipment),47-2073.00,"An Operating Engineer uses many kinds of heavy equipment on construction sites, roads, and other outdoor projects. They run machines like bulldozers, excavators, loaders, rollers, and cranes to dig, lift, grade, move earth, and place materials, while checking controls and watching site conditions. Their work helps build roads, foundations, and utilities and keeps projects moving safely."
3971,Electrician,Electrician,Electrician,47-2111.00,"An Electrician installs, connects, tests, and repairs wiring, outlets, lights, circuit breakers, and electrical equipment in homes, buildings, and job sites. They read plans, run wire through walls and ceilings, use hand and power tools, and check that systems work safely. Their work keeps power flowing and buildings lit, working, and safer."
3984,Elevator Servicer and Repairer,Elevator Servicer and Repairer,Elevator Servicer and Repairer,47-4021.00,"An Elevator Servicer and Repairer installs, inspects, fixes, and maintains elevators, escalators, moving walkways, and lifts. They test controls, replace worn cables, motors, doors, and brakes, trace electrical or mechanical problems, and make adjustments using tools and meters. Their work keeps people and goods moving safely through buildings and keeps vertical transportation systems running reliably."
4017,Bricklayer Mason and Plasterer,Bricklayer Mason and Plasterer,Bricklayer Mason and Plasterer,47-2021.00,"A Bricklayer Mason and Plasterer builds and repairs walls, fireplaces, and other structures using brick, block, stone, mortar, and plaster. They spread mortar, lay materials in straight lines, smooth and coat surfaces, and patch cracks or damage on indoor and outdoor walls. Their work builds strong surfaces and helps keep buildings sturdy, sealed, and looking finished."
4048,Operating Engineer (Universal Equipment),Operating Engineer (Universal Equipment),Operating Engineer (Universal Equipment),47-2073.00,"An Operating Engineer uses many kinds of heavy equipment on construction sites, roads, and other outdoor projects. They run machines like bulldozers, excavators, loaders, rollers, and cranes to dig, lift, grade, move earth, and place materials, while checking controls and watching site conditions. Their work helps build roads, foundations, and utilities and keeps projects moving safely."
4059,Electro-Mechanical Technician,Electro-Mechanical Technician,Electro-Mechanical Technician,17-3024.00,"An Electro-Mechanical Technician installs, tests, repairs, and maintains machines that use both electrical and mechanical parts. They trace wiring, replace sensors and motors, adjust moving parts, read diagrams, and use meters and hand tools to find problems on factory equipment or automated systems. Their work keeps machines running safely, accurately, and with less downtime."
4078,Dry Wall Taper (Finisher),Drywall Taper (Finisher),Dry Wall Taper (Finisher),47-2082.00,"A Drywall Taper, also called a finisher, smooths and prepares drywall walls and ceilings for painting or wallpaper. They spread joint compound over seams and screw holes, press tape into joints, sand rough spots, and blend corners until surfaces look flat and clean. Their work makes rooms look finished and keeps walls smooth, solid, and ready to use."
4082,Industrial Hygienist,Industrial Hygienist,Industrial Hygienist,19-5011.00,"An Industrial Hygienist finds and controls health hazards in workplaces such as dust, chemicals, noise, fumes, heat, and poor air quality. They inspect job sites, collect samples, measure exposure levels, study work processes, and recommend safer equipment, ventilation, and work methods. Their work helps keep workers healthy, buildings safer, and operations running properly."
4101,Sheet Metal Worker,Sheet Metal Worker,Sheet Metal Worker,47-2211.00,"A Sheet Metal Worker makes, installs, and repairs metal parts used in buildings and equipment. They measure and cut sheet metal, bend and shape it, and fasten ducts, vents, flashing, and panels using hand tools, power tools, and welding equipment. Their work helps heating, cooling, and building systems fit properly and keep running safely."
4123,Multi-Story Window and Building Surface Cleaner,Multi-Story Window and Building Surface Cleaner,Multi-Story Window and Building Surface Cleaner,37-2011.00,"A Multi-Story Window and Building Surface Cleaner cleans windows, glass walls, and outside building surfaces on tall buildings. They work from suspended platforms, ropes, or lifts, washing away dirt, dust, bird droppings, and stains, and checking for damaged seals or cracks. Their work keeps buildings looking clear, well maintained, and safer to use."
4137,Industrial Manufacturing Technician,Industrial Manufacturing Technician,Industrial Manufacturing Technician,17-3026.00,"An Industrial Manufacturing Technician works in factories to keep production equipment and processes running smoothly. They set up machines, monitor controls, test products, adjust parts, troubleshoot problems, and do basic maintenance while following safety and quality rules. Their work helps build reliable products, reduce waste, and keep manufacturing lines running safely and efficiently."
4145,Iron Worker (Outside),Iron Worker (Outside),Iron Worker (Outside),47-2221.00,"An outside Iron Worker builds and repairs the steel frames and heavy metal parts of buildings, bridges, towers, and other large structures. They unload steel, line up beams, bolt and weld pieces together, and work high above the ground using cranes, lifts, and safety gear. Their work helps keep major structures strong, stable, and safe."
4154,Electronics Technician (Manufacturing Only),Electronics Technician (Manufacturing Only),Electronics Technician (Manufacturing Only),49-2094.00,"An Electronics Technician in manufacturing builds, tests, troubleshoots, and repairs electronic equipment and parts in a factory. They wire circuits, solder components, use meters and testing tools, adjust machines, and track problems on production lines. Their work helps keep products working properly, production running smoothly, and electronic systems safe and reliable."
4172,Marine Services Technician,Marine Services Technician,Marine Services Technician,49-3051.00,"A Marine Services Technician maintains and repairs boats and other small marine vessels. They inspect engines, steering, fuel, electrical, and plumbing systems, change parts, test equipment, and prepare boats for launch, storage, or seasonal use, often working in marinas and boatyards. Their work keeps vessels running reliably and makes time on the water safer."
4185,Plumber and Pipefitter,Plumber and Pipefitter,Plumber and Pipefitter,47-2152.00,"A Plumber and Pipefitter installs, repairs, and tests water, gas, heating, and cooling pipes in homes, buildings, and industrial sites. They cut and join pipe, fit valves and fixtures, read plans, and troubleshoot leaks or pressure problems using hand and power tools. Their work keeps water flowing, waste moving, and building systems running safely."
4189,Insulation and Asbestos Worker,Insulation and Asbestos Worker,Insulation and Asbestos Worker,47-2131.00,"An Insulation and Asbestos Worker installs and removes materials that cover pipes, ducts, boilers, walls, and ceilings. They measure, cut, fit, wrap, and fasten insulation, and in older buildings they seal off areas and safely remove asbestos-containing materials. Their work helps control heat and noise, save energy, and keep buildings safer for the people inside."
4234,Cook,Cook,Cook,35-2012.00,"A Cook prepares and cooks food in places like restaurants, cafeterias, hospitals, or hotels. They chop ingredients, follow recipes, grill, bake, fry, season dishes, watch cooking times, and keep work areas clean and safe. Their work helps people get meals that are ready on time, taste good, and are safe to eat."
4241,Electrician,Electrician,Electrician,47-2111.00,"An Electrician installs, connects, tests, and repairs wiring, outlets, lights, circuit breakers, and electrical equipment in homes, buildings, and job sites. They read plans, run wire through walls and ceilings, use hand and power tools, and check that systems work safely. Their work keeps power flowing and buildings lit, working, and safer."
4259,Plant Maintenance-Mechanic (4 Year),Plant Maintenance-Mechanic,Plant Maintenance-Mechanic,49-9071.00,"A Plant Maintenance-Mechanic keeps factory and plant equipment working properly. They inspect machines, take apart worn parts, replace belts, bearings, motors, or pumps, lubricate moving pieces, and use tools to fix breakdowns on the shop floor. Their work keeps production lines running, equipment in good condition, and workplaces safer."
4311,Sprinkler Fitter,Sprinkler Fitter,Sprinkler Fitter,47-2152.00,"A Sprinkler Fitter installs, repairs, and tests fire sprinkler systems in buildings. They measure and cut pipe, hang and connect it overhead, fit sprinkler heads and valves, and check water flow and pressure to make sure the system works. Their work helps protect people, buildings, and equipment by making fires easier to control."
4375,Quality Assurance Auditor,Quality Assurance Auditor,Quality Assurance Auditor,19-4099.01,"A Quality Assurance Auditor checks whether a company’s products, services, or work processes meet set standards and rules. They review records, inspect work areas, watch how tasks are done, and talk with staff to spot mistakes, risks, or weak points. Their work helps keep products reliable, workplaces organized, and systems running safely and correctly."
4387,Machine Builder,Machine Builder,Machine Builder,51-2031.00,"A Machine Builder assembles, fits, and tests industrial machines from metal parts, motors, belts, sensors, and controls. They read drawings, line up moving parts, bolt frames together, adjust components, and fix problems so the machine runs smoothly. Their work builds equipment that factories depend on to make products safely and keep production running."
4433,Project Manager,Project Manager,Project Manager,15-1299.09,"A Project Manager plans and leads a project from start to finish. They break the work into steps, set schedules and budgets, assign tasks, track progress, solve problems, and keep workers, clients, and suppliers informed through meetings, calls, and reports. Their work helps projects stay organized, on time, on budget, and running smoothly."
4460,Water Systems Operation Specialist,Water Systems Operation Specialist,Water Systems Operation Specialist,51-8031.00,"A Water Systems Operation Specialist runs and monitors the equipment that treats, pumps, and moves drinking water through a community’s system. They check gauges, test water samples, adjust chemicals, inspect pipes and valves, and respond to leaks or equipment problems. Their work keeps water clean, flowing, and safe for homes, schools, and businesses."
4484,Operating Engineer (Heavy Equipment),Operating Engineer (Heavy Equipment),Operating Engineer (Heavy Equipment),47-2073.00,"An Operating Engineer works with heavy equipment on construction sites and other outdoor job sites. They drive, steer, and control bulldozers, excavators, loaders, graders, and rollers to dig, lift, move, level, and spread earth, rock, and materials. Their work helps build roads, foundations, and utility systems, and keeps projects moving safely."
4498,Sheet Metal Worker,Sheet Metal Worker,Sheet Metal Worker,47-2211.00,"A Sheet Metal Worker makes, installs, and repairs metal parts used in buildings and equipment. They measure and cut sheet metal, bend and shape it, and fasten ducts, vents, flashing, and panels using hand tools, power tools, and welding equipment. Their work helps heating, cooling, and building systems fit properly and keep running safely."
4509,Electrician,Electrician,Electrician,47-2111.00,"An Electrician installs, connects, tests, and repairs wiring, outlets, lights, circuit breakers, and electrical equipment in homes, buildings, and job sites. They read plans, run wire through walls and ceilings, use hand and power tools, and check that systems work safely. Their work keeps power flowing and buildings lit, working, and safer."
4510,Painter and Decorator,Painter and Decorator,Painter and Decorator,47-2141.00,"A Painter and Decorator prepares and finishes walls, ceilings, woodwork, and other surfaces in homes, offices, and other buildings. They scrape, sand, fill cracks, apply primer, paint, wallpaper, and decorative finishes, and work neatly around trim and fixtures. Their work protects surfaces from wear and moisture and improves how indoor and outdoor spaces look and last."
4539,Direct Support Professional,Direct Support Professional,Direct Support Professional,21-1093.00,"A Direct Support Professional helps people with disabilities or other support needs with daily life at home, at work, and in the community. They may help with meals, bathing, dressing, medicine reminders, rides, shopping, and simple paperwork while offering steady support and encouragement. Their work helps people stay safe, healthy, independent, and connected."
4541,Sheet Metal Worker,Sheet Metal Worker,Sheet Metal Worker,47-2211.00,"A Sheet Metal Worker makes, installs, and repairs metal parts used in buildings and equipment. They measure and cut sheet metal, bend and shape it, and fasten ducts, vents, flashing, and panels using hand tools, power tools, and welding equipment. Their work helps heating, cooling, and building systems fit properly and keep running safely."
4549,General Insurance Associate,General Insurance Associate,General Insurance Associate,43-9041.00,"A General Insurance Associate helps people and businesses choose insurance coverage for things like homes, cars, property, and liability. They explain policy options, prepare quotes, process applications, update customer records, and help with claims questions and renewals, often by phone, email, or in an office. Their work helps protect property, finances, and daily activities when problems happen."
4571,Instrument Technician,Instrument Technician,Instrument Technician,17-3023.00,"An Instrument Technician installs, tests, calibrates, and repairs the devices that measure and control pressure, temperature, flow, and level in plants and buildings. They wire sensors, adjust control panels, trace faults, and replace worn parts using meters and hand tools. Their work keeps equipment running properly and systems safe, accurate, and efficient."
4577,Electrician,Electrician,Electrician,47-2111.00,"An Electrician installs, connects, tests, and repairs wiring, outlets, lights, circuit breakers, and electrical equipment in homes, buildings, and job sites. They read plans, run wire through walls and ceilings, use hand and power tools, and check that systems work safely. Their work keeps power flowing and buildings lit, working, and safer."
4581,Skilled Construction Craft Laborer,Skilled Construction Craft Laborer,Skilled Construction Craft Laborer,47-2061.00,"A Skilled Construction Craft Laborer does hands-on work on building sites and supports many parts of a construction project. They load and move materials, dig and grade ground, use hand and power tools, help set forms, pour concrete, and clean work areas. Their work helps keep projects moving, sites safer, and structures built properly."
4594,Plumber and Pipefitter,Plumber and Pipefitter,Plumber and Pipefitter,47-2152.00,"A Plumber and Pipefitter installs, repairs, and tests water, gas, heating, and cooling pipes in homes, buildings, and industrial sites. They cut and join pipe, fit valves and fixtures, read plans, and troubleshoot leaks or pressure problems using hand and power tools. Their work keeps water flowing, waste moving, and building systems running safely."
4601,Skilled Construction Craft Laborer,Skilled Construction Craft Laborer,Skilled Construction Craft Laborer,47-2061.00,"A Skilled Construction Craft Laborer does hands-on work on building sites and supports many parts of a construction project. They load and move materials, dig and grade ground, use hand and power tools, help set forms, pour concrete, and clean work areas. Their work helps keep projects moving, sites safer, and structures built properly."
4612,Instrument Technician,Instrument Technician,Instrument Technician,17-3023.00,"An Instrument Technician installs, tests, calibrates, and repairs the devices that measure and control pressure, temperature, flow, and level in plants and buildings. They wire sensors, adjust control panels, trace faults, and replace worn parts using meters and hand tools. Their work keeps equipment running properly and systems safe, accurate, and efficient."
4627,Carpenter,Carpenter,Carpenter,47-2031.00,"A Carpenter builds, installs, and repairs wooden parts of buildings and other structures. They measure and cut lumber, frame walls, hang doors, fit cabinets, build stairs, and use hand and power tools on homes, shops, and job sites. Their work creates solid spaces, smooth finishes, and structures that stay safe and usable every day."
4638,Junior Accountant,Junior Accountant,Junior Accountant,43-3031.00,"A Junior Accountant keeps track of a business’s day-to-day finances and helps prepare basic financial records. They enter invoices, record payments, check receipts, update spreadsheets, reconcile bank statements, and help with reports, budgets, and tax paperwork. Their work keeps money records accurate, bills and payroll on track, and businesses running smoothly."
4644,Carpenter(Piledriver/Dockbuilder),Carpenter (Piledriver/Dockbuilder),Carpenter (Piledriver/Dockbuilder),47-2031.00,"A Carpenter who works as a piledriver and dockbuilder builds and repairs docks, piers, bridges, bulkheads, and other waterfront structures. They drive heavy piles into the ground, frame and brace timber or steel parts, and work around cranes, barges, and water. Their work keeps shorelines, marine facilities, and crossings stable, usable, and safer."
4646,Painter and Decorator,Painter and Decorator,Painter and Decorator,47-2141.00,"A Painter and Decorator prepares and finishes walls, ceilings, woodwork, and other surfaces in homes, offices, and other buildings. They scrape, sand, fill cracks, apply primer, paint, wallpaper, and decorative finishes, and work neatly around trim and fixtures. Their work protects surfaces from wear and moisture and improves how indoor and outdoor spaces look and last."
4653,Behavior Technician,Behavior Technician,Behavior Technician,29-2053.00,"A Behavior Technician works directly with children or adults who need help with behavior, communication, and daily living skills. They lead practice activities, track how a person responds, help with routines at home, school, or clinics, and follow treatment plans from specialists. Their work helps people build useful skills and keeps care consistent and safe."
4659,CNC Tool And Cutter Grinder,CNC Tool And Cutter Grinder,CNC Tool And Cutter Grinder,51-4194.00,"A CNC Tool And Cutter Grinder sets up and runs computer-controlled machines that sharpen, shape, and finish metal cutting tools such as drill bits, end mills, and reamers. They load tools, enter machine settings, measure parts closely, and inspect edges for accuracy and wear. Their work keeps factory tools cutting cleanly, parts accurate, and machines running well."
4667,Electrician,Electrician,Electrician,47-2111.00,"An Electrician installs, connects, tests, and repairs wiring, outlets, lights, circuit breakers, and electrical equipment in homes, buildings, and job sites. They read plans, run wire through walls and ceilings, use hand and power tools, and check that systems work safely. Their work keeps power flowing and buildings lit, working, and safer."
4672,Roofer,Roofer,Roofer,47-2181.00,"A Roofer builds, repairs, and replaces roofs on homes, shops, and other buildings. They tear off old shingles, lay underlayment, fasten shingles, tiles, or metal panels, seal flashing around vents and chimneys, and work high up in changing weather. Their work keeps buildings dry, insulated, and protected from leaks and damage."
4680,Skilled Construction Craft Laborer,Skilled Construction Craft Laborer,Skilled Construction Craft Laborer,47-2061.00,"A Skilled Construction Craft Laborer does hands-on work on building sites and supports many parts of a construction project. They load and move materials, dig and grade ground, use hand and power tools, help set forms, pour concrete, and clean work areas. Their work helps keep projects moving, sites safer, and structures built properly."
4695,Manufacturing Engineering Technician,Manufacturing Engineering Technician,Manufacturing Engineering Technician,17-2112.03,"A Manufacturing Engineering Technician helps set up, test, and improve the machines, tools, and steps used to make products in a factory. They measure parts, check production lines, update drawings, troubleshoot equipment problems, and help workers follow efficient methods. Their work helps products be made correctly, waste less material, and keeps production running smoothly."
4719,Electrician,Electrician,Electrician,47-2111.00,"An Electrician installs, connects, tests, and repairs wiring, outlets, lights, circuit breakers, and electrical equipment in homes, buildings, and job sites. They read plans, run wire through walls and ceilings, use hand and power tools, and check that systems work safely. Their work keeps power flowing and buildings lit, working, and safer."
4720,Operating Engineer (Heavy Equipment),Operating Engineer (Heavy Equipment),Operating Engineer (Heavy Equipment),47-2073.00,"An Operating Engineer works with heavy equipment on construction sites and other outdoor job sites. They drive, steer, and control bulldozers, excavators, loaders, graders, and rollers to dig, lift, move, level, and spread earth, rock, and materials. Their work helps build roads, foundations, and utility systems, and keeps projects moving safely."
4731,School Administrator (Building Administrator),School Administrator (Building Administrator),School Administrator (Building Administrator),11-9032.00,"A School Administrator leads the daily operations of a school building. They supervise teachers and staff, manage schedules, handle student discipline, meet with families, observe classrooms, and make sure policies, safety rules, and school programs are followed. Their work keeps the school organized, students supported, and learning and school safety running smoothly."
4734,Machinist (CNC),Machinist (CNC),Machinist (CNC),51-4041.00,"A CNC Machinist makes precise metal or plastic parts using computer-controlled machine tools. They read blueprints, set up lathes and mills, load materials, choose cutting tools, monitor the machines, and measure finished pieces to make sure they match exact sizes. Their work builds and keeps running the parts used in vehicles, machines, and equipment."
4788,Electrician,Electrician,Electrician,47-2111.00,"An Electrician installs, connects, tests, and repairs wiring, outlets, lights, circuit breakers, and electrical equipment in homes, buildings, and job sites. They read plans, run wire through walls and ceilings, use hand and power tools, and check that systems work safely. Their work keeps power flowing and buildings lit, working, and safer."
4795,Electrician,Electrician,Electrician,47-2111.00,"An Electrician installs, connects, tests, and repairs wiring, outlets, lights, circuit breakers, and electrical equipment in homes, buildings, and job sites. They read plans, run wire through walls and ceilings, use hand and power tools, and check that systems work safely. Their work keeps power flowing and buildings lit, working, and safer."
4809,Carpenter,Carpenter,Carpenter,47-2031.00,"A Carpenter builds, installs, and repairs wooden parts of buildings and other structures. They measure and cut lumber, frame walls, hang doors, fit cabinets, build stairs, and use hand and power tools on homes, shops, and job sites. Their work creates solid spaces, smooth finishes, and structures that stay safe and usable every day."
4847,Operating Engineer (Universal Equipment),Operating Engineer (Universal Equipment),Operating Engineer (Universal Equipment),47-2073.00,"An Operating Engineer uses many kinds of heavy equipment on construction sites, roads, and other outdoor projects. They run machines like bulldozers, excavators, loaders, rollers, and cranes to dig, lift, grade, move earth, and place materials, while checking controls and watching site conditions. Their work helps build roads, foundations, and utilities and keeps projects moving safely."
4867,Glazier,Glazier,Glazier,47-2121.00,"A Glazier installs, replaces, and repairs glass in windows, doors, storefronts, skylights, and display cases. They measure openings, cut and fit glass, set panels into frames, seal edges, and sometimes handle mirrors or metal framing. Their work helps buildings stay weather-tight, bright, secure, and safe for everyday use."
4888,Elevator Servicer and Repairer,Elevator Servicer and Repairer,Elevator Servicer and Repairer,47-4021.00,"An Elevator Servicer and Repairer installs, inspects, fixes, and maintains elevators, escalators, moving walkways, and lifts. They test controls, replace worn cables, motors, doors, and brakes, trace electrical or mechanical problems, and make adjustments using tools and meters. Their work keeps people and goods moving safely through buildings and keeps vertical transportation systems running reliably."
4893,Machinist (CNC),Machinist (CNC),Machinist (CNC),51-4041.00,"A CNC Machinist makes precise metal or plastic parts using computer-controlled machine tools. They read blueprints, set up lathes and mills, load materials, choose cutting tools, monitor the machines, and measure finished pieces to make sure they match exact sizes. Their work builds and keeps running the parts used in vehicles, machines, and equipment."
4908,Machinist (CNC),Machinist (CNC),Machinist (CNC),51-4041.00,"A CNC Machinist makes precise metal or plastic parts using computer-controlled machine tools. They read blueprints, set up lathes and mills, load materials, choose cutting tools, monitor the machines, and measure finished pieces to make sure they match exact sizes. Their work builds and keeps running the parts used in vehicles, machines, and equipment."
4947,"Mold Maker, Die-Casting and Plastic Molding","Mold Maker, Die-Casting, and Plastic Molding","Mold Maker, Die-Casting, and Plastic Molding",51-4111.00,"A Mold Maker, Die-Casting, and Plastic Molding builds, repairs, and fine-tunes the metal molds and dies used to shape plastic and die-cast parts. They read drawings, machine and polish steel pieces, fit moving parts, and test molds for smooth, accurate production. Their work helps factories make reliable parts that fit properly and keeps production running."
4975,Toolmaker,Toolmaker,Toolmaker,51-4111.00,"A Toolmaker makes and repairs the precise tools, dies, molds, and fixtures used in manufacturing. They read detailed drawings, cut and shape metal, operate machine tools, polish surfaces, and check measurements to tiny tolerances so parts fit exactly. Their work keeps factory machines running, products accurate, and production lines making reliable everyday goods."
5020,"Painter, Decorator & Paperhanger","Painter, Decorator, and Paperhanger","Painter, Decorator, and Paperhanger",47-2141.00,"A Painter, Decorator, and Paperhanger finishes and updates indoor and outdoor surfaces in homes, offices, and other buildings. They prepare walls and woodwork, scrape and sand old finishes, fill holes, apply paint or stain, and hang wallpaper neatly and straight. Their work protects surfaces from wear and moisture and makes rooms cleaner, brighter, and easier to maintain."
5033,Machinist (CNC),Machinist (CNC),Machinist (CNC),51-4041.00,"A CNC Machinist makes precise metal or plastic parts using computer-controlled machine tools. They read blueprints, set up lathes and mills, load materials, choose cutting tools, monitor the machines, and measure finished pieces to make sure they match exact sizes. Their work builds and keeps running the parts used in vehicles, machines, and equipment."
5045,Carpenter(Piledriver/Dockbuilder),Carpenter (Piledriver/Dockbuilder),Carpenter (Piledriver/Dockbuilder),47-2031.00,"A Carpenter who works as a piledriver and dockbuilder builds and repairs docks, piers, bridges, bulkheads, and other waterfront structures. They drive heavy piles into the ground, frame and brace timber or steel parts, and work around cranes, barges, and water. Their work keeps shorelines, marine facilities, and crossings stable, usable, and safer."
5054,Electrical (Outside) Line Worker,Electrical (Outside) Line Worker,Electrical (Outside) Line Worker,49-9051.00,"An outside Electrical Line Worker builds, repairs, and maintains overhead and underground power lines that carry electricity to homes and businesses. They climb poles, work from bucket trucks, replace wires, insulators, and transformers, and restore service after storms or outages. Their work keeps electrical systems running safely and power flowing where people need it."
5067,Carpenter,Carpenter,Carpenter,47-2031.00,"A Carpenter builds, installs, and repairs wooden parts of buildings and other structures. They measure and cut lumber, frame walls, hang doors, fit cabinets, build stairs, and use hand and power tools on homes, shops, and job sites. Their work creates solid spaces, smooth finishes, and structures that stay safe and usable every day."
5082,Machinist (CNC),Machinist (CNC),Machinist (CNC),51-4041.00,"A CNC Machinist makes precise metal or plastic parts using computer-controlled machine tools. They read blueprints, set up lathes and mills, load materials, choose cutting tools, monitor the machines, and measure finished pieces to make sure they match exact sizes. Their work builds and keeps running the parts used in vehicles, machines, and equipment."
5104,Skilled Construction Craft Laborer,Skilled Construction Craft Laborer,Skilled Construction Craft Laborer,47-2061.00,"A Skilled Construction Craft Laborer does hands-on work on building sites and supports many parts of a construction project. They load and move materials, dig and grade ground, use hand and power tools, help set forms, pour concrete, and clean work areas. Their work helps keep projects moving, sites safer, and structures built properly."
5179,Dry Wall Taper (Finisher),Drywall Taper (Finisher),Dry Wall Taper (Finisher),47-2082.00,"A Drywall Taper, also called a finisher, smooths and prepares drywall walls and ceilings for painting or wallpaper. They spread joint compound over seams and screw holes, press tape into joints, sand rough spots, and blend corners until surfaces look flat and clean. Their work makes rooms look finished and keeps walls smooth, solid, and ready to use."
5186,"Heating, Ventilation and Air Conditioning Mechanic","Heating, Ventilation, and Air Conditioning Mechanic","Heating, Ventilation, and Air Conditioning Mechanic",49-9021.00,"A Heating, Ventilation, and Air Conditioning Mechanic installs, repairs, and maintains furnaces, air conditioners, ventilation systems, and thermostats in homes and buildings. They connect pipes and wiring, test airflow and temperature, replace worn parts, and troubleshoot breakdowns using tools and meters. Their work keeps indoor spaces comfortable, equipment running, and air systems safe and efficient."
5229,Plumber,Plumber,Plumber,47-2152.00,"A Plumber installs, repairs, and maintains the pipes, drains, fixtures, and appliances that carry water, gas, and waste in homes, businesses, and other buildings. They cut and join pipe, clear clogs, fix leaks, test systems, and fit sinks, toilets, tubs, and water heaters. Their work keeps water flowing, waste moving out, and buildings safe and working properly."
5241,Skilled Construction Craft Laborer,Skilled Construction Craft Laborer,Skilled Construction Craft Laborer,47-2061.00,"A Skilled Construction Craft Laborer does hands-on work on building sites and supports many parts of a construction project. They load and move materials, dig and grade ground, use hand and power tools, help set forms, pour concrete, and clean work areas. Their work helps keep projects moving, sites safer, and structures built properly."
5262,"Pointer, Caulker and Cleaner","Pointer, Caulker, and Cleaner","Pointer, Caulker, and Cleaner",47-4099.00,"A Pointer, Caulker, and Cleaner repairs and protects the outside of buildings, bridges, and chimneys. They scrape out damaged mortar, pack fresh mortar between bricks or stone, seal cracks and joints with caulk, and clean surfaces with water, chemicals, or blasting tools, often from scaffolds. This keeps walls strong, dry, safe, and well maintained."
5271,Pipefitter,Pipefitter,Pipefitter,47-2152.00,"A Pipefitter installs, assembles, and repairs the pipes, valves, and fittings that carry steam, water, chemicals, and gases in buildings and industrial sites. They measure and cut pipe, thread and weld joints, read blueprints, and test systems for leaks and pressure. Their work keeps heating, cooling, and production systems running safely and reliably."
5298,Carpenter,Carpenter,Carpenter,47-2031.00,"A Carpenter builds, installs, and repairs wooden parts of buildings and other structures. They measure and cut lumber, frame walls, hang doors, fit cabinets, build stairs, and use hand and power tools on homes, shops, and job sites. Their work creates solid spaces, smooth finishes, and structures that stay safe and usable every day."
5305,Human Resources Associate,Human Resources Associate,Human Resources Associate,43-4161.00,"A Human Resources Associate supports the people side of a workplace. They post job openings, review applications, schedule interviews, help new employees with hiring paperwork, update staff records, answer questions about policies and benefits, and assist with payroll or training tasks. Their work helps workplaces stay organized, staffed, and running smoothly for employees and managers."
5349,Skilled Construction Craft Laborer,Skilled Construction Craft Laborer,Skilled Construction Craft Laborer,47-2061.00,"A Skilled Construction Craft Laborer does hands-on work on building sites and supports many parts of a construction project. They load and move materials, dig and grade ground, use hand and power tools, help set forms, pour concrete, and clean work areas. Their work helps keep projects moving, sites safer, and structures built properly."
5355,Glazier,Glazier,Glazier,47-2121.00,"A Glazier installs, replaces, and repairs glass in windows, doors, storefronts, skylights, and display cases. They measure openings, cut and fit glass, set panels into frames, seal edges, and sometimes handle mirrors or metal framing. Their work helps buildings stay weather-tight, bright, secure, and safe for everyday use."
5356,Toolmaker,Toolmaker,Toolmaker,51-4111.00,"A Toolmaker makes and repairs the precise tools, dies, molds, and fixtures used in manufacturing. They read detailed drawings, cut and shape metal, operate machine tools, polish surfaces, and check measurements to tiny tolerances so parts fit exactly. Their work keeps factory machines running, products accurate, and production lines making reliable everyday goods."
5369,"Coordinator (Trade Shows, Events, Conferences, Exhibitions, Meetings)","Coordinator (Trade Shows, Events, Conferences, Exhibitions, Meetings)","Coordinator (Trade Shows, Events, Conferences, Exhibitions, Meetings)",13-1121.00,"A Coordinator for trade shows, events, conferences, exhibitions, and meetings plans and runs business gatherings from start to finish. They book venues, schedule speakers, arrange booths, signs, catering, travel, and equipment, and solve problems during the event. Their work keeps events organized, on time, and useful for the people attending."
5430,Bricklayer Mason and Plasterer,Bricklayer Mason and Plasterer,Bricklayer Mason and Plasterer,47-2021.00,"A Bricklayer Mason and Plasterer builds and repairs walls, fireplaces, and other structures using brick, block, stone, mortar, and plaster. They spread mortar, lay materials in straight lines, smooth and coat surfaces, and patch cracks or damage on indoor and outdoor walls. Their work builds strong surfaces and helps keep buildings sturdy, sealed, and looking finished."
5452,Radiation Protection Technician,Radiation Protection Technician,Radiation Protection Technician,19-4051.02,"A Radiation Protection Technician checks workplaces for radiation and helps control exposure. They use meters to measure radiation levels, test air and surfaces, inspect protective equipment, track worker exposure, and make sure safety rules are followed in places like hospitals, labs, or power plants. Their work helps keep people, equipment, and work areas safer and running properly."
5463,Machinist (CNC),Machinist (CNC),Machinist (CNC),51-4041.00,"A CNC Machinist makes precise metal or plastic parts using computer-controlled machine tools. They read blueprints, set up lathes and mills, load materials, choose cutting tools, monitor the machines, and measure finished pieces to make sure they match exact sizes. Their work builds and keeps running the parts used in vehicles, machines, and equipment."
5552,Electrician,Electrician,Electrician,47-2111.00,"An Electrician installs, connects, tests, and repairs wiring, outlets, lights, circuit breakers, and electrical equipment in homes, buildings, and job sites. They read plans, run wire through walls and ceilings, use hand and power tools, and check that systems work safely. Their work keeps power flowing and buildings lit, working, and safer."
5604,Machinist (CNC),Machinist (CNC),Machinist (CNC),51-4041.00,"A CNC Machinist makes precise metal or plastic parts using computer-controlled machine tools. They read blueprints, set up lathes and mills, load materials, choose cutting tools, monitor the machines, and measure finished pieces to make sure they match exact sizes. Their work builds and keeps running the parts used in vehicles, machines, and equipment."
5636,Skilled Construction Craft Laborer,Skilled Construction Craft Laborer,Skilled Construction Craft Laborer,47-2061.00,"A Skilled Construction Craft Laborer does hands-on work on building sites and supports many parts of a construction project. They load and move materials, dig and grade ground, use hand and power tools, help set forms, pour concrete, and clean work areas. Their work helps keep projects moving, sites safer, and structures built properly."
5670,Calibration Technician(Electrical-Electronic),Calibration Technician (Electrical-Electronic),Calibration Technician (Electrical-Electronic),17-3023.00,"A Calibration Technician working with electrical and electronic equipment checks, adjusts, and tests instruments to make sure they measure correctly. They use meters, signal generators, and software to compare readings, find faults, replace small parts, and record results in reports. Their work keeps machines, control systems, and safety devices accurate, reliable, and running properly."
5741,Human Resources Associate,Human Resources Associate,Human Resources Associate,43-4161.00,"A Human Resources Associate supports the people side of a workplace. They post job openings, review applications, schedule interviews, help new employees with hiring paperwork, update staff records, answer questions about policies and benefits, and assist with payroll or training tasks. Their work helps workplaces stay organized, staffed, and running smoothly for employees and managers."
5773,Roofer,Roofer,Roofer,47-2181.00,"A Roofer builds, repairs, and replaces roofs on homes, shops, and other buildings. They tear off old shingles, lay underlayment, fasten shingles, tiles, or metal panels, seal flashing around vents and chimneys, and work high up in changing weather. Their work keeps buildings dry, insulated, and protected from leaks and damage."
5788,Electrician,Electrician,Electrician,47-2111.00,"An Electrician installs, connects, tests, and repairs wiring, outlets, lights, circuit breakers, and electrical equipment in homes, buildings, and job sites. They read plans, run wire through walls and ceilings, use hand and power tools, and check that systems work safely. Their work keeps power flowing and buildings lit, working, and safer."
5802,Sheet Metal Worker,Sheet Metal Worker,Sheet Metal Worker,47-2211.00,"A Sheet Metal Worker makes, installs, and repairs metal parts used in buildings and equipment. They measure and cut sheet metal, bend and shape it, and fasten ducts, vents, flashing, and panels using hand tools, power tools, and welding equipment. Their work helps heating, cooling, and building systems fit properly and keep running safely."
5829,"Truck Driver, Heavy","Truck Driver, Heavy","Truck Driver, Heavy",53-3032.00,"A Truck Driver, Heavy drives large trucks that haul goods, materials, or equipment over short or long distances. They load and secure cargo, inspect the vehicle, plan routes, handle paperwork, and back into loading docks or work sites. Their work keeps deliveries moving, businesses supplied, and roads, job sites, and stores running."
5836,Teacher Assistant,Teacher Assistant,Teacher Assistant,25-9042.00,"A Teacher Assistant supports a classroom teacher and helps students with daily learning activities. They set up materials, supervise small groups, explain instructions, help children stay focused, and assist with meals, recess, or cleanup. Their work helps classrooms run smoothly, supports student learning, and keeps the school day organized and safe."
5839,Sprinkler Fitter,Sprinkler Fitter,Sprinkler Fitter,47-2152.00,"A Sprinkler Fitter installs, repairs, and tests fire sprinkler systems in buildings. They measure and cut pipe, hang and connect it overhead, fit sprinkler heads and valves, and check water flow and pressure to make sure the system works. Their work helps protect people, buildings, and equipment by making fires easier to control."
5870,Electrician,Electrician,Electrician,47-2111.00,"An Electrician installs, connects, tests, and repairs wiring, outlets, lights, circuit breakers, and electrical equipment in homes, buildings, and job sites. They read plans, run wire through walls and ceilings, use hand and power tools, and check that systems work safely. Their work keeps power flowing and buildings lit, working, and safer."
5888,Machinist (CNC),Machinist (CNC),Machinist (CNC),51-4041.00,"A CNC Machinist makes precise metal or plastic parts using computer-controlled machine tools. They read blueprints, set up lathes and mills, load materials, choose cutting tools, monitor the machines, and measure finished pieces to make sure they match exact sizes. Their work builds and keeps running the parts used in vehicles, machines, and equipment."
5894,Skilled Construction Craft Laborer,Skilled Construction Craft Laborer,Skilled Construction Craft Laborer,47-2061.00,"A Skilled Construction Craft Laborer does hands-on work on building sites and supports many parts of a construction project. They load and move materials, dig and grade ground, use hand and power tools, help set forms, pour concrete, and clean work areas. Their work helps keep projects moving, sites safer, and structures built properly."
5903,Teacher Assistant,Teacher Assistant,Teacher Assistant,25-9042.00,"A Teacher Assistant supports a classroom teacher and helps students with daily learning activities. They set up materials, supervise small groups, explain instructions, help children stay focused, and assist with meals, recess, or cleanup. Their work helps classrooms run smoothly, supports student learning, and keeps the school day organized and safe."
5911,Plumber,Plumber,Plumber,47-2152.00,"A Plumber installs, repairs, and maintains the pipes, drains, fixtures, and appliances that carry water, gas, and waste in homes, businesses, and other buildings. They cut and join pipe, clear clogs, fix leaks, test systems, and fit sinks, toilets, tubs, and water heaters. Their work keeps water flowing, waste moving out, and buildings safe and working properly."
5971,Teacher Assistant,Teacher Assistant,Teacher Assistant,25-9042.00,"A Teacher Assistant supports a classroom teacher and helps students with daily learning activities. They set up materials, supervise small groups, explain instructions, help children stay focused, and assist with meals, recess, or cleanup. Their work helps classrooms run smoothly, supports student learning, and keeps the school day organized and safe."
5972,Instrument Technician,Instrument Technician,Instrument Technician,17-3023.00,"An Instrument Technician installs, tests, calibrates, and repairs the devices that measure and control pressure, temperature, flow, and level in plants and buildings. They wire sensors, adjust control panels, trace faults, and replace worn parts using meters and hand tools. Their work keeps equipment running properly and systems safe, accurate, and efficient."
5983,Childcare Assistant,Childcare Assistant,Childcare Assistant,39-9011.00,"A Childcare Assistant helps care for babies and young children in daycare centers, preschools, or other child care settings. They set up activities, serve snacks, help with dressing and toileting, supervise play, tidy rooms, and comfort children during the day. Their work keeps children safe, clean, active, and supported while families work or study."
6046,Welder (Industrial),Welder (Industrial),Welder (Industrial),51-4121.00,"An industrial Welder joins and repairs metal parts used in factories, plants, and heavy equipment. They read drawings, cut and fit steel, use welding torches and machines, and check that seams are strong and exact. Their work builds and fixes the metal structures and machinery that keep industrial sites running safely."
6057,Chemical Laboratory Technician,Chemical Laboratory Technician,Chemical Laboratory Technician,19-4031.00,"A Chemical Laboratory Technician works in a lab testing and analyzing chemicals, materials, or samples. They prepare solutions, measure and mix substances, run instruments, record results, and clean and maintain lab equipment while following strict safety rules. Their work helps keep products consistent, processes under control, and workplaces and the environment safer."
6119,Electro-Mechanical Technician,Electro-Mechanical Technician,Electro-Mechanical Technician,17-3024.00,"An Electro-Mechanical Technician installs, tests, repairs, and maintains machines that use both electrical and mechanical parts. They trace wiring, replace sensors and motors, adjust moving parts, read diagrams, and use meters and hand tools to find problems on factory equipment or automated systems. Their work keeps machines running safely, accurately, and with less downtime."
6132,Skilled Construction Craft Laborer,Skilled Construction Craft Laborer,Skilled Construction Craft Laborer,47-2061.00,"A Skilled Construction Craft Laborer does hands-on work on building sites and supports many parts of a construction project. They load and move materials, dig and grade ground, use hand and power tools, help set forms, pour concrete, and clean work areas. Their work helps keep projects moving, sites safer, and structures built properly."
6145,Plant Maintenance-Electrician,Plant Maintenance-Electrician,Plant Maintenance-Electrician,47-2111.00,"A Plant Maintenance-Electrician keeps a factory or industrial plant’s electrical systems working safely and reliably. They inspect wiring, motors, control panels, and machines, troubleshoot faults, replace damaged parts, and do routine repairs and testing. Their work keeps production equipment running, helps prevent breakdowns, and makes the plant safer for workers."
6188,Moldmaker,Moldmaker,Moldmaker,51-4111.00,"A Moldmaker builds and repairs the metal molds used to shape plastic, rubber, or other materials into parts and products. They read blueprints, machine and polish metal pieces, fit parts together, test the mold, and make precise adjustments. Their work helps factories make consistent products and keeps production running smoothly."
6219,Plant Maintenance-Millwright,Plant Maintenance-Millwright,Plant Maintenance-Millwright,49-9044.00,"A Plant Maintenance-Millwright installs, moves, repairs, and maintains heavy machines in factories, mills, and processing plants. They line up motors and conveyor systems, replace worn parts, use precision tools, and troubleshoot breakdowns on the plant floor. Their work keeps production equipment running safely, reduces downtime, and helps plants keep making everyday goods."
6233,Plant Maintenance-Electrician,Plant Maintenance-Electrician,Plant Maintenance-Electrician,47-2111.00,"A Plant Maintenance-Electrician keeps a factory or industrial plant’s electrical systems working safely and reliably. They inspect wiring, motors, control panels, and machines, troubleshoot faults, replace damaged parts, and do routine repairs and testing. Their work keeps production equipment running, helps prevent breakdowns, and makes the plant safer for workers."
6254,Skilled Construction Craft Laborer,Skilled Construction Craft Laborer,Skilled Construction Craft Laborer,47-2061.00,"A Skilled Construction Craft Laborer does hands-on work on building sites and supports many parts of a construction project. They load and move materials, dig and grade ground, use hand and power tools, help set forms, pour concrete, and clean work areas. Their work helps keep projects moving, sites safer, and structures built properly."
6264,Plant Maintenance-Electrician,Plant Maintenance-Electrician,Plant Maintenance-Electrician,47-2111.00,"A Plant Maintenance-Electrician keeps a factory or industrial plant’s electrical systems working safely and reliably. They inspect wiring, motors, control panels, and machines, troubleshoot faults, replace damaged parts, and do routine repairs and testing. Their work keeps production equipment running, helps prevent breakdowns, and makes the plant safer for workers."
6295,Plumber and Steamfitter,Plumber and Steamfitter,Plumber and Steamfitter,47-2152.00,"A Plumber and Steamfitter installs, repairs, and maintains pipes, fixtures, boilers, and heating or cooling systems in homes, buildings, and industrial sites. They cut and join pipe, test for leaks, fit valves and pumps, and connect water, gas, and steam lines. Their work keeps water flowing, heat working, and buildings safe and usable."
6328,Elevator/Escalator Constructor & Modernizer,Elevator/Escalator Constructor and Modernizer,Elevator/Escalator Constructor and Modernizer,47-4021.00,"An Elevator/Escalator Constructor and Modernizer installs, repairs, and updates elevators, escalators, and moving walkways in buildings. They assemble rails, cables, motors, doors, and control systems, test equipment, and replace worn parts during upgrades. Their work keeps people and goods moving safely, smoothly, and reliably through homes, offices, hospitals, and transit spaces."
6342,Electrician,Electrician,Electrician,47-2111.00,"An Electrician installs, connects, tests, and repairs wiring, outlets, lights, circuit breakers, and electrical equipment in homes, buildings, and job sites. They read plans, run wire through walls and ceilings, use hand and power tools, and check that systems work safely. Their work keeps power flowing and buildings lit, working, and safer."
6353,Business Operations Associate,Business Operations Associate,Business Operations Associate,11-1021.00,"A Business Operations Associate helps a company run smoothly from day to day. They track orders, update records, prepare reports, check invoices, schedule meetings, solve process problems, and work with different teams to keep information and tasks moving. Their work keeps offices organized, business systems running, and customer and staff needs handled on time."
6369,Sprinkler Fitter,Sprinkler Fitter,Sprinkler Fitter,47-2152.00,"A Sprinkler Fitter installs, repairs, and tests fire sprinkler systems in buildings. They measure and cut pipe, hang and connect it overhead, fit sprinkler heads and valves, and check water flow and pressure to make sure the system works. Their work helps protect people, buildings, and equipment by making fires easier to control."
6390,Electrician,Electrician,Electrician,47-2111.00,"An Electrician installs, connects, tests, and repairs wiring, outlets, lights, circuit breakers, and electrical equipment in homes, buildings, and job sites. They read plans, run wire through walls and ceilings, use hand and power tools, and check that systems work safely. Their work keeps power flowing and buildings lit, working, and safer."
6399,Precision Optics Manufacturing Technician,Precision Optics Manufacturing Technician,Precision Optics Manufacturing Technician,51-2099.00,"A Precision Optics Manufacturing Technician makes highly accurate glass or crystal parts used in devices like cameras, lasers, and medical tools. They cut, grind, polish, coat, and inspect lenses, mirrors, and prisms using specialized machines and measuring tools in clean work areas. Their work helps optical equipment stay precise, reliable, and safe to use."
6441,Electrician,Electrician,Electrician,47-2111.00,"An Electrician installs, connects, tests, and repairs wiring, outlets, lights, circuit breakers, and electrical equipment in homes, buildings, and job sites. They read plans, run wire through walls and ceilings, use hand and power tools, and check that systems work safely. Their work keeps power flowing and buildings lit, working, and safer."
6515,Sprinkler Fitter,Sprinkler Fitter,Sprinkler Fitter,47-2152.00,"A Sprinkler Fitter installs, repairs, and tests fire sprinkler systems in buildings. They measure and cut pipe, hang and connect it overhead, fit sprinkler heads and valves, and check water flow and pressure to make sure the system works. Their work helps protect people, buildings, and equipment by making fires easier to control."
6551,Toolmaker,Toolmaker,Toolmaker,51-4111.00,"A Toolmaker makes and repairs the precise tools, dies, molds, and fixtures used in manufacturing. They read detailed drawings, cut and shape metal, operate machine tools, polish surfaces, and check measurements to tiny tolerances so parts fit exactly. Their work keeps factory machines running, products accurate, and production lines making reliable everyday goods."
6562,Industrial Truck Mechanic,Industrial Truck Mechanic,Industrial Truck Mechanic,49-3031.00,"An Industrial Truck Mechanic repairs and maintains forklifts, pallet jacks, and other trucks used to move heavy loads in warehouses, factories, and yards. They inspect brakes, steering, engines, batteries, and hydraulic systems, replace worn parts, and test equipment after repairs. Their work keeps materials moving safely and helps workplaces run smoothly."
6592,Electrician,Electrician,Electrician,47-2111.00,"An Electrician installs, connects, tests, and repairs wiring, outlets, lights, circuit breakers, and electrical equipment in homes, buildings, and job sites. They read plans, run wire through walls and ceilings, use hand and power tools, and check that systems work safely. Their work keeps power flowing and buildings lit, working, and safer."
6607,Skilled Construction Craft Laborer,Skilled Construction Craft Laborer,Skilled Construction Craft Laborer,47-2061.00,"A Skilled Construction Craft Laborer does hands-on work on building sites and supports many parts of a construction project. They load and move materials, dig and grade ground, use hand and power tools, help set forms, pour concrete, and clean work areas. Their work helps keep projects moving, sites safer, and structures built properly."
6624,"Pointer, Caulker and Cleaner","Pointer, Caulker, and Cleaner","Pointer, Caulker, and Cleaner",47-4099.00,"A Pointer, Caulker, and Cleaner repairs and protects the outside of buildings, bridges, and chimneys. They scrape out damaged mortar, pack fresh mortar between bricks or stone, seal cracks and joints with caulk, and clean surfaces with water, chemicals, or blasting tools, often from scaffolds. This keeps walls strong, dry, safe, and well maintained."
6633,Manufacturing Engineering Technician,Manufacturing Engineering Technician,Manufacturing Engineering Technician,17-2112.03,"A Manufacturing Engineering Technician helps set up, test, and improve the machines, tools, and steps used to make products in a factory. They measure parts, check production lines, update drawings, troubleshoot equipment problems, and help workers follow efficient methods. Their work helps products be made correctly, waste less material, and keeps production running smoothly."
6647,Glazier,Glazier,Glazier,47-2121.00,"A Glazier installs, replaces, and repairs glass in windows, doors, storefronts, skylights, and display cases. They measure openings, cut and fit glass, set panels into frames, seal edges, and sometimes handle mirrors or metal framing. Their work helps buildings stay weather-tight, bright, secure, and safe for everyday use."
6681,Elevator Servicer and Repairer,Elevator Servicer and Repairer,Elevator Servicer and Repairer,47-4021.00,"An Elevator Servicer and Repairer installs, inspects, fixes, and maintains elevators, escalators, moving walkways, and lifts. They test controls, replace worn cables, motors, doors, and brakes, trace electrical or mechanical problems, and make adjustments using tools and meters. Their work keeps people and goods moving safely through buildings and keeps vertical transportation systems running reliably."
6711,Plant Maintenance-Mechanic (3 Year),Plant Maintenance-Mechanic,Plant Maintenance-Mechanic,49-9071.00,"A Plant Maintenance-Mechanic keeps factory and plant equipment working properly. They inspect machines, take apart worn parts, replace belts, bearings, motors, or pumps, lubricate moving pieces, and use tools to fix breakdowns on the shop floor. Their work keeps production lines running, equipment in good condition, and workplaces safer."
6727,Machinist (CNC),Machinist (CNC),Machinist (CNC),51-4041.00,"A CNC Machinist makes precise metal or plastic parts using computer-controlled machine tools. They read blueprints, set up lathes and mills, load materials, choose cutting tools, monitor the machines, and measure finished pieces to make sure they match exact sizes. Their work builds and keeps running the parts used in vehicles, machines, and equipment."
6728,Plumber,Plumber,Plumber,47-2152.00,"A Plumber installs, repairs, and maintains the pipes, drains, fixtures, and appliances that carry water, gas, and waste in homes, businesses, and other buildings. They cut and join pipe, clear clogs, fix leaks, test systems, and fit sinks, toilets, tubs, and water heaters. Their work keeps water flowing, waste moving out, and buildings safe and working properly."
6731,Welder (Industrial),Welder (Industrial),Welder (Industrial),51-4121.00,"An industrial Welder joins and repairs metal parts used in factories, plants, and heavy equipment. They read drawings, cut and fit steel, use welding torches and machines, and check that seams are strong and exact. Their work builds and fixes the metal structures and machinery that keep industrial sites running safely."
6775,Technical Sales Representative,Technical Sales Representative,Technical Sales Representative,41-4011.00,"A Technical Sales Representative sells specialized products or equipment by explaining how they work and how they meet a customer’s needs. They visit clients, demonstrate products, answer technical questions, prepare quotes, and work with suppliers or engineers to solve problems. Their work helps businesses choose, install, and keep the right tools and systems running."
6783,Skilled Construction Craft Laborer,Skilled Construction Craft Laborer,Skilled Construction Craft Laborer,47-2061.00,"A Skilled Construction Craft Laborer does hands-on work on building sites and supports many parts of a construction project. They load and move materials, dig and grade ground, use hand and power tools, help set forms, pour concrete, and clean work areas. Their work helps keep projects moving, sites safer, and structures built properly."
6790,Electrician,Electrician,Electrician,47-2111.00,"An Electrician installs, connects, tests, and repairs wiring, outlets, lights, circuit breakers, and electrical equipment in homes, buildings, and job sites. They read plans, run wire through walls and ceilings, use hand and power tools, and check that systems work safely. Their work keeps power flowing and buildings lit, working, and safer."
6822,Electro-Mechanical Technician,Electro-Mechanical Technician,Electro-Mechanical Technician,17-3024.00,"An Electro-Mechanical Technician installs, tests, repairs, and maintains machines that use both electrical and mechanical parts. They trace wiring, replace sensors and motors, adjust moving parts, read diagrams, and use meters and hand tools to find problems on factory equipment or automated systems. Their work keeps machines running safely, accurately, and with less downtime."
6857,Plant Maintenance-Electrician,Plant Maintenance-Electrician,Plant Maintenance-Electrician,47-2111.00,"A Plant Maintenance-Electrician keeps a factory or industrial plant’s electrical systems working safely and reliably. They inspect wiring, motors, control panels, and machines, troubleshoot faults, replace damaged parts, and do routine repairs and testing. Their work keeps production equipment running, helps prevent breakdowns, and makes the plant safer for workers."
6869,"Heating, Ventilation and Air Conditioning Mechanic","Heating, Ventilation, and Air Conditioning Mechanic","Heating, Ventilation, and Air Conditioning Mechanic",49-9021.00,"A Heating, Ventilation, and Air Conditioning Mechanic installs, repairs, and maintains furnaces, air conditioners, ventilation systems, and thermostats in homes and buildings. They connect pipes and wiring, test airflow and temperature, replace worn parts, and troubleshoot breakdowns using tools and meters. Their work keeps indoor spaces comfortable, equipment running, and air systems safe and efficient."
6876,Elevator/Escalator Constructor & Modernizer,Elevator/Escalator Constructor and Modernizer,Elevator/Escalator Constructor and Modernizer,47-4021.00,"An Elevator/Escalator Constructor and Modernizer installs, repairs, and updates elevators, escalators, and moving walkways in buildings. They assemble rails, cables, motors, doors, and control systems, test equipment, and replace worn parts during upgrades. Their work keeps people and goods moving safely, smoothly, and reliably through homes, offices, hospitals, and transit spaces."
6896,Industrial Manufacturing Technician,Industrial Manufacturing Technician,Industrial Manufacturing Technician,17-3026.00,"An Industrial Manufacturing Technician works in factories to keep production equipment and processes running smoothly. They set up machines, monitor controls, test products, adjust parts, troubleshoot problems, and do basic maintenance while following safety and quality rules. Their work helps build reliable products, reduce waste, and keep manufacturing lines running safely and efficiently."
6901,Sprinkler Fitter,Sprinkler Fitter,Sprinkler Fitter,47-2152.00,"A Sprinkler Fitter installs, repairs, and tests fire sprinkler systems in buildings. They measure and cut pipe, hang and connect it overhead, fit sprinkler heads and valves, and check water flow and pressure to make sure the system works. Their work helps protect people, buildings, and equipment by making fires easier to control."
6922,Teacher Assistant,Teacher Assistant,Teacher Assistant,25-9042.00,"A Teacher Assistant supports a classroom teacher and helps students with daily learning activities. They set up materials, supervise small groups, explain instructions, help children stay focused, and assist with meals, recess, or cleanup. Their work helps classrooms run smoothly, supports student learning, and keeps the school day organized and safe."
6951,Electrician,Electrician,Electrician,47-2111.00,"An Electrician installs, connects, tests, and repairs wiring, outlets, lights, circuit breakers, and electrical equipment in homes, buildings, and job sites. They read plans, run wire through walls and ceilings, use hand and power tools, and check that systems work safely. Their work keeps power flowing and buildings lit, working, and safer."
6957,Skilled Construction Craft Laborer,Skilled Construction Craft Laborer,Skilled Construction Craft Laborer,47-2061.00,"A Skilled Construction Craft Laborer does hands-on work on building sites and supports many parts of a construction project. They load and move materials, dig and grade ground, use hand and power tools, help set forms, pour concrete, and clean work areas. Their work helps keep projects moving, sites safer, and structures built properly."
6971,Quality Assurance Auditor,Quality Assurance Auditor,Quality Assurance Auditor,19-4099.01,"A Quality Assurance Auditor checks whether a company’s products, services, or work processes meet set standards and rules. They review records, inspect work areas, watch how tasks are done, and talk with staff to spot mistakes, risks, or weak points. Their work helps keep products reliable, workplaces organized, and systems running safely and correctly."
6975,Quality Assurance Auditor,Quality Assurance Auditor,Quality Assurance Auditor,19-4099.01,"A Quality Assurance Auditor checks whether a company’s products, services, or work processes meet set standards and rules. They review records, inspect work areas, watch how tasks are done, and talk with staff to spot mistakes, risks, or weak points. Their work helps keep products reliable, workplaces organized, and systems running safely and correctly."
7023,"Pointer, Caulker and Cleaner","Pointer, Caulker, and Cleaner","Pointer, Caulker, and Cleaner",47-4099.00,"A Pointer, Caulker, and Cleaner repairs and protects the outside of buildings, bridges, and chimneys. They scrape out damaged mortar, pack fresh mortar between bricks or stone, seal cracks and joints with caulk, and clean surfaces with water, chemicals, or blasting tools, often from scaffolds. This keeps walls strong, dry, safe, and well maintained."
7027,Skilled Construction Craft Laborer,Skilled Construction Craft Laborer,Skilled Construction Craft Laborer,47-2061.00,"A Skilled Construction Craft Laborer does hands-on work on building sites and supports many parts of a construction project. They load and move materials, dig and grade ground, use hand and power tools, help set forms, pour concrete, and clean work areas. Their work helps keep projects moving, sites safer, and structures built properly."
7043,Moldmaker,Moldmaker,Moldmaker,51-4111.00,"A Moldmaker builds and repairs the metal molds used to shape plastic, rubber, or other materials into parts and products. They read blueprints, machine and polish metal pieces, fit parts together, test the mold, and make precise adjustments. Their work helps factories make consistent products and keeps production running smoothly."
7074,Machinist (CNC),Machinist (CNC),Machinist (CNC),51-4041.00,"A CNC Machinist makes precise metal or plastic parts using computer-controlled machine tools. They read blueprints, set up lathes and mills, load materials, choose cutting tools, monitor the machines, and measure finished pieces to make sure they match exact sizes. Their work builds and keeps running the parts used in vehicles, machines, and equipment."
7099,Electrical (Outside) Line Worker,Electrical (Outside) Line Worker,Electrical (Outside) Line Worker,49-9051.00,"An outside Electrical Line Worker builds, repairs, and maintains overhead and underground power lines that carry electricity to homes and businesses. They climb poles, work from bucket trucks, replace wires, insulators, and transformers, and restore service after storms or outages. Their work keeps electrical systems running safely and power flowing where people need it."
7101,Plumber and Pipefitter,Plumber and Pipefitter,Plumber and Pipefitter,47-2152.00,"A Plumber and Pipefitter installs, repairs, and tests water, gas, heating, and cooling pipes in homes, buildings, and industrial sites. They cut and join pipe, fit valves and fixtures, read plans, and troubleshoot leaks or pressure problems using hand and power tools. Their work keeps water flowing, waste moving, and building systems running safely."
7133,Machinist (CNC),Machinist (CNC),Machinist (CNC),51-4041.00,"A CNC Machinist makes precise metal or plastic parts using computer-controlled machine tools. They read blueprints, set up lathes and mills, load materials, choose cutting tools, monitor the machines, and measure finished pieces to make sure they match exact sizes. Their work builds and keeps running the parts used in vehicles, machines, and equipment."
7139,Sheet Metal Worker,Sheet Metal Worker,Sheet Metal Worker,47-2211.00,"A Sheet Metal Worker makes, installs, and repairs metal parts used in buildings and equipment. They measure and cut sheet metal, bend and shape it, and fasten ducts, vents, flashing, and panels using hand tools, power tools, and welding equipment. Their work helps heating, cooling, and building systems fit properly and keep running safely."
7184,Pipefitter,Pipefitter,Pipefitter,47-2152.00,"A Pipefitter installs, assembles, and repairs the pipes, valves, and fittings that carry steam, water, chemicals, and gases in buildings and industrial sites. They measure and cut pipe, thread and weld joints, read blueprints, and test systems for leaks and pressure. Their work keeps heating, cooling, and production systems running safely and reliably."
7196,Community Health Worker,Community Health Worker,Community Health Worker,21-1094.00,"A Community Health Worker connects people with health care, social services, and local support. They meet with clients in homes, clinics, or community spaces, explain programs, help fill out forms, arrange appointments, and share health information in clear, everyday language. Their work helps people get care sooner, manage health needs, and use local services more easily."
7220,Certified Nursing Assistant (CNA),Certified Nursing Assistant (CNA),Certified Nursing Assistant (CNA),31-1131.00,"A Certified Nursing Assistant helps care for patients in hospitals, nursing homes, and other care settings. They bathe, dress, lift, feed, and help people walk, take basic vital signs, change bedding, and report changes to nurses. Their work keeps patients clean, comfortable, and safer during daily care."
7224,Roofer,Roofer,Roofer,47-2181.00,"A Roofer builds, repairs, and replaces roofs on homes, shops, and other buildings. They tear off old shingles, lay underlayment, fasten shingles, tiles, or metal panels, seal flashing around vents and chimneys, and work high up in changing weather. Their work keeps buildings dry, insulated, and protected from leaks and damage."
7235,Electrician,Electrician,Electrician,47-2111.00,"An Electrician installs, connects, tests, and repairs wiring, outlets, lights, circuit breakers, and electrical equipment in homes, buildings, and job sites. They read plans, run wire through walls and ceilings, use hand and power tools, and check that systems work safely. Their work keeps power flowing and buildings lit, working, and safer."
7265,Tool and Die Maker,Tool and Die Maker,Tool and Die Maker,51-4111.00,"A Tool and Die Maker builds and repairs the precise metal tools used to shape parts in factories. They read blueprints, measure to tiny tolerances, cut and grind steel, and fit dies, molds, jigs, and fixtures with care. Their work helps machines make accurate parts and keeps production running safely and smoothly."
7286,Community Health Worker,Community Health Worker,Community Health Worker,21-1094.00,"A Community Health Worker connects people with health care, social services, and local support. They meet with clients in homes, clinics, or community spaces, explain programs, help fill out forms, arrange appointments, and share health information in clear, everyday language. Their work helps people get care sooner, manage health needs, and use local services more easily."
7332,Direct Support Professional (DSP) Supervisor,Direct Support Professional (DSP) Supervisor,Direct Support Professional (DSP) Supervisor,39-1022.00,"A Direct Support Professional Supervisor leads staff who help people with disabilities or daily living needs at home, at work, or in community programs. They make schedules, train workers, handle problems, check care plans, and step in to support clients when needed. Their work keeps services organized, safe, and reliable for the people receiving care."
7351,Certified Recovery Peer Advocate,Certified Recovery Peer Advocate,Certified Recovery Peer Advocate,21-1093.00,"A Certified Recovery Peer Advocate supports people working to overcome addiction or mental health challenges by using their own recovery experience. They meet one-on-one, lead support groups, help people set goals, find treatment, housing, or services, and check in regularly. Their work helps people stay connected, build stability, and keep recovery on track."
7354,Plumber,Plumber,Plumber,47-2152.00,"A Plumber installs, repairs, and maintains the pipes, drains, fixtures, and appliances that carry water, gas, and waste in homes, businesses, and other buildings. They cut and join pipe, clear clogs, fix leaks, test systems, and fit sinks, toilets, tubs, and water heaters. Their work keeps water flowing, waste moving out, and buildings safe and working properly."
7376,"Truck Driver, Light (Last-Mile Delivery)","Truck Driver, Light (Last-Mile Delivery)","Truck Driver, Light (Last-Mile Delivery)",53-3033.00,"A Truck Driver, Light in last-mile delivery picks up packages and drives vans or small trucks to homes, stores, and offices on local routes. They load and unload items, follow delivery schedules, use maps or scanners, get signatures, and keep the vehicle in good shape. Their work keeps goods moving to people and businesses safely and on time."
7419,Childcare Assistant,Childcare Assistant,Childcare Assistant,39-9011.00,"A Childcare Assistant helps care for babies and young children in daycare centers, preschools, or other child care settings. They set up activities, serve snacks, help with dressing and toileting, supervise play, tidy rooms, and comfort children during the day. Their work keeps children safe, clean, active, and supported while families work or study."
7431,Electrician,Electrician,Electrician,47-2111.00,"An Electrician installs, connects, tests, and repairs wiring, outlets, lights, circuit breakers, and electrical equipment in homes, buildings, and job sites. They read plans, run wire through walls and ceilings, use hand and power tools, and check that systems work safely. Their work keeps power flowing and buildings lit, working, and safer."
7449,Cook (Chef),Cook (Chef),Cook (Chef),35-2014.00,"A Cook, often called a chef, prepares and cooks meals in restaurants, cafeterias, hotels, or other food settings. They chop ingredients, season and cook dishes, plate food, manage kitchen timing, and keep work areas clean and safe. Their work keeps people fed, kitchens running smoothly, and food quality and safety up to standard."
7463,Skilled Construction Craft Laborer,Skilled Construction Craft Laborer,Skilled Construction Craft Laborer,47-2061.00,"A Skilled Construction Craft Laborer does hands-on work on building sites and supports many parts of a construction project. They load and move materials, dig and grade ground, use hand and power tools, help set forms, pour concrete, and clean work areas. Their work helps keep projects moving, sites safer, and structures built properly."
7467,Toolmaker,Toolmaker,Toolmaker,51-4111.00,"A Toolmaker makes and repairs the precise tools, dies, molds, and fixtures used in manufacturing. They read detailed drawings, cut and shape metal, operate machine tools, polish surfaces, and check measurements to tiny tolerances so parts fit exactly. Their work keeps factory machines running, products accurate, and production lines making reliable everyday goods."
7482,Plumber and Steamfitter,Plumber and Steamfitter,Plumber and Steamfitter,47-2152.00,"A Plumber and Steamfitter installs, repairs, and maintains pipes, fixtures, boilers, and heating or cooling systems in homes, buildings, and industrial sites. They cut and join pipe, test for leaks, fit valves and pumps, and connect water, gas, and steam lines. Their work keeps water flowing, heat working, and buildings safe and usable."
7493,Skilled Construction Craft Laborer,Skilled Construction Craft Laborer,Skilled Construction Craft Laborer,47-2061.00,"A Skilled Construction Craft Laborer does hands-on work on building sites and supports many parts of a construction project. They load and move materials, dig and grade ground, use hand and power tools, help set forms, pour concrete, and clean work areas. Their work helps keep projects moving, sites safer, and structures built properly."
7535,Elevator/Escalator Constructor & Modernizer,Elevator/Escalator Constructor and Modernizer,Elevator/Escalator Constructor and Modernizer,47-4021.00,"An Elevator/Escalator Constructor and Modernizer installs, repairs, and updates elevators, escalators, and moving walkways in buildings. They assemble rails, cables, motors, doors, and control systems, test equipment, and replace worn parts during upgrades. Their work keeps people and goods moving safely, smoothly, and reliably through homes, offices, hospitals, and transit spaces."
7542,Electrical Utility Operator,Electrical Utility Operator,Electrical Utility Operator,51-8013.00,"An Electrical Utility Operator runs and monitors equipment that helps generate, move, and control electrical power. They check gauges, operate switches, inspect machinery, respond to alarms, and help start up or shut down systems in power plants or utility stations. Their work helps keep electricity flowing safely and keeps homes, businesses, and public services running."
7549,Toolmaker,Toolmaker,Toolmaker,51-4111.00,"A Toolmaker makes and repairs the precise tools, dies, molds, and fixtures used in manufacturing. They read detailed drawings, cut and shape metal, operate machine tools, polish surfaces, and check measurements to tiny tolerances so parts fit exactly. Their work keeps factory machines running, products accurate, and production lines making reliable everyday goods."
7572,Behavior Technician,Behavior Technician,Behavior Technician,29-2053.00,"A Behavior Technician works directly with children or adults who need help with behavior, communication, and daily living skills. They lead practice activities, track how a person responds, help with routines at home, school, or clinics, and follow treatment plans from specialists. Their work helps people build useful skills and keeps care consistent and safe."
7580,Automotive Service Technician,Automotive Service Technician,Automotive Service Technician,49-3023.00,"An Automotive Service Technician inspects, maintains, and repairs cars, trucks, and other vehicles. They change oil, replace brakes, test batteries, use diagnostic tools to find problems, and fix engines, steering, suspension, and electrical systems. Their work keeps vehicles running properly, helps prevent breakdowns, and makes driving safer and more reliable."
7585,Operating Engineer (Universal Equipment),Operating Engineer (Universal Equipment),Operating Engineer (Universal Equipment),47-2073.00,"An Operating Engineer uses many kinds of heavy equipment on construction sites, roads, and other outdoor projects. They run machines like bulldozers, excavators, loaders, rollers, and cranes to dig, lift, grade, move earth, and place materials, while checking controls and watching site conditions. Their work helps build roads, foundations, and utilities and keeps projects moving safely."
7592,Plumber and Pipefitter,Plumber and Pipefitter,Plumber and Pipefitter,47-2152.00,"A Plumber and Pipefitter installs, repairs, and tests water, gas, heating, and cooling pipes in homes, buildings, and industrial sites. They cut and join pipe, fit valves and fixtures, read plans, and troubleshoot leaks or pressure problems using hand and power tools. Their work keeps water flowing, waste moving, and building systems running safely."
7626,Carpenter,Carpenter,Carpenter,47-2031.00,"A Carpenter builds, installs, and repairs wooden parts of buildings and other structures. They measure and cut lumber, frame walls, hang doors, fit cabinets, build stairs, and use hand and power tools on homes, shops, and job sites. Their work creates solid spaces, smooth finishes, and structures that stay safe and usable every day."
7635,Junior Accountant,Junior Accountant,Junior Accountant,43-3031.00,"A Junior Accountant keeps track of a business’s day-to-day finances and helps prepare basic financial records. They enter invoices, record payments, check receipts, update spreadsheets, reconcile bank statements, and help with reports, budgets, and tax paperwork. Their work keeps money records accurate, bills and payroll on track, and businesses running smoothly."
7643,Fire Fighter,Fire Fighter,Fire Fighter,33-2011.00,"A Fire Fighter responds to fires, vehicle crashes, medical emergencies, and other dangerous situations. They drive trucks, use hoses, ladders, axes, and breathing gear, rescue people, treat injuries, and check buildings for smoke, heat, and fire risks. Their work helps protect lives, property, and buildings and keeps emergencies from causing more harm."
7651,Electro-Mechanical Technician,Electro-Mechanical Technician,Electro-Mechanical Technician,17-3024.00,"An Electro-Mechanical Technician installs, tests, repairs, and maintains machines that use both electrical and mechanical parts. They trace wiring, replace sensors and motors, adjust moving parts, read diagrams, and use meters and hand tools to find problems on factory equipment or automated systems. Their work keeps machines running safely, accurately, and with less downtime."
7658,Building Maintenance Mechanic,Building Maintenance Mechanic,Building Maintenance Mechanic,49-9071.00,"A Building Maintenance Mechanic keeps a building’s systems and spaces in working order. They inspect equipment, fix plumbing leaks, replace light fixtures, repair doors, walls, and floors, and handle basic heating, cooling, and electrical problems using hand and power tools. Their work keeps buildings safe, functional, and comfortable for the people who use them every day."
7673,Machine Tool Builder,Machine Tool Builder,Machine Tool Builder,51-2031.00,"A Machine Tool Builder assembles, fits, tests, and repairs the machines used to cut, drill, grind, and shape metal parts in factories. They read blueprints, line up moving parts, install motors and controls, and make careful adjustments so each machine runs smoothly and accurately. Their work keeps production equipment precise, reliable, and safe to use."
7694,Machinist (CNC),Machinist (CNC),Machinist (CNC),51-4041.00,"A CNC Machinist makes precise metal or plastic parts using computer-controlled machine tools. They read blueprints, set up lathes and mills, load materials, choose cutting tools, monitor the machines, and measure finished pieces to make sure they match exact sizes. Their work builds and keeps running the parts used in vehicles, machines, and equipment."
7701,Plumber,Plumber,Plumber,47-2152.00,"A Plumber installs, repairs, and maintains the pipes, drains, fixtures, and appliances that carry water, gas, and waste in homes, businesses, and other buildings. They cut and join pipe, clear clogs, fix leaks, test systems, and fit sinks, toilets, tubs, and water heaters. Their work keeps water flowing, waste moving out, and buildings safe and working properly."
7731,Workforce Development Specialist,Workforce Development Specialist,Workforce Development Specialist,21-1019.00,"A Workforce Development Specialist helps people build job skills and connect with work or training. They meet with job seekers, assess needs, guide career plans, arrange workshops, link people to classes or support services, and work with employers and community groups. Their work helps people find steady employment and keeps local workplaces staffed and running."
7741,Operating Engineer (Heavy Equipment),Operating Engineer (Heavy Equipment),Operating Engineer (Heavy Equipment),47-2073.00,"An Operating Engineer works with heavy equipment on construction sites and other outdoor job sites. They drive, steer, and control bulldozers, excavators, loaders, graders, and rollers to dig, lift, move, level, and spread earth, rock, and materials. Their work helps build roads, foundations, and utility systems, and keeps projects moving safely."
7766,School Administrator (Building Administrator),School Administrator (Building Administrator),School Administrator (Building Administrator),11-9032.00,"A School Administrator leads the daily operations of a school building. They supervise teachers and staff, manage schedules, handle student discipline, meet with families, observe classrooms, and make sure policies, safety rules, and school programs are followed. Their work keeps the school organized, students supported, and learning and school safety running smoothly."
7779,Dairy Specialist,Dairy Specialist,Dairy Specialist,45-2093.00,"A Dairy Specialist manages the care, production, and quality of milk and dairy products on a farm or in a processing setting. They feed and monitor cows, check milking equipment, test milk, keep records, and watch for health or sanitation problems. Their work helps keep dairy products safe, fresh, and consistently available."
7788,Skilled Construction Craft Laborer,Skilled Construction Craft Laborer,Skilled Construction Craft Laborer,47-2061.00,"A Skilled Construction Craft Laborer does hands-on work on building sites and supports many parts of a construction project. They load and move materials, dig and grade ground, use hand and power tools, help set forms, pour concrete, and clean work areas. Their work helps keep projects moving, sites safer, and structures built properly."
7823,Model Maker,Model Maker,Model Maker,51-4061.00,"A Model Maker builds detailed physical models, prototypes, and mock-ups from wood, plastic, metal, foam, or clay. They measure, cut, shape, assemble, and finish parts by hand and with machines, often working from drawings or designs. Their work helps test ideas, show how products or spaces will look, and improve accuracy before full production."
7901,"Tile, Marble and Terrazzo Finisher","Tile, Marble, and Terrazzo Finisher","Tile, Marble, and Terrazzo Finisher",47-3011.00,"A Tile, Marble, and Terrazzo Finisher prepares and smooths surfaces for floors, walls, countertops, and other finishes. They spread cement or mastic, patch holes, level bases, polish edges, grind rough spots, and clean finished areas so tile, marble, or terrazzo can be set properly. Their work helps surfaces stay even, durable, attractive, and safe to use."
7910,Electrical (Outside) Line Worker,Electrical (Outside) Line Worker,Electrical (Outside) Line Worker,49-9051.00,"An outside Electrical Line Worker builds, repairs, and maintains overhead and underground power lines that carry electricity to homes and businesses. They climb poles, work from bucket trucks, replace wires, insulators, and transformers, and restore service after storms or outages. Their work keeps electrical systems running safely and power flowing where people need it."
7936,Electrician,Electrician,Electrician,47-2111.00,"An Electrician installs, connects, tests, and repairs wiring, outlets, lights, circuit breakers, and electrical equipment in homes, buildings, and job sites. They read plans, run wire through walls and ceilings, use hand and power tools, and check that systems work safely. Their work keeps power flowing and buildings lit, working, and safer."
7974,Plumber and Steamfitter,Plumber and Steamfitter,Plumber and Steamfitter,47-2152.00,"A Plumber and Steamfitter installs, repairs, and maintains pipes, fixtures, boilers, and heating or cooling systems in homes, buildings, and industrial sites. They cut and join pipe, test for leaks, fit valves and pumps, and connect water, gas, and steam lines. Their work keeps water flowing, heat working, and buildings safe and usable."
8015,"Heating, Ventilation and Air Conditioning Mechanic","Heating, Ventilation, and Air Conditioning Mechanic","Heating, Ventilation, and Air Conditioning Mechanic",49-9021.00,"A Heating, Ventilation, and Air Conditioning Mechanic installs, repairs, and maintains furnaces, air conditioners, ventilation systems, and thermostats in homes and buildings. They connect pipes and wiring, test airflow and temperature, replace worn parts, and troubleshoot breakdowns using tools and meters. Their work keeps indoor spaces comfortable, equipment running, and air systems safe and efficient."
8019,Electrician,Electrician,Electrician,47-2111.00,"An Electrician installs, connects, tests, and repairs wiring, outlets, lights, circuit breakers, and electrical equipment in homes, buildings, and job sites. They read plans, run wire through walls and ceilings, use hand and power tools, and check that systems work safely. Their work keeps power flowing and buildings lit, working, and safer."
8043,Precision Optics Manufacturing Technician,Precision Optics Manufacturing Technician,Precision Optics Manufacturing Technician,51-2099.00,"A Precision Optics Manufacturing Technician makes highly accurate glass or crystal parts used in devices like cameras, lasers, and medical tools. They cut, grind, polish, coat, and inspect lenses, mirrors, and prisms using specialized machines and measuring tools in clean work areas. Their work helps optical equipment stay precise, reliable, and safe to use."
8050,Project Manager,Project Manager,Project Manager,15-1299.09,"A Project Manager plans and leads a project from start to finish. They break the work into steps, set schedules and budgets, assign tasks, track progress, solve problems, and keep workers, clients, and suppliers informed through meetings, calls, and reports. Their work helps projects stay organized, on time, on budget, and running smoothly."
8065,Dry Wall Taper (Finisher),Drywall Taper (Finisher),Dry Wall Taper (Finisher),47-2082.00,"A Drywall Taper, also called a finisher, smooths and prepares drywall walls and ceilings for painting or wallpaper. They spread joint compound over seams and screw holes, press tape into joints, sand rough spots, and blend corners until surfaces look flat and clean. Their work makes rooms look finished and keeps walls smooth, solid, and ready to use."
8069,Millwright,Millwright,Millwright,49-9044.00,"A Millwright installs, takes apart, repairs, and moves heavy industrial machines in places like factories, mills, and power plants. They use hoists, measuring tools, hand tools, and precision parts to line up equipment, replace worn pieces, and get machines running smoothly. Their work keeps production equipment working safely, accurately, and with less downtime."
8091,Plumber and Steamfitter,Plumber and Steamfitter,Plumber and Steamfitter,47-2152.00,"A Plumber and Steamfitter installs, repairs, and maintains pipes, fixtures, boilers, and heating or cooling systems in homes, buildings, and industrial sites. They cut and join pipe, test for leaks, fit valves and pumps, and connect water, gas, and steam lines. Their work keeps water flowing, heat working, and buildings safe and usable."
8118,Millwright,Millwright,Millwright,49-9044.00,"A Millwright installs, takes apart, repairs, and moves heavy industrial machines in places like factories, mills, and power plants. They use hoists, measuring tools, hand tools, and precision parts to line up equipment, replace worn pieces, and get machines running smoothly. Their work keeps production equipment working safely, accurately, and with less downtime."
8123,Alcoholism and Substance Abuse Counselor Aide,Alcoholism and Substance Abuse Counselor Aide,Alcoholism and Substance Abuse Counselor Aide,21-1093.00,"An Alcoholism and Substance Abuse Counselor Aide supports treatment staff who help people dealing with alcohol or drug use problems. They greet clients, prepare rooms, set up forms, keep records organized, schedule appointments, monitor waiting areas, and help with daily program tasks. Their work keeps treatment services organized, safe, and easier for clients to use."
8139,Iron Worker (Outside),Iron Worker (Outside),Iron Worker (Outside),47-2221.00,"An outside Iron Worker builds and repairs the steel frames and heavy metal parts of buildings, bridges, towers, and other large structures. They unload steel, line up beams, bolt and weld pieces together, and work high above the ground using cranes, lifts, and safety gear. Their work helps keep major structures strong, stable, and safe."
8193,Plasterer,Plasterer,Plasterer,47-2161.00,"A Plasterer covers walls and ceilings with plaster, cement, or other finishes to create smooth or textured surfaces. They mix materials, spread and level them with trowels, repair cracks, and sometimes apply decorative mouldings or finishes around rooms and building exteriors. Their work improves appearance, protects surfaces, and helps buildings stay solid and weather-resistant."
8200,Electrical (Outside) Line Worker,Electrical (Outside) Line Worker,Electrical (Outside) Line Worker,49-9051.00,"An outside Electrical Line Worker builds, repairs, and maintains overhead and underground power lines that carry electricity to homes and businesses. They climb poles, work from bucket trucks, replace wires, insulators, and transformers, and restore service after storms or outages. Their work keeps electrical systems running safely and power flowing where people need it."
8207,Steamfitter,Steamfitter,Steamfitter,47-2152.00,"A Steamfitter installs, assembles, and repairs pipe systems that carry steam, hot water, gases, and other fluids in buildings and industrial sites. They read blueprints, cut and thread pipe, weld joints, fit valves, and test systems for leaks and pressure. Their work keeps heating, cooling, and production systems running safely and reliably."
8222,Machinist,Machinist,Machinist,51-4041.00,"A Machinist makes precise metal or plastic parts used in machines, tools, and equipment. They read blueprints, set up lathes, mills, grinders, and computer-controlled machines, then cut, drill, shape, and measure each piece to tight standards. Their work builds parts that fit properly and keeps vehicles, factories, and everyday equipment running safely."
8224,Landscape Nursery Manager,Landscape Nursery Manager,Landscape Nursery Manager,37-3011.00,"A Landscape Nursery Manager runs a plant nursery that grows trees, shrubs, flowers, and other outdoor plants for yards and landscape projects. They plan planting schedules, oversee watering and soil care, check plant health, manage workers, and organize sales and deliveries. Their work keeps healthy plants available for parks, homes, and public spaces."
8244,Sprinkler Fitter,Sprinkler Fitter,Sprinkler Fitter,47-2152.00,"A Sprinkler Fitter installs, repairs, and tests fire sprinkler systems in buildings. They measure and cut pipe, hang and connect it overhead, fit sprinkler heads and valves, and check water flow and pressure to make sure the system works. Their work helps protect people, buildings, and equipment by making fires easier to control."
8256,Plant Maintenance-Mechanic (3 Year),Plant Maintenance-Mechanic,Plant Maintenance-Mechanic,49-9071.00,"A Plant Maintenance-Mechanic keeps factory and plant equipment working properly. They inspect machines, take apart worn parts, replace belts, bearings, motors, or pumps, lubricate moving pieces, and use tools to fix breakdowns on the shop floor. Their work keeps production lines running, equipment in good condition, and workplaces safer."
8265,Sheet Metal Worker,Sheet Metal Worker,Sheet Metal Worker,47-2211.00,"A Sheet Metal Worker makes, installs, and repairs metal parts used in buildings and equipment. They measure and cut sheet metal, bend and shape it, and fasten ducts, vents, flashing, and panels using hand tools, power tools, and welding equipment. Their work helps heating, cooling, and building systems fit properly and keep running safely."
8297,Plant Maintenance-Mechanic (4 Year),Plant Maintenance-Mechanic,Plant Maintenance-Mechanic,49-9071.00,"A Plant Maintenance-Mechanic keeps factory and plant equipment working properly. They inspect machines, take apart worn parts, replace belts, bearings, motors, or pumps, lubricate moving pieces, and use tools to fix breakdowns on the shop floor. Their work keeps production lines running, equipment in good condition, and workplaces safer."
8326,Plumber and Steamfitter,Plumber and Steamfitter,Plumber and Steamfitter,47-2152.00,"A Plumber and Steamfitter installs, repairs, and maintains pipes, fixtures, boilers, and heating or cooling systems in homes, buildings, and industrial sites. They cut and join pipe, test for leaks, fit valves and pumps, and connect water, gas, and steam lines. Their work keeps water flowing, heat working, and buildings safe and usable."
8335,Iron Worker (Outside),Iron Worker (Outside),Iron Worker (Outside),47-2221.00,"An outside Iron Worker builds and repairs the steel frames and heavy metal parts of buildings, bridges, towers, and other large structures. They unload steel, line up beams, bolt and weld pieces together, and work high above the ground using cranes, lifts, and safety gear. Their work helps keep major structures strong, stable, and safe."
8343,Plant Maintenance-Mechanic (4 Year),Plant Maintenance-Mechanic,Plant Maintenance-Mechanic,49-9071.00,"A Plant Maintenance-Mechanic keeps factory and plant equipment working properly. They inspect machines, take apart worn parts, replace belts, bearings, motors, or pumps, lubricate moving pieces, and use tools to fix breakdowns on the shop floor. Their work keeps production lines running, equipment in good condition, and workplaces safer."
8353,Tool and Die Maker,Tool and Die Maker,Tool and Die Maker,51-4111.00,"A Tool and Die Maker builds and repairs the precise metal tools used to shape parts in factories. They read blueprints, measure to tiny tolerances, cut and grind steel, and fit dies, molds, jigs, and fixtures with care. Their work helps machines make accurate parts and keeps production running safely and smoothly."
8359,Skilled Construction Craft Laborer,Skilled Construction Craft Laborer,Skilled Construction Craft Laborer,47-2061.00,"A Skilled Construction Craft Laborer does hands-on work on building sites and supports many parts of a construction project. They load and move materials, dig and grade ground, use hand and power tools, help set forms, pour concrete, and clean work areas. Their work helps keep projects moving, sites safer, and structures built properly."
8361,Dairy Processor,Dairy Processor,Dairy Processor,51-3092.00,"A Dairy Processor works in a plant that turns raw milk into products like cheese, butter, yogurt, and cream. They run and watch machines, measure ingredients, pasteurize milk, fill containers, clean equipment, and check quality and food safety. Their work keeps dairy products fresh, safe to eat, and ready for stores and kitchens."
8377,Toolmaker,Toolmaker,Toolmaker,51-4111.00,"A Toolmaker makes and repairs the precise tools, dies, molds, and fixtures used in manufacturing. They read detailed drawings, cut and shape metal, operate machine tools, polish surfaces, and check measurements to tiny tolerances so parts fit exactly. Their work keeps factory machines running, products accurate, and production lines making reliable everyday goods."
8393,Plant Maintenance-Electrician,Plant Maintenance-Electrician,Plant Maintenance-Electrician,47-2111.00,"A Plant Maintenance-Electrician keeps a factory or industrial plant’s electrical systems working safely and reliably. They inspect wiring, motors, control panels, and machines, troubleshoot faults, replace damaged parts, and do routine repairs and testing. Their work keeps production equipment running, helps prevent breakdowns, and makes the plant safer for workers."
8416,Sheet Metal Worker,Sheet Metal Worker,Sheet Metal Worker,47-2211.00,"A Sheet Metal Worker makes, installs, and repairs metal parts used in buildings and equipment. They measure and cut sheet metal, bend and shape it, and fasten ducts, vents, flashing, and panels using hand tools, power tools, and welding equipment. Their work helps heating, cooling, and building systems fit properly and keep running safely."
8426,Plant Maintenance-Electrician,Plant Maintenance-Electrician,Plant Maintenance-Electrician,47-2111.00,"A Plant Maintenance-Electrician keeps a factory or industrial plant’s electrical systems working safely and reliably. They inspect wiring, motors, control panels, and machines, troubleshoot faults, replace damaged parts, and do routine repairs and testing. Their work keeps production equipment running, helps prevent breakdowns, and makes the plant safer for workers."
8428,"Heating, Ventilation and Air Conditioning Mechanic","Heating, Ventilation, and Air Conditioning Mechanic","Heating, Ventilation, and Air Conditioning Mechanic",49-9021.00,"A Heating, Ventilation, and Air Conditioning Mechanic installs, repairs, and maintains furnaces, air conditioners, ventilation systems, and thermostats in homes and buildings. They connect pipes and wiring, test airflow and temperature, replace worn parts, and troubleshoot breakdowns using tools and meters. Their work keeps indoor spaces comfortable, equipment running, and air systems safe and efficient."
8438,Electronics Technician (Manufacturing Only),Electronics Technician (Manufacturing Only),Electronics Technician (Manufacturing Only),49-2094.00,"An Electronics Technician in manufacturing builds, tests, troubleshoots, and repairs electronic equipment and parts in a factory. They wire circuits, solder components, use meters and testing tools, adjust machines, and track problems on production lines. Their work helps keep products working properly, production running smoothly, and electronic systems safe and reliable."
8495,Electrician,Electrician,Electrician,47-2111.00,"An Electrician installs, connects, tests, and repairs wiring, outlets, lights, circuit breakers, and electrical equipment in homes, buildings, and job sites. They read plans, run wire through walls and ceilings, use hand and power tools, and check that systems work safely. Their work keeps power flowing and buildings lit, working, and safer."
8502,Plant Maintenance-Electrician,Plant Maintenance-Electrician,Plant Maintenance-Electrician,47-2111.00,"A Plant Maintenance-Electrician keeps a factory or industrial plant’s electrical systems working safely and reliably. They inspect wiring, motors, control panels, and machines, troubleshoot faults, replace damaged parts, and do routine repairs and testing. Their work keeps production equipment running, helps prevent breakdowns, and makes the plant safer for workers."
8571,Sheet Metal Worker,Sheet Metal Worker,Sheet Metal Worker,47-2211.00,"A Sheet Metal Worker makes, installs, and repairs metal parts used in buildings and equipment. They measure and cut sheet metal, bend and shape it, and fasten ducts, vents, flashing, and panels using hand tools, power tools, and welding equipment. Their work helps heating, cooling, and building systems fit properly and keep running safely."
8602,Direct Support Professional,Direct Support Professional,Direct Support Professional,21-1093.00,"A Direct Support Professional helps people with disabilities or other support needs with daily life at home, at work, and in the community. They may help with meals, bathing, dressing, medicine reminders, rides, shopping, and simple paperwork while offering steady support and encouragement. Their work helps people stay safe, healthy, independent, and connected."
8606,Electrician,Electrician,Electrician,47-2111.00,"An Electrician installs, connects, tests, and repairs wiring, outlets, lights, circuit breakers, and electrical equipment in homes, buildings, and job sites. They read plans, run wire through walls and ceilings, use hand and power tools, and check that systems work safely. Their work keeps power flowing and buildings lit, working, and safer."
8657,Electrician,Electrician,Electrician,47-2111.00,"An Electrician installs, connects, tests, and repairs wiring, outlets, lights, circuit breakers, and electrical equipment in homes, buildings, and job sites. They read plans, run wire through walls and ceilings, use hand and power tools, and check that systems work safely. Their work keeps power flowing and buildings lit, working, and safer."
8672,"Heating, Ventilation and Air Conditioning Mechanic","Heating, Ventilation, and Air Conditioning Mechanic","Heating, Ventilation, and Air Conditioning Mechanic",49-9021.00,"A Heating, Ventilation, and Air Conditioning Mechanic installs, repairs, and maintains furnaces, air conditioners, ventilation systems, and thermostats in homes and buildings. They connect pipes and wiring, test airflow and temperature, replace worn parts, and troubleshoot breakdowns using tools and meters. Their work keeps indoor spaces comfortable, equipment running, and air systems safe and efficient."
8686,Electro-Mechanical Technician,Electro-Mechanical Technician,Electro-Mechanical Technician,17-3024.00,"An Electro-Mechanical Technician installs, tests, repairs, and maintains machines that use both electrical and mechanical parts. They trace wiring, replace sensors and motors, adjust moving parts, read diagrams, and use meters and hand tools to find problems on factory equipment or automated systems. Their work keeps machines running safely, accurately, and with less downtime."
8688,Machinist (CNC),Machinist (CNC),Machinist (CNC),51-4041.00,"A CNC Machinist makes precise metal or plastic parts using computer-controlled machine tools. They read blueprints, set up lathes and mills, load materials, choose cutting tools, monitor the machines, and measure finished pieces to make sure they match exact sizes. Their work builds and keeps running the parts used in vehicles, machines, and equipment."
8696,Elevator Servicer and Repairer,Elevator Servicer and Repairer,Elevator Servicer and Repairer,47-4021.00,"An Elevator Servicer and Repairer installs, inspects, fixes, and maintains elevators, escalators, moving walkways, and lifts. They test controls, replace worn cables, motors, doors, and brakes, trace electrical or mechanical problems, and make adjustments using tools and meters. Their work keeps people and goods moving safely through buildings and keeps vertical transportation systems running reliably."
8726,Electrical (Outside) Line Worker,Electrical (Outside) Line Worker,Electrical (Outside) Line Worker,49-9051.00,"An outside Electrical Line Worker builds, repairs, and maintains overhead and underground power lines that carry electricity to homes and businesses. They climb poles, work from bucket trucks, replace wires, insulators, and transformers, and restore service after storms or outages. Their work keeps electrical systems running safely and power flowing where people need it."
8738,Bricklayer Mason and Plasterer,Bricklayer Mason and Plasterer,Bricklayer Mason and Plasterer,47-2021.00,"A Bricklayer Mason and Plasterer builds and repairs walls, fireplaces, and other structures using brick, block, stone, mortar, and plaster. They spread mortar, lay materials in straight lines, smooth and coat surfaces, and patch cracks or damage on indoor and outdoor walls. Their work builds strong surfaces and helps keep buildings sturdy, sealed, and looking finished."
8795,Electrician,Electrician,Electrician,47-2111.00,"An Electrician installs, connects, tests, and repairs wiring, outlets, lights, circuit breakers, and electrical equipment in homes, buildings, and job sites. They read plans, run wire through walls and ceilings, use hand and power tools, and check that systems work safely. Their work keeps power flowing and buildings lit, working, and safer."
8819,Skilled Construction Craft Laborer,Skilled Construction Craft Laborer,Skilled Construction Craft Laborer,47-2061.00,"A Skilled Construction Craft Laborer does hands-on work on building sites and supports many parts of a construction project. They load and move materials, dig and grade ground, use hand and power tools, help set forms, pour concrete, and clean work areas. Their work helps keep projects moving, sites safer, and structures built properly."
8825,Bus Mechanic,Bus Mechanic,Bus Mechanic,49-3031.00,"A Bus Mechanic inspects, repairs, and maintains buses so they can run safely every day. They test brakes, steering, engines, transmissions, and electrical systems, change fluids and worn parts, and use tools and diagnostic equipment in a busy shop or yard. Their work keeps public transportation running, passengers safer, and vehicles reliable on the road."
8865,Screw Machine Set-Up and Operator-Multiple,Screw Machine Set-Up and Operator-Multiple,Screw Machine Set-Up and Operator-Multiple,51-4034.00,"A Screw Machine Set-Up and Operator-Multiple runs and adjusts screw machines that shape metal into small parts like bolts, fittings, and pins. They load metal stock, set tools, check measurements, watch the machines cut and spin, and fix problems during production. Their work helps keep vehicles, appliances, and equipment built correctly and running safely."
8899,Plumber,Plumber,Plumber,47-2152.00,"A Plumber installs, repairs, and maintains the pipes, drains, fixtures, and appliances that carry water, gas, and waste in homes, businesses, and other buildings. They cut and join pipe, clear clogs, fix leaks, test systems, and fit sinks, toilets, tubs, and water heaters. Their work keeps water flowing, waste moving out, and buildings safe and working properly."
8941,Electrician,Electrician,Electrician,47-2111.00,"An Electrician installs, connects, tests, and repairs wiring, outlets, lights, circuit breakers, and electrical equipment in homes, buildings, and job sites. They read plans, run wire through walls and ceilings, use hand and power tools, and check that systems work safely. Their work keeps power flowing and buildings lit, working, and safer."
8946,Pipefitter,Pipefitter,Pipefitter,47-2152.00,"A Pipefitter installs, assembles, and repairs the pipes, valves, and fittings that carry steam, water, chemicals, and gases in buildings and industrial sites. They measure and cut pipe, thread and weld joints, read blueprints, and test systems for leaks and pressure. Their work keeps heating, cooling, and production systems running safely and reliably."
8965,Software Developer,Software Developer,Software Developer,15-1251.00,"A Software Developer creates and updates computer programs, apps, and digital tools. They write code, test features, fix bugs, review how software works, and work with teammates to turn ideas into working systems people can use. Their work builds the software that helps businesses, services, and everyday technology run smoothly and safely."
8977,Manufacturing Engineering Technician,Manufacturing Engineering Technician,Manufacturing Engineering Technician,17-2112.03,"A Manufacturing Engineering Technician helps set up, test, and improve the machines, tools, and steps used to make products in a factory. They measure parts, check production lines, update drawings, troubleshoot equipment problems, and help workers follow efficient methods. Their work helps products be made correctly, waste less material, and keeps production running smoothly."
8981,Plant Maintenance-Electrician,Plant Maintenance-Electrician,Plant Maintenance-Electrician,47-2111.00,"A Plant Maintenance-Electrician keeps a factory or industrial plant’s electrical systems working safely and reliably. They inspect wiring, motors, control panels, and machines, troubleshoot faults, replace damaged parts, and do routine repairs and testing. Their work keeps production equipment running, helps prevent breakdowns, and makes the plant safer for workers."
9008,Sheet Metal Worker,Sheet Metal Worker,Sheet Metal Worker,47-2211.00,"A Sheet Metal Worker makes, installs, and repairs metal parts used in buildings and equipment. They measure and cut sheet metal, bend and shape it, and fasten ducts, vents, flashing, and panels using hand tools, power tools, and welding equipment. Their work helps heating, cooling, and building systems fit properly and keep running safely."
9076,Direct Support Professional,Direct Support Professional,Direct Support Professional,21-1093.00,"A Direct Support Professional helps people with disabilities or other support needs with daily life at home, at work, and in the community. They may help with meals, bathing, dressing, medicine reminders, rides, shopping, and simple paperwork while offering steady support and encouragement. Their work helps people stay safe, healthy, independent, and connected."
9110,Electrical (Outside) Line Worker,Electrical (Outside) Line Worker,Electrical (Outside) Line Worker,49-9051.00,"An outside Electrical Line Worker builds, repairs, and maintains overhead and underground power lines that carry electricity to homes and businesses. They climb poles, work from bucket trucks, replace wires, insulators, and transformers, and restore service after storms or outages. Their work keeps electrical systems running safely and power flowing where people need it."
9121,Electrician,Electrician,Electrician,47-2111.00,"An Electrician installs, connects, tests, and repairs wiring, outlets, lights, circuit breakers, and electrical equipment in homes, buildings, and job sites. They read plans, run wire through walls and ceilings, use hand and power tools, and check that systems work safely. Their work keeps power flowing and buildings lit, working, and safer."
9178,Skilled Construction Craft Laborer,Skilled Construction Craft Laborer,Skilled Construction Craft Laborer,47-2061.00,"A Skilled Construction Craft Laborer does hands-on work on building sites and supports many parts of a construction project. They load and move materials, dig and grade ground, use hand and power tools, help set forms, pour concrete, and clean work areas. Their work helps keep projects moving, sites safer, and structures built properly."
9190,Pipefitter,Pipefitter,Pipefitter,47-2152.00,"A Pipefitter installs, assembles, and repairs the pipes, valves, and fittings that carry steam, water, chemicals, and gases in buildings and industrial sites. They measure and cut pipe, thread and weld joints, read blueprints, and test systems for leaks and pressure. Their work keeps heating, cooling, and production systems running safely and reliably."
9256,Skilled Construction Craft Laborer,Skilled Construction Craft Laborer,Skilled Construction Craft Laborer,47-2061.00,"A Skilled Construction Craft Laborer does hands-on work on building sites and supports many parts of a construction project. They load and move materials, dig and grade ground, use hand and power tools, help set forms, pour concrete, and clean work areas. Their work helps keep projects moving, sites safer, and structures built properly."
9264,Wastewater Systems Operation Specialist,Wastewater Systems Operation Specialist,Wastewater Systems Operation Specialist,51-8031.00,"A Wastewater Systems Operation Specialist runs and monitors the equipment that cleans sewage and dirty water before it is released or reused. They check pumps, tanks, filters, and control panels, collect samples, adjust chemical levels, and fix basic problems. Their work keeps treatment systems running safely and protects public health, waterways, and the environment."
9307,Project Manager,Project Manager,Project Manager,15-1299.09,"A Project Manager plans and leads a project from start to finish. They break the work into steps, set schedules and budgets, assign tasks, track progress, solve problems, and keep workers, clients, and suppliers informed through meetings, calls, and reports. Their work helps projects stay organized, on time, on budget, and running smoothly."
9351,Teacher Assistant,Teacher Assistant,Teacher Assistant,25-9042.00,"A Teacher Assistant supports a classroom teacher and helps students with daily learning activities. They set up materials, supervise small groups, explain instructions, help children stay focused, and assist with meals, recess, or cleanup. Their work helps classrooms run smoothly, supports student learning, and keeps the school day organized and safe."
9354,Electrician,Electrician,Electrician,47-2111.00,"An Electrician installs, connects, tests, and repairs wiring, outlets, lights, circuit breakers, and electrical equipment in homes, buildings, and job sites. They read plans, run wire through walls and ceilings, use hand and power tools, and check that systems work safely. Their work keeps power flowing and buildings lit, working, and safer."
9395,Machinist,Machinist,Machinist,51-4041.00,"A Machinist makes precise metal or plastic parts used in machines, tools, and equipment. They read blueprints, set up lathes, mills, grinders, and computer-controlled machines, then cut, drill, shape, and measure each piece to tight standards. Their work builds parts that fit properly and keeps vehicles, factories, and everyday equipment running safely."
9413,Customer Service Representative,Customer Service Representative,Customer Service Representative,43-4051.00,"A Customer Service Representative helps people with questions, orders, billing issues, returns, and complaints. They answer phone calls, emails, or online chats, look up account details, explain policies, solve routine problems, and pass along tougher issues when needed. Their work keeps customers informed, services running smoothly, and business problems from growing."
9416,Plant Maintenance-Millwright,Plant Maintenance-Millwright,Plant Maintenance-Millwright,49-9044.00,"A Plant Maintenance-Millwright installs, moves, repairs, and maintains heavy machines in factories, mills, and processing plants. They line up motors and conveyor systems, replace worn parts, use precision tools, and troubleshoot breakdowns on the plant floor. Their work keeps production equipment running safely, reduces downtime, and helps plants keep making everyday goods."
9454,Glazier,Glazier,Glazier,47-2121.00,"A Glazier installs, replaces, and repairs glass in windows, doors, storefronts, skylights, and display cases. They measure openings, cut and fit glass, set panels into frames, seal edges, and sometimes handle mirrors or metal framing. Their work helps buildings stay weather-tight, bright, secure, and safe for everyday use."
9463,Direct Support Professional,Direct Support Professional,Direct Support Professional,21-1093.00,"A Direct Support Professional helps people with disabilities or other support needs with daily life at home, at work, and in the community. They may help with meals, bathing, dressing, medicine reminders, rides, shopping, and simple paperwork while offering steady support and encouragement. Their work helps people stay safe, healthy, independent, and connected."
9475,Sales Associate (Financial Services),Sales Associate (Financial Services),Sales Associate (Financial Services),41-3031.00,"A Sales Associate in financial services helps people choose and sign up for products like bank accounts, credit cards, loans, or insurance. They speak with customers, explain options, answer questions, prepare forms, and follow up by phone, email, or in person. Their work helps people manage money, get services they need, and keep finances running smoothly."
9503,Marketing Coordinator,Marketing Coordinator,Marketing Coordinator,13-1161.00,"A Marketing Coordinator helps plan and carry out a company’s marketing work. They write and schedule social media posts, update websites, help create ads and email campaigns, organize events, track results, and keep projects moving between designers, sales staff, and managers. Their work helps businesses reach customers, share clear information, and keep sales efforts organized."
9523,"Heating, Ventilation and Air Conditioning Mechanic","Heating, Ventilation, and Air Conditioning Mechanic","Heating, Ventilation, and Air Conditioning Mechanic",49-9021.00,"A Heating, Ventilation, and Air Conditioning Mechanic installs, repairs, and maintains furnaces, air conditioners, ventilation systems, and thermostats in homes and buildings. They connect pipes and wiring, test airflow and temperature, replace worn parts, and troubleshoot breakdowns using tools and meters. Their work keeps indoor spaces comfortable, equipment running, and air systems safe and efficient."
9526,Sheet Metal Worker (Iron Plate),Sheet Metal Worker (Iron Plate),Sheet Metal Worker (Iron Plate),47-2211.00,"A Sheet Metal Worker working with iron plate makes, repairs, and installs heavy metal parts used in buildings, tanks, ducts, and industrial equipment. They measure and mark plate, cut and shape it with tools and machines, and bolt, rivet, or weld pieces together on shop floors and job sites. Their work builds and keeps metal systems strong, fitted properly, and running safely."
9529,Moldmaker,Moldmaker,Moldmaker,51-4111.00,"A Moldmaker builds and repairs the metal molds used to shape plastic, rubber, or other materials into parts and products. They read blueprints, machine and polish metal pieces, fit parts together, test the mold, and make precise adjustments. Their work helps factories make consistent products and keeps production running smoothly."
9541,Community Health Worker,Community Health Worker,Community Health Worker,21-1094.00,"A Community Health Worker connects people with health care, social services, and local support. They meet with clients in homes, clinics, or community spaces, explain programs, help fill out forms, arrange appointments, and share health information in clear, everyday language. Their work helps people get care sooner, manage health needs, and use local services more easily."
9551,Manufacturing Engineering Technician,Manufacturing Engineering Technician,Manufacturing Engineering Technician,17-2112.03,"A Manufacturing Engineering Technician helps set up, test, and improve the machines, tools, and steps used to make products in a factory. They measure parts, check production lines, update drawings, troubleshoot equipment problems, and help workers follow efficient methods. Their work helps products be made correctly, waste less material, and keeps production running smoothly."
9562,Direct Support Professional (DSP) Supervisor,Direct Support Professional (DSP) Supervisor,Direct Support Professional (DSP) Supervisor,39-1022.00,"A Direct Support Professional Supervisor leads staff who help people with disabilities or daily living needs at home, at work, or in community programs. They make schedules, train workers, handle problems, check care plans, and step in to support clients when needed. Their work keeps services organized, safe, and reliable for the people receiving care."
9576,Building Maintenance Mechanic,Building Maintenance Mechanic,Building Maintenance Mechanic,49-9071.00,"A Building Maintenance Mechanic keeps a building’s systems and spaces in working order. They inspect equipment, fix plumbing leaks, replace light fixtures, repair doors, walls, and floors, and handle basic heating, cooling, and electrical problems using hand and power tools. Their work keeps buildings safe, functional, and comfortable for the people who use them every day."
9578,Electrician,Electrician,Electrician,47-2111.00,"An Electrician installs, connects, tests, and repairs wiring, outlets, lights, circuit breakers, and electrical equipment in homes, buildings, and job sites. They read plans, run wire through walls and ceilings, use hand and power tools, and check that systems work safely. Their work keeps power flowing and buildings lit, working, and safer."
9608,Plant Maintenance-Electrician,Plant Maintenance-Electrician,Plant Maintenance-Electrician,47-2111.00,"A Plant Maintenance-Electrician keeps a factory or industrial plant’s electrical systems working safely and reliably. They inspect wiring, motors, control panels, and machines, troubleshoot faults, replace damaged parts, and do routine repairs and testing. Their work keeps production equipment running, helps prevent breakdowns, and makes the plant safer for workers."
9619,Fitness Instructor,Fitness Instructor,Fitness Instructor,39-9031.00,"A Fitness Instructor leads exercise sessions and helps people use equipment safely and effectively. They demonstrate stretches, strength moves, and cardio routines, watch form, adjust workouts for different fitness levels, and keep classes organized and motivating. Their work helps people build strength, improve health, and stay active with less risk of injury."
9630,Iron Worker (Outside),Iron Worker (Outside),Iron Worker (Outside),47-2221.00,"An outside Iron Worker builds and repairs the steel frames and heavy metal parts of buildings, bridges, towers, and other large structures. They unload steel, line up beams, bolt and weld pieces together, and work high above the ground using cranes, lifts, and safety gear. Their work helps keep major structures strong, stable, and safe."
9657,Plumber,Plumber,Plumber,47-2152.00,"A Plumber installs, repairs, and maintains the pipes, drains, fixtures, and appliances that carry water, gas, and waste in homes, businesses, and other buildings. They cut and join pipe, clear clogs, fix leaks, test systems, and fit sinks, toilets, tubs, and water heaters. Their work keeps water flowing, waste moving out, and buildings safe and working properly."
9674,Skilled Construction Craft Laborer,Skilled Construction Craft Laborer,Skilled Construction Craft Laborer,47-2061.00,"A Skilled Construction Craft Laborer does hands-on work on building sites and supports many parts of a construction project. They load and move materials, dig and grade ground, use hand and power tools, help set forms, pour concrete, and clean work areas. Their work helps keep projects moving, sites safer, and structures built properly."
9700,Roofer,Roofer,Roofer,47-2181.00,"A Roofer builds, repairs, and replaces roofs on homes, shops, and other buildings. They tear off old shingles, lay underlayment, fasten shingles, tiles, or metal panels, seal flashing around vents and chimneys, and work high up in changing weather. Their work keeps buildings dry, insulated, and protected from leaks and damage."
9701,Nanotechnology Engineering Technician,Nanotechnology Engineering Technician,Nanotechnology Engineering Technician,17-3026.01,"A Nanotechnology Engineering Technician helps build, test, and improve tiny materials and devices used in electronics, medicine, and manufacturing. They set up lab equipment, prepare samples, run experiments, record results, and help engineers troubleshoot problems on clean benches or production floors. Their work helps make products smaller, more reliable, and safer to use every day."
9706,School Administrator (Building Administrator),School Administrator (Building Administrator),School Administrator (Building Administrator),11-9032.00,"A School Administrator leads the daily operations of a school building. They supervise teachers and staff, manage schedules, handle student discipline, meet with families, observe classrooms, and make sure policies, safety rules, and school programs are followed. Their work keeps the school organized, students supported, and learning and school safety running smoothly."
9711,Diesel Engine Mechanic,Diesel Engine Mechanic,Diesel Engine Mechanic,49-3031.00,"A Diesel Engine Mechanic repairs and maintains diesel-powered engines in trucks, buses, heavy equipment, and other machines. They inspect parts, run tests, change filters and fluids, replace worn components, and use tools and diagnostic equipment to fix problems. Their work keeps vehicles and equipment running safely, reliably, and with less downtime."
9762,"Pointer, Caulker and Cleaner","Pointer, Caulker, and Cleaner","Pointer, Caulker, and Cleaner",47-4099.00,"A Pointer, Caulker, and Cleaner repairs and protects the outside of buildings, bridges, and chimneys. They scrape out damaged mortar, pack fresh mortar between bricks or stone, seal cracks and joints with caulk, and clean surfaces with water, chemicals, or blasting tools, often from scaffolds. This keeps walls strong, dry, safe, and well maintained."
9775,Roofer,Roofer,Roofer,47-2181.00,"A Roofer builds, repairs, and replaces roofs on homes, shops, and other buildings. They tear off old shingles, lay underlayment, fasten shingles, tiles, or metal panels, seal flashing around vents and chimneys, and work high up in changing weather. Their work keeps buildings dry, insulated, and protected from leaks and damage."
9776,Marketing Coordinator,Marketing Coordinator,Marketing Coordinator,13-1161.00,"A Marketing Coordinator helps plan and carry out a company’s marketing work. They write and schedule social media posts, update websites, help create ads and email campaigns, organize events, track results, and keep projects moving between designers, sales staff, and managers. Their work helps businesses reach customers, share clear information, and keep sales efforts organized."
9788,Teacher,Teacher,Teacher,25-2021.00,"A Teacher plans lessons and helps students learn subjects like reading, math, science, or history. They explain ideas, lead class activities, answer questions, give assignments, and check progress through tests and daily work. Their work builds knowledge, skills, and good habits that help students succeed in school and everyday life."
9800,Moldmaker,Moldmaker,Moldmaker,51-4111.00,"A Moldmaker builds and repairs the metal molds used to shape plastic, rubber, or other materials into parts and products. They read blueprints, machine and polish metal pieces, fit parts together, test the mold, and make precise adjustments. Their work helps factories make consistent products and keeps production running smoothly."
9801,Electrician,Electrician,Electrician,47-2111.00,"An Electrician installs, connects, tests, and repairs wiring, outlets, lights, circuit breakers, and electrical equipment in homes, buildings, and job sites. They read plans, run wire through walls and ceilings, use hand and power tools, and check that systems work safely. Their work keeps power flowing and buildings lit, working, and safer."
9819,Electronic Discharge Machine (EDM) - Wire & Sinker Programmer/Operator,Electronic Discharge Machine (EDM) - Wire and Sinker Programmer/Operator,Electronic Discharge Machine (EDM) - Wire and Sinker Programmer/Operator,51-4199.00,"An Electronic Discharge Machine EDM Wire and Sinker Programmer Operator uses computer-controlled machines to shape metal parts with tiny electrical sparks. They read blueprints, program wire and sinker EDM equipment, set up workpieces, choose cutting settings, and check precise measurements. Their work makes accurate tools, molds, and machine parts that keep manufacturing equipment running properly."
9825,Plumber,Plumber,Plumber,47-2152.00,"A Plumber installs, repairs, and maintains the pipes, drains, fixtures, and appliances that carry water, gas, and waste in homes, businesses, and other buildings. They cut and join pipe, clear clogs, fix leaks, test systems, and fit sinks, toilets, tubs, and water heaters. Their work keeps water flowing, waste moving out, and buildings safe and working properly."
9836,Machinist,Machinist,Machinist,51-4041.00,"A Machinist makes precise metal or plastic parts used in machines, tools, and equipment. They read blueprints, set up lathes, mills, grinders, and computer-controlled machines, then cut, drill, shape, and measure each piece to tight standards. Their work builds parts that fit properly and keeps vehicles, factories, and everyday equipment running safely."
9869,Teacher Assistant,Teacher Assistant,Teacher Assistant,25-9042.00,"A Teacher Assistant supports a classroom teacher and helps students with daily learning activities. They set up materials, supervise small groups, explain instructions, help children stay focused, and assist with meals, recess, or cleanup. Their work helps classrooms run smoothly, supports student learning, and keeps the school day organized and safe."
9874,Teacher,Teacher,Teacher,25-2021.00,"A Teacher plans lessons and helps students learn subjects like reading, math, science, or history. They explain ideas, lead class activities, answer questions, give assignments, and check progress through tests and daily work. Their work builds knowledge, skills, and good habits that help students succeed in school and everyday life."
9884,Electrician,Electrician,Electrician,47-2111.00,"An Electrician installs, connects, tests, and repairs wiring, outlets, lights, circuit breakers, and electrical equipment in homes, buildings, and job sites. They read plans, run wire through walls and ceilings, use hand and power tools, and check that systems work safely. Their work keeps power flowing and buildings lit, working, and safer."
9903,Roofer,Roofer,Roofer,47-2181.00,"A Roofer builds, repairs, and replaces roofs on homes, shops, and other buildings. They tear off old shingles, lay underlayment, fasten shingles, tiles, or metal panels, seal flashing around vents and chimneys, and work high up in changing weather. Their work keeps buildings dry, insulated, and protected from leaks and damage."
9925,Dry Wall Taper (Finisher),Drywall Taper (Finisher),Dry Wall Taper (Finisher),47-2082.00,"A Drywall Taper, also called a finisher, smooths and prepares drywall walls and ceilings for painting or wallpaper. They spread joint compound over seams and screw holes, press tape into joints, sand rough spots, and blend corners until surfaces look flat and clean. Their work makes rooms look finished and keeps walls smooth, solid, and ready to use."
9932,Plant Maintenance-Millwright,Plant Maintenance-Millwright,Plant Maintenance-Millwright,49-9044.00,"A Plant Maintenance-Millwright installs, moves, repairs, and maintains heavy machines in factories, mills, and processing plants. They line up motors and conveyor systems, replace worn parts, use precision tools, and troubleshoot breakdowns on the plant floor. Their work keeps production equipment running safely, reduces downtime, and helps plants keep making everyday goods."
9974,Roofer,Roofer,Roofer,47-2181.00,"A Roofer builds, repairs, and replaces roofs on homes, shops, and other buildings. They tear off old shingles, lay underlayment, fasten shingles, tiles, or metal panels, seal flashing around vents and chimneys, and work high up in changing weather. Their work keeps buildings dry, insulated, and protected from leaks and damage."
9998,Plumber,Plumber,Plumber,47-2152.00,"A Plumber installs, repairs, and maintains the pipes, drains, fixtures, and appliances that carry water, gas, and waste in homes, businesses, and other buildings. They cut and join pipe, clear clogs, fix leaks, test systems, and fit sinks, toilets, tubs, and water heaters. Their work keeps water flowing, waste moving out, and buildings safe and working properly."
10036,Industrial Equipment Wirer and Assembler,Industrial Equipment Wirer and Assembler,Industrial Equipment Wirer and Assembler,51-2022.00,"An Industrial Equipment Wirer and Assembler builds and wires industrial machines, control panels, and electrical parts. They read diagrams, mount components, run and connect wires, test circuits, and fix problems on the shop floor using hand and power tools. Their work keeps factory equipment running safely, reliably, and as designed."
10070,Electrician,Electrician,Electrician,47-2111.00,"An Electrician installs, connects, tests, and repairs wiring, outlets, lights, circuit breakers, and electrical equipment in homes, buildings, and job sites. They read plans, run wire through walls and ceilings, use hand and power tools, and check that systems work safely. Their work keeps power flowing and buildings lit, working, and safer."
10105,Iron Worker (Outside),Iron Worker (Outside),Iron Worker (Outside),47-2221.00,"An outside Iron Worker builds and repairs the steel frames and heavy metal parts of buildings, bridges, towers, and other large structures. They unload steel, line up beams, bolt and weld pieces together, and work high above the ground using cranes, lifts, and safety gear. Their work helps keep major structures strong, stable, and safe."
10123,Toolmaker,Toolmaker,Toolmaker,51-4111.00,"A Toolmaker makes and repairs the precise tools, dies, molds, and fixtures used in manufacturing. They read detailed drawings, cut and shape metal, operate machine tools, polish surfaces, and check measurements to tiny tolerances so parts fit exactly. Their work keeps factory machines running, products accurate, and production lines making reliable everyday goods."
10149,Painter and Decorator,Painter and Decorator,Painter and Decorator,47-2141.00,"A Painter and Decorator prepares and finishes walls, ceilings, woodwork, and other surfaces in homes, offices, and other buildings. They scrape, sand, fill cracks, apply primer, paint, wallpaper, and decorative finishes, and work neatly around trim and fixtures. Their work protects surfaces from wear and moisture and improves how indoor and outdoor spaces look and last."
10157,Plasterer,Plasterer,Plasterer,47-2161.00,"A Plasterer covers walls and ceilings with plaster, cement, or other finishes to create smooth or textured surfaces. They mix materials, spread and level them with trowels, repair cracks, and sometimes apply decorative mouldings or finishes around rooms and building exteriors. Their work improves appearance, protects surfaces, and helps buildings stay solid and weather-resistant."
10201,Machinist (CNC),Machinist (CNC),Machinist (CNC),51-4041.00,"A CNC Machinist makes precise metal or plastic parts using computer-controlled machine tools. They read blueprints, set up lathes and mills, load materials, choose cutting tools, monitor the machines, and measure finished pieces to make sure they match exact sizes. Their work builds and keeps running the parts used in vehicles, machines, and equipment."
10217,"Linoleum, Resilient Tile and Carpet Layer","Linoleum, Resilient Tile, and Carpet Layer","Linoleum, Resilient Tile, and Carpet Layer",47-2042.00,"A Linoleum, Resilient Tile, and Carpet Layer installs floor coverings in homes, offices, schools, and stores. They measure rooms, prepare subfloors, cut and fit carpet, linoleum, and tile, spread adhesive, stretch carpet smooth, and trim edges neatly around walls and corners. Their work creates durable, safe, and comfortable floors that buildings use every day."
10264,Fire Fighter,Fire Fighter,Fire Fighter,33-2011.00,"A Fire Fighter responds to fires, vehicle crashes, medical emergencies, and other dangerous situations. They drive trucks, use hoses, ladders, axes, and breathing gear, rescue people, treat injuries, and check buildings for smoke, heat, and fire risks. Their work helps protect lives, property, and buildings and keeps emergencies from causing more harm."
10280,"Housekeeper (Commercial, Residential, Industrial)","Housekeeper (Commercial, Residential, Industrial)","Housekeeper (Commercial, Residential, Industrial)",37-2012.00,"A Housekeeper in commercial, residential, and industrial settings cleans and maintains rooms, halls, washrooms, work areas, and shared spaces. They vacuum, mop, dust, change linens, restock supplies, empty trash, and sanitize surfaces, sometimes using larger cleaning machines or special products. Their work keeps homes, businesses, and facilities clean, safe, orderly, and running well."
10285,Data Analyst,Data Analyst,Data Analyst,15-2031.00,"A Data Analyst collects, cleans, and studies data to find patterns, answer questions, and support decisions. They work with spreadsheets, databases, and charts to check numbers, spot trends, and turn raw information into clear reports or dashboards. Their work helps businesses and services run better, solve problems faster, and make smarter everyday choices."
10292,Operating Engineer (Grade and Paving Equipment),Operating Engineer (Grade and Paving Equipment),Operating Engineer (Grade and Paving Equipment),47-2073.00,"An Operating Engineer working with grading and paving equipment runs heavy machines that shape ground and lay road surfaces on construction sites. They steer graders, rollers, pavers, and loaders, spread gravel or asphalt, level slopes, and watch gauges and controls while working around crews. Their work helps build smooth roads, parking lots, and surfaces that stay safe and usable."
10301,Plumber,Plumber,Plumber,47-2152.00,"A Plumber installs, repairs, and maintains the pipes, drains, fixtures, and appliances that carry water, gas, and waste in homes, businesses, and other buildings. They cut and join pipe, clear clogs, fix leaks, test systems, and fit sinks, toilets, tubs, and water heaters. Their work keeps water flowing, waste moving out, and buildings safe and working properly."
10339,Electrician,Electrician,Electrician,47-2111.00,"An Electrician installs, connects, tests, and repairs wiring, outlets, lights, circuit breakers, and electrical equipment in homes, buildings, and job sites. They read plans, run wire through walls and ceilings, use hand and power tools, and check that systems work safely. Their work keeps power flowing and buildings lit, working, and safer."
10353,"Bricklayer, Mason","Bricklayer, Mason","Bricklayer, Mason",47-2021.00,"A Bricklayer, Mason builds and repairs walls, chimneys, fireplaces, walkways, and other structures using brick, concrete block, and stone. They spread mortar, line up each course, cut materials to fit, and check that surfaces are level and strong. Their work helps create buildings and outdoor spaces that stay solid, weather-resistant, and safe to use."
10367,Skilled Construction Craft Laborer,Skilled Construction Craft Laborer,Skilled Construction Craft Laborer,47-2061.00,"A Skilled Construction Craft Laborer does hands-on work on building sites and supports many parts of a construction project. They load and move materials, dig and grade ground, use hand and power tools, help set forms, pour concrete, and clean work areas. Their work helps keep projects moving, sites safer, and structures built properly."
10371,Medical Assistant,Medical Assistant,Medical Assistant,31-9092.00,"A Medical Assistant works in clinics, doctors’ offices, and other healthcare settings, helping patients and medical staff throughout the day. They take vital signs, prepare exam rooms, update health records, schedule appointments, and may collect lab samples or give basic care instructions. Their work helps keep visits organized, patients informed, and care running smoothly."
10372,Bricklayer Mason and Plasterer,Bricklayer Mason and Plasterer,Bricklayer Mason and Plasterer,47-2021.00,"A Bricklayer Mason and Plasterer builds and repairs walls, fireplaces, and other structures using brick, block, stone, mortar, and plaster. They spread mortar, lay materials in straight lines, smooth and coat surfaces, and patch cracks or damage on indoor and outdoor walls. Their work builds strong surfaces and helps keep buildings sturdy, sealed, and looking finished."
10386,Cement Finisher or Cement Mason,Cement Finisher or Cement Mason,Cement Finisher or Cement Mason,47-2051.00,"A Cement Finisher or Cement Mason works with wet concrete on sidewalks, floors, curbs, roads, and building foundations. They spread, level, smooth, edge, and texture the surface using hand and power tools, and may add joints or seal finishes as it sets. Their work helps concrete surfaces stay strong, even, safe to walk or drive on, and long-lasting."
10401,Safety and Health Inspector,Safety and Health Inspector,Safety and Health Inspector,19-5011.00,"A Safety and Health Inspector checks workplaces to make sure people follow safety and health rules. They walk through job sites, inspect equipment, watch how work is done, take notes, investigate accidents, and point out hazards that need fixing. Their work helps prevent injuries, illness, and unsafe conditions, and keeps workplaces safer and running properly."
10406,Machinist (CNC),Machinist (CNC),Machinist (CNC),51-4041.00,"A CNC Machinist makes precise metal or plastic parts using computer-controlled machine tools. They read blueprints, set up lathes and mills, load materials, choose cutting tools, monitor the machines, and measure finished pieces to make sure they match exact sizes. Their work builds and keeps running the parts used in vehicles, machines, and equipment."
10413,Toolmaker,Toolmaker,Toolmaker,51-4111.00,"A Toolmaker makes and repairs the precise tools, dies, molds, and fixtures used in manufacturing. They read detailed drawings, cut and shape metal, operate machine tools, polish surfaces, and check measurements to tiny tolerances so parts fit exactly. Their work keeps factory machines running, products accurate, and production lines making reliable everyday goods."
10457,Skilled Construction Craft Laborer,Skilled Construction Craft Laborer,Skilled Construction Craft Laborer,47-2061.00,"A Skilled Construction Craft Laborer does hands-on work on building sites and supports many parts of a construction project. They load and move materials, dig and grade ground, use hand and power tools, help set forms, pour concrete, and clean work areas. Their work helps keep projects moving, sites safer, and structures built properly."
10522,Skilled Construction Craft Laborer,Skilled Construction Craft Laborer,Skilled Construction Craft Laborer,47-2061.00,"A Skilled Construction Craft Laborer does hands-on work on building sites and supports many parts of a construction project. They load and move materials, dig and grade ground, use hand and power tools, help set forms, pour concrete, and clean work areas. Their work helps keep projects moving, sites safer, and structures built properly."
10558,Plant Maintenance-Mechanic (4 Year),Plant Maintenance-Mechanic,Plant Maintenance-Mechanic,49-9071.00,"A Plant Maintenance-Mechanic keeps factory and plant equipment working properly. They inspect machines, take apart worn parts, replace belts, bearings, motors, or pumps, lubricate moving pieces, and use tools to fix breakdowns on the shop floor. Their work keeps production lines running, equipment in good condition, and workplaces safer."
10606,Machinist (CNC),Machinist (CNC),Machinist (CNC),51-4041.00,"A CNC Machinist makes precise metal or plastic parts using computer-controlled machine tools. They read blueprints, set up lathes and mills, load materials, choose cutting tools, monitor the machines, and measure finished pieces to make sure they match exact sizes. Their work builds and keeps running the parts used in vehicles, machines, and equipment."
10617,Plasterer,Plasterer,Plasterer,47-2161.00,"A Plasterer covers walls and ceilings with plaster, cement, or other finishes to create smooth or textured surfaces. They mix materials, spread and level them with trowels, repair cracks, and sometimes apply decorative mouldings or finishes around rooms and building exteriors. Their work improves appearance, protects surfaces, and helps buildings stay solid and weather-resistant."
10636,Plant Maintenance-Mechanic (4 Year),Plant Maintenance-Mechanic,Plant Maintenance-Mechanic,49-9071.00,"A Plant Maintenance-Mechanic keeps factory and plant equipment working properly. They inspect machines, take apart worn parts, replace belts, bearings, motors, or pumps, lubricate moving pieces, and use tools to fix breakdowns on the shop floor. Their work keeps production lines running, equipment in good condition, and workplaces safer."
10647,Toolmaker,Toolmaker,Toolmaker,51-4111.00,"A Toolmaker makes and repairs the precise tools, dies, molds, and fixtures used in manufacturing. They read detailed drawings, cut and shape metal, operate machine tools, polish surfaces, and check measurements to tiny tolerances so parts fit exactly. Their work keeps factory machines running, products accurate, and production lines making reliable everyday goods."
10648,Electrician,Electrician,Electrician,47-2111.00,"An Electrician installs, connects, tests, and repairs wiring, outlets, lights, circuit breakers, and electrical equipment in homes, buildings, and job sites. They read plans, run wire through walls and ceilings, use hand and power tools, and check that systems work safely. Their work keeps power flowing and buildings lit, working, and safer."
10670,Ornamental Iron Worker,Ornamental Iron Worker,Ornamental Iron Worker,47-4099.00,"An Ornamental Iron Worker builds and installs decorative metal features for buildings and outdoor spaces. They measure, cut, weld, and bolt together railings, stairs, gates, fences, balconies, and window guards, then lift and fasten them into place on site. Their work adds strength, detail, and safety to the places people use every day."
10688,Medical Assistant,Medical Assistant,Medical Assistant,31-9092.00,"A Medical Assistant works in clinics, doctors’ offices, and other healthcare settings, helping patients and medical staff throughout the day. They take vital signs, prepare exam rooms, update health records, schedule appointments, and may collect lab samples or give basic care instructions. Their work helps keep visits organized, patients informed, and care running smoothly."
10701,"Bricklayer, Mason","Bricklayer, Mason","Bricklayer, Mason",47-2021.00,"A Bricklayer, Mason builds and repairs walls, chimneys, fireplaces, walkways, and other structures using brick, concrete block, and stone. They spread mortar, line up each course, cut materials to fit, and check that surfaces are level and strong. Their work helps create buildings and outdoor spaces that stay solid, weather-resistant, and safe to use."
10720,Plumber and Pipefitter,Plumber and Pipefitter,Plumber and Pipefitter,47-2152.00,"A Plumber and Pipefitter installs, repairs, and tests water, gas, heating, and cooling pipes in homes, buildings, and industrial sites. They cut and join pipe, fit valves and fixtures, read plans, and troubleshoot leaks or pressure problems using hand and power tools. Their work keeps water flowing, waste moving, and building systems running safely."
10744,Millwright,Millwright,Millwright,49-9044.00,"A Millwright installs, takes apart, repairs, and moves heavy industrial machines in places like factories, mills, and power plants. They use hoists, measuring tools, hand tools, and precision parts to line up equipment, replace worn pieces, and get machines running smoothly. Their work keeps production equipment working safely, accurately, and with less downtime."
10765,Cook,Cook,Cook,35-2012.00,"A Cook prepares and cooks food in places like restaurants, cafeterias, hospitals, or hotels. They chop ingredients, follow recipes, grill, bake, fry, season dishes, watch cooking times, and keep work areas clean and safe. Their work helps people get meals that are ready on time, taste good, and are safe to eat."
10773,Ornamental Iron Worker,Ornamental Iron Worker,Ornamental Iron Worker,47-4099.00,"An Ornamental Iron Worker builds and installs decorative metal features for buildings and outdoor spaces. They measure, cut, weld, and bolt together railings, stairs, gates, fences, balconies, and window guards, then lift and fasten them into place on site. Their work adds strength, detail, and safety to the places people use every day."
10780,Electrician,Electrician,Electrician,47-2111.00,"An Electrician installs, connects, tests, and repairs wiring, outlets, lights, circuit breakers, and electrical equipment in homes, buildings, and job sites. They read plans, run wire through walls and ceilings, use hand and power tools, and check that systems work safely. Their work keeps power flowing and buildings lit, working, and safer."
10836,Electrical (Outside) Line Worker,Electrical (Outside) Line Worker,Electrical (Outside) Line Worker,49-9051.00,"An outside Electrical Line Worker builds, repairs, and maintains overhead and underground power lines that carry electricity to homes and businesses. They climb poles, work from bucket trucks, replace wires, insulators, and transformers, and restore service after storms or outages. Their work keeps electrical systems running safely and power flowing where people need it."
10871,Plumber and Steamfitter,Plumber and Steamfitter,Plumber and Steamfitter,47-2152.00,"A Plumber and Steamfitter installs, repairs, and maintains pipes, fixtures, boilers, and heating or cooling systems in homes, buildings, and industrial sites. They cut and join pipe, test for leaks, fit valves and pumps, and connect water, gas, and steam lines. Their work keeps water flowing, heat working, and buildings safe and usable."
10876,Precision Imaging / Nanolithography Technician,Precision Imaging/Nanolithography Technician,Precision Imaging/Nanolithography Technician,51-2099.00,"A Precision Imaging/Nanolithography Technician makes tiny patterns and images on surfaces used in advanced electronics, optics, or research tools. They set up clean-room equipment, coat materials, align masks, expose surfaces to light or beams, and inspect results under microscopes. Their work helps build and improve the small parts inside chips, sensors, and other high-precision devices."
10928,"Heating, Ventilation and Air Conditioning Mechanic","Heating, Ventilation, and Air Conditioning Mechanic","Heating, Ventilation, and Air Conditioning Mechanic",49-9021.00,"A Heating, Ventilation, and Air Conditioning Mechanic installs, repairs, and maintains furnaces, air conditioners, ventilation systems, and thermostats in homes and buildings. They connect pipes and wiring, test airflow and temperature, replace worn parts, and troubleshoot breakdowns using tools and meters. Their work keeps indoor spaces comfortable, equipment running, and air systems safe and efficient."
10959,"Painter, Decorator & Paperhanger","Painter, Decorator, and Paperhanger","Painter, Decorator, and Paperhanger",47-2141.00,"A Painter, Decorator, and Paperhanger finishes and updates indoor and outdoor surfaces in homes, offices, and other buildings. They prepare walls and woodwork, scrape and sand old finishes, fill holes, apply paint or stain, and hang wallpaper neatly and straight. Their work protects surfaces from wear and moisture and makes rooms cleaner, brighter, and easier to maintain."
10975,Plumber,Plumber,Plumber,47-2152.00,"A Plumber installs, repairs, and maintains the pipes, drains, fixtures, and appliances that carry water, gas, and waste in homes, businesses, and other buildings. They cut and join pipe, clear clogs, fix leaks, test systems, and fit sinks, toilets, tubs, and water heaters. Their work keeps water flowing, waste moving out, and buildings safe and working properly."
11039,Operating Engineer (Universal Equipment),Operating Engineer (Universal Equipment),Operating Engineer (Universal Equipment),47-2073.00,"An Operating Engineer uses many kinds of heavy equipment on construction sites, roads, and other outdoor projects. They run machines like bulldozers, excavators, loaders, rollers, and cranes to dig, lift, grade, move earth, and place materials, while checking controls and watching site conditions. Their work helps build roads, foundations, and utilities and keeps projects moving safely."
11074,Plumber and Pipefitter,Plumber and Pipefitter,Plumber and Pipefitter,47-2152.00,"A Plumber and Pipefitter installs, repairs, and tests water, gas, heating, and cooling pipes in homes, buildings, and industrial sites. They cut and join pipe, fit valves and fixtures, read plans, and troubleshoot leaks or pressure problems using hand and power tools. Their work keeps water flowing, waste moving, and building systems running safely."
11143,Electrician,Electrician,Electrician,47-2111.00,"An Electrician installs, connects, tests, and repairs wiring, outlets, lights, circuit breakers, and electrical equipment in homes, buildings, and job sites. They read plans, run wire through walls and ceilings, use hand and power tools, and check that systems work safely. Their work keeps power flowing and buildings lit, working, and safer."
11166,Direct Support Professional (DSP) Supervisor,Direct Support Professional (DSP) Supervisor,Direct Support Professional (DSP) Supervisor,39-1022.00,"A Direct Support Professional Supervisor leads staff who help people with disabilities or daily living needs at home, at work, or in community programs. They make schedules, train workers, handle problems, check care plans, and step in to support clients when needed. Their work keeps services organized, safe, and reliable for the people receiving care."
11173,"Pointer, Caulker and Cleaner","Pointer, Caulker, and Cleaner","Pointer, Caulker, and Cleaner",47-4099.00,"A Pointer, Caulker, and Cleaner repairs and protects the outside of buildings, bridges, and chimneys. They scrape out damaged mortar, pack fresh mortar between bricks or stone, seal cracks and joints with caulk, and clean surfaces with water, chemicals, or blasting tools, often from scaffolds. This keeps walls strong, dry, safe, and well maintained."
11234,"Truck Driver, Heavy","Truck Driver, Heavy","Truck Driver, Heavy",53-3032.00,"A Truck Driver, Heavy drives large trucks that haul goods, materials, or equipment over short or long distances. They load and secure cargo, inspect the vehicle, plan routes, handle paperwork, and back into loading docks or work sites. Their work keeps deliveries moving, businesses supplied, and roads, job sites, and stores running."
11242,Junior Accountant,Junior Accountant,Junior Accountant,43-3031.00,"A Junior Accountant keeps track of a business’s day-to-day finances and helps prepare basic financial records. They enter invoices, record payments, check receipts, update spreadsheets, reconcile bank statements, and help with reports, budgets, and tax paperwork. Their work keeps money records accurate, bills and payroll on track, and businesses running smoothly."
11244,Electrician,Electrician,Electrician,47-2111.00,"An Electrician installs, connects, tests, and repairs wiring, outlets, lights, circuit breakers, and electrical equipment in homes, buildings, and job sites. They read plans, run wire through walls and ceilings, use hand and power tools, and check that systems work safely. Their work keeps power flowing and buildings lit, working, and safer."
11278,Visual and Graphic Arts Associate,Visual and Graphic Arts Associate,Visual and Graphic Arts Associate,27-1024.00,"A Visual and Graphic Arts Associate creates visual materials for print, screens, displays, or products. They sketch ideas, arrange images and text, choose colors and type, use design software, and prepare finished artwork that matches a client’s message or brand. Their work helps people understand information, recognize businesses, and use products more easily."
11289,Tool and Die Maker,Tool and Die Maker,Tool and Die Maker,51-4111.00,"A Tool and Die Maker builds and repairs the precise metal tools used to shape parts in factories. They read blueprints, measure to tiny tolerances, cut and grind steel, and fit dies, molds, jigs, and fixtures with care. Their work helps machines make accurate parts and keeps production running safely and smoothly."
11304,"Painter, Decorator & Paperhanger","Painter, Decorator, and Paperhanger","Painter, Decorator, and Paperhanger",47-2141.00,"A Painter, Decorator, and Paperhanger finishes and updates indoor and outdoor surfaces in homes, offices, and other buildings. They prepare walls and woodwork, scrape and sand old finishes, fill holes, apply paint or stain, and hang wallpaper neatly and straight. Their work protects surfaces from wear and moisture and makes rooms cleaner, brighter, and easier to maintain."
11354,"Pointer, Caulker and Cleaner","Pointer, Caulker, and Cleaner","Pointer, Caulker, and Cleaner",47-4099.00,"A Pointer, Caulker, and Cleaner repairs and protects the outside of buildings, bridges, and chimneys. They scrape out damaged mortar, pack fresh mortar between bricks or stone, seal cracks and joints with caulk, and clean surfaces with water, chemicals, or blasting tools, often from scaffolds. This keeps walls strong, dry, safe, and well maintained."
11366,"Mold Maker, Die-Casting and Plastic Molding","Mold Maker, Die-Casting, and Plastic Molding","Mold Maker, Die-Casting, and Plastic Molding",51-4111.00,"A Mold Maker, Die-Casting, and Plastic Molding builds, repairs, and fine-tunes the metal molds and dies used to shape plastic and die-cast parts. They read drawings, machine and polish steel pieces, fit moving parts, and test molds for smooth, accurate production. Their work helps factories make reliable parts that fit properly and keeps production running."
11425,Painter and Decorator (Structural Steel-Bridges),Painter and Decorator (Structural Steel-Bridges),Painter and Decorator (Structural Steel-Bridges),47-2141.00,"A Painter and Decorator working on structural steel bridges cleans, sands, blasts, and coats steel beams, railings, and other bridge parts with protective paint systems. They set up equipment, prepare surfaces, and apply finishes that resist rust, weather, and wear, often high above the ground. Their work helps keep bridges strong, safe, and lasting longer."
11465,Maintenance Mechanic (Automatic Equipment),Maintenance Mechanic (Automatic Equipment),Maintenance Mechanic (Automatic Equipment),49-9041.00,"A Maintenance Mechanic working on automatic equipment installs, checks, repairs, and adjusts machines that run by themselves in factories, plants, or large buildings. They replace worn parts, test motors and controls, clear jams, lubricate moving pieces, and use tools to keep equipment working properly. Their work keeps machines running safely and production on schedule."
11477,Metal Stamping Press Operator,Metal Stamping Press Operator,Metal Stamping Press Operator,51-4031.00,"A Metal Stamping Press Operator runs machines that press and cut sheet metal into parts for products and equipment. They load metal, set dies, start and monitor the press, check measurements, and remove finished pieces while watching for jams or defects. Their work helps build accurate metal parts and keeps manufacturing running safely and smoothly."
11538,Quality Assurance Auditor,Quality Assurance Auditor,Quality Assurance Auditor,19-4099.01,"A Quality Assurance Auditor checks whether a company’s products, services, or work processes meet set standards and rules. They review records, inspect work areas, watch how tasks are done, and talk with staff to spot mistakes, risks, or weak points. Their work helps keep products reliable, workplaces organized, and systems running safely and correctly."
11562,Direct Support Professional (DSP) Supervisor,Direct Support Professional (DSP) Supervisor,Direct Support Professional (DSP) Supervisor,39-1022.00,"A Direct Support Professional Supervisor leads staff who help people with disabilities or daily living needs at home, at work, or in community programs. They make schedules, train workers, handle problems, check care plans, and step in to support clients when needed. Their work keeps services organized, safe, and reliable for the people receiving care."
11602,Machinist (CNC),Machinist (CNC),Machinist (CNC),51-4041.00,"A CNC Machinist makes precise metal or plastic parts using computer-controlled machine tools. They read blueprints, set up lathes and mills, load materials, choose cutting tools, monitor the machines, and measure finished pieces to make sure they match exact sizes. Their work builds and keeps running the parts used in vehicles, machines, and equipment."
11605,Insulation and Asbestos Worker,Insulation and Asbestos Worker,Insulation and Asbestos Worker,47-2131.00,"An Insulation and Asbestos Worker installs and removes materials that cover pipes, ducts, boilers, walls, and ceilings. They measure, cut, fit, wrap, and fasten insulation, and in older buildings they seal off areas and safely remove asbestos-containing materials. Their work helps control heat and noise, save energy, and keep buildings safer for the people inside."
11623,Electrician,Electrician,Electrician,47-2111.00,"An Electrician installs, connects, tests, and repairs wiring, outlets, lights, circuit breakers, and electrical equipment in homes, buildings, and job sites. They read plans, run wire through walls and ceilings, use hand and power tools, and check that systems work safely. Their work keeps power flowing and buildings lit, working, and safer."
11632,Skilled Construction Craft Laborer,Skilled Construction Craft Laborer,Skilled Construction Craft Laborer,47-2061.00,"A Skilled Construction Craft Laborer does hands-on work on building sites and supports many parts of a construction project. They load and move materials, dig and grade ground, use hand and power tools, help set forms, pour concrete, and clean work areas. Their work helps keep projects moving, sites safer, and structures built properly."
11634,Skilled Construction Craft Laborer,Skilled Construction Craft Laborer,Skilled Construction Craft Laborer,47-2061.00,"A Skilled Construction Craft Laborer does hands-on work on building sites and supports many parts of a construction project. They load and move materials, dig and grade ground, use hand and power tools, help set forms, pour concrete, and clean work areas. Their work helps keep projects moving, sites safer, and structures built properly."
11643,Electrician,Electrician,Electrician,47-2111.00,"An Electrician installs, connects, tests, and repairs wiring, outlets, lights, circuit breakers, and electrical equipment in homes, buildings, and job sites. They read plans, run wire through walls and ceilings, use hand and power tools, and check that systems work safely. Their work keeps power flowing and buildings lit, working, and safer."
11650,Skilled Construction Craft Laborer,Skilled Construction Craft Laborer,Skilled Construction Craft Laborer,47-2061.00,"A Skilled Construction Craft Laborer does hands-on work on building sites and supports many parts of a construction project. They load and move materials, dig and grade ground, use hand and power tools, help set forms, pour concrete, and clean work areas. Their work helps keep projects moving, sites safer, and structures built properly."
11664,Electrical (Outside) Line Worker,Electrical (Outside) Line Worker,Electrical (Outside) Line Worker,49-9051.00,"An outside Electrical Line Worker builds, repairs, and maintains overhead and underground power lines that carry electricity to homes and businesses. They climb poles, work from bucket trucks, replace wires, insulators, and transformers, and restore service after storms or outages. Their work keeps electrical systems running safely and power flowing where people need it."
11682,Electrician,Electrician,Electrician,47-2111.00,"An Electrician installs, connects, tests, and repairs wiring, outlets, lights, circuit breakers, and electrical equipment in homes, buildings, and job sites. They read plans, run wire through walls and ceilings, use hand and power tools, and check that systems work safely. Their work keeps power flowing and buildings lit, working, and safer."
11712,Electrician,Electrician,Electrician,47-2111.00,"An Electrician installs, connects, tests, and repairs wiring, outlets, lights, circuit breakers, and electrical equipment in homes, buildings, and job sites. They read plans, run wire through walls and ceilings, use hand and power tools, and check that systems work safely. Their work keeps power flowing and buildings lit, working, and safer."
11716,Skilled Construction Craft Laborer,Skilled Construction Craft Laborer,Skilled Construction Craft Laborer,47-2061.00,"A Skilled Construction Craft Laborer does hands-on work on building sites and supports many parts of a construction project. They load and move materials, dig and grade ground, use hand and power tools, help set forms, pour concrete, and clean work areas. Their work helps keep projects moving, sites safer, and structures built properly."
11753,Dental Office Assistant,Dental Office Assistant,Dental Office Assistant,31-9091.00,"A Dental Office Assistant supports the daily work of a dental clinic. They greet patients, book appointments, prepare treatment rooms, sterilize tools, update records, handle billing, and help the dentist during exams or procedures by passing instruments and setting up supplies. Their work keeps the office organized, visits running smoothly, and patient care safe."
11765,Direct Support Professional,Direct Support Professional,Direct Support Professional,21-1093.00,"A Direct Support Professional helps people with disabilities or other support needs with daily life at home, at work, and in the community. They may help with meals, bathing, dressing, medicine reminders, rides, shopping, and simple paperwork while offering steady support and encouragement. Their work helps people stay safe, healthy, independent, and connected."
11790,Insulation and Asbestos Worker,Insulation and Asbestos Worker,Insulation and Asbestos Worker,47-2131.00,"An Insulation and Asbestos Worker installs and removes materials that cover pipes, ducts, boilers, walls, and ceilings. They measure, cut, fit, wrap, and fasten insulation, and in older buildings they seal off areas and safely remove asbestos-containing materials. Their work helps control heat and noise, save energy, and keep buildings safer for the people inside."
11795,Operating Engineer (Heavy Equipment),Operating Engineer (Heavy Equipment),Operating Engineer (Heavy Equipment),47-2073.00,"An Operating Engineer works with heavy equipment on construction sites and other outdoor job sites. They drive, steer, and control bulldozers, excavators, loaders, graders, and rollers to dig, lift, move, level, and spread earth, rock, and materials. Their work helps build roads, foundations, and utility systems, and keeps projects moving safely."
11799,Machinist (CNC),Machinist (CNC),Machinist (CNC),51-4041.00,"A CNC Machinist makes precise metal or plastic parts using computer-controlled machine tools. They read blueprints, set up lathes and mills, load materials, choose cutting tools, monitor the machines, and measure finished pieces to make sure they match exact sizes. Their work builds and keeps running the parts used in vehicles, machines, and equipment."
11834,Plant Maintenance-Plumber and Steamfitter,Plant Maintenance-Plumber and Steamfitter,Plant Maintenance-Plumber and Steamfitter,47-2152.00,"A Plant Maintenance-Plumber and Steamfitter installs, repairs, and maintains pipes, valves, pumps, boilers, and steam systems in factories, schools, hospitals, and other large buildings. They cut and fit pipe, fix leaks, replace worn parts, test pressure, and keep water, gas, and heating systems working properly. Their work keeps essential building systems running safely and reliably."
11841,Project Manager,Project Manager,Project Manager,15-1299.09,"A Project Manager plans and leads a project from start to finish. They break the work into steps, set schedules and budgets, assign tasks, track progress, solve problems, and keep workers, clients, and suppliers informed through meetings, calls, and reports. Their work helps projects stay organized, on time, on budget, and running smoothly."
11845,Electrician,Electrician,Electrician,47-2111.00,"An Electrician installs, connects, tests, and repairs wiring, outlets, lights, circuit breakers, and electrical equipment in homes, buildings, and job sites. They read plans, run wire through walls and ceilings, use hand and power tools, and check that systems work safely. Their work keeps power flowing and buildings lit, working, and safer."
11867,Welder (Industrial),Welder (Industrial),Welder (Industrial),51-4121.00,"An industrial Welder joins and repairs metal parts used in factories, plants, and heavy equipment. They read drawings, cut and fit steel, use welding torches and machines, and check that seams are strong and exact. Their work builds and fixes the metal structures and machinery that keep industrial sites running safely."
11875,Skilled Construction Craft Laborer,Skilled Construction Craft Laborer,Skilled Construction Craft Laborer,47-2061.00,"A Skilled Construction Craft Laborer does hands-on work on building sites and supports many parts of a construction project. They load and move materials, dig and grade ground, use hand and power tools, help set forms, pour concrete, and clean work areas. Their work helps keep projects moving, sites safer, and structures built properly."
11893,Plumber,Plumber,Plumber,47-2152.00,"A Plumber installs, repairs, and maintains the pipes, drains, fixtures, and appliances that carry water, gas, and waste in homes, businesses, and other buildings. They cut and join pipe, clear clogs, fix leaks, test systems, and fit sinks, toilets, tubs, and water heaters. Their work keeps water flowing, waste moving out, and buildings safe and working properly."
11909,Carpenter,Carpenter,Carpenter,47-2031.00,"A Carpenter builds, installs, and repairs wooden parts of buildings and other structures. They measure and cut lumber, frame walls, hang doors, fit cabinets, build stairs, and use hand and power tools on homes, shops, and job sites. Their work creates solid spaces, smooth finishes, and structures that stay safe and usable every day."
11921,Electrician,Electrician,Electrician,47-2111.00,"An Electrician installs, connects, tests, and repairs wiring, outlets, lights, circuit breakers, and electrical equipment in homes, buildings, and job sites. They read plans, run wire through walls and ceilings, use hand and power tools, and check that systems work safely. Their work keeps power flowing and buildings lit, working, and safer."
11931,Insulation and Asbestos Worker,Insulation and Asbestos Worker,Insulation and Asbestos Worker,47-2131.00,"An Insulation and Asbestos Worker installs and removes materials that cover pipes, ducts, boilers, walls, and ceilings. They measure, cut, fit, wrap, and fasten insulation, and in older buildings they seal off areas and safely remove asbestos-containing materials. Their work helps control heat and noise, save energy, and keep buildings safer for the people inside."
11942,Plant Maintenance-Mechanic (4 Year),Plant Maintenance-Mechanic,Plant Maintenance-Mechanic,49-9071.00,"A Plant Maintenance-Mechanic keeps factory and plant equipment working properly. They inspect machines, take apart worn parts, replace belts, bearings, motors, or pumps, lubricate moving pieces, and use tools to fix breakdowns on the shop floor. Their work keeps production lines running, equipment in good condition, and workplaces safer."
11948,Iron Worker (Outside),Iron Worker (Outside),Iron Worker (Outside),47-2221.00,"An outside Iron Worker builds and repairs the steel frames and heavy metal parts of buildings, bridges, towers, and other large structures. They unload steel, line up beams, bolt and weld pieces together, and work high above the ground using cranes, lifts, and safety gear. Their work helps keep major structures strong, stable, and safe."
11987,Electrician,Electrician,Electrician,47-2111.00,"An Electrician installs, connects, tests, and repairs wiring, outlets, lights, circuit breakers, and electrical equipment in homes, buildings, and job sites. They read plans, run wire through walls and ceilings, use hand and power tools, and check that systems work safely. Their work keeps power flowing and buildings lit, working, and safer."
12018,Skilled Construction Craft Laborer,Skilled Construction Craft Laborer,Skilled Construction Craft Laborer,47-2061.00,"A Skilled Construction Craft Laborer does hands-on work on building sites and supports many parts of a construction project. They load and move materials, dig and grade ground, use hand and power tools, help set forms, pour concrete, and clean work areas. Their work helps keep projects moving, sites safer, and structures built properly."
12023,Operating Engineer (Universal Equipment),Operating Engineer (Universal Equipment),Operating Engineer (Universal Equipment),47-2073.00,"An Operating Engineer uses many kinds of heavy equipment on construction sites, roads, and other outdoor projects. They run machines like bulldozers, excavators, loaders, rollers, and cranes to dig, lift, grade, move earth, and place materials, while checking controls and watching site conditions. Their work helps build roads, foundations, and utilities and keeps projects moving safely."
12061,Roofer,Roofer,Roofer,47-2181.00,"A Roofer builds, repairs, and replaces roofs on homes, shops, and other buildings. They tear off old shingles, lay underlayment, fasten shingles, tiles, or metal panels, seal flashing around vents and chimneys, and work high up in changing weather. Their work keeps buildings dry, insulated, and protected from leaks and damage."
12070,Electrician,Electrician,Electrician,47-2111.00,"An Electrician installs, connects, tests, and repairs wiring, outlets, lights, circuit breakers, and electrical equipment in homes, buildings, and job sites. They read plans, run wire through walls and ceilings, use hand and power tools, and check that systems work safely. Their work keeps power flowing and buildings lit, working, and safer."
12100,Skilled Construction Craft Laborer,Skilled Construction Craft Laborer,Skilled Construction Craft Laborer,47-2061.00,"A Skilled Construction Craft Laborer does hands-on work on building sites and supports many parts of a construction project. They load and move materials, dig and grade ground, use hand and power tools, help set forms, pour concrete, and clean work areas. Their work helps keep projects moving, sites safer, and structures built properly."
12106,Plant Maintenance-Electrician,Plant Maintenance-Electrician,Plant Maintenance-Electrician,47-2111.00,"A Plant Maintenance-Electrician keeps a factory or industrial plant’s electrical systems working safely and reliably. They inspect wiring, motors, control panels, and machines, troubleshoot faults, replace damaged parts, and do routine repairs and testing. Their work keeps production equipment running, helps prevent breakdowns, and makes the plant safer for workers."
12124,Plant Maintenance-Millwright,Plant Maintenance-Millwright,Plant Maintenance-Millwright,49-9044.00,"A Plant Maintenance-Millwright installs, moves, repairs, and maintains heavy machines in factories, mills, and processing plants. They line up motors and conveyor systems, replace worn parts, use precision tools, and troubleshoot breakdowns on the plant floor. Their work keeps production equipment running safely, reduces downtime, and helps plants keep making everyday goods."
12170,Sheet Metal Worker,Sheet Metal Worker,Sheet Metal Worker,47-2211.00,"A Sheet Metal Worker makes, installs, and repairs metal parts used in buildings and equipment. They measure and cut sheet metal, bend and shape it, and fasten ducts, vents, flashing, and panels using hand tools, power tools, and welding equipment. Their work helps heating, cooling, and building systems fit properly and keep running safely."
12180,"Bricklayer, Mason","Bricklayer, Mason","Bricklayer, Mason",47-2021.00,"A Bricklayer, Mason builds and repairs walls, chimneys, fireplaces, walkways, and other structures using brick, concrete block, and stone. They spread mortar, line up each course, cut materials to fit, and check that surfaces are level and strong. Their work helps create buildings and outdoor spaces that stay solid, weather-resistant, and safe to use."
12199,Electrician,Electrician,Electrician,47-2111.00,"An Electrician installs, connects, tests, and repairs wiring, outlets, lights, circuit breakers, and electrical equipment in homes, buildings, and job sites. They read plans, run wire through walls and ceilings, use hand and power tools, and check that systems work safely. Their work keeps power flowing and buildings lit, working, and safer."
12225,Electrician,Electrician,Electrician,47-2111.00,"An Electrician installs, connects, tests, and repairs wiring, outlets, lights, circuit breakers, and electrical equipment in homes, buildings, and job sites. They read plans, run wire through walls and ceilings, use hand and power tools, and check that systems work safely. Their work keeps power flowing and buildings lit, working, and safer."
12243,Tile Setter (4 Year),Tile Setter,Tile Setter,47-2044.00,"A Tile Setter installs tile on floors, walls, showers, countertops, and other surfaces in homes and buildings. They measure spaces, cut tile to fit, spread mortar or adhesive, set each piece in place, grout the joints, and clean the finished surface. Their work creates durable, easy-to-clean surfaces that protect walls and floors from water and wear."
12262,Pipefitter,Pipefitter,Pipefitter,47-2152.00,"A Pipefitter installs, assembles, and repairs the pipes, valves, and fittings that carry steam, water, chemicals, and gases in buildings and industrial sites. They measure and cut pipe, thread and weld joints, read blueprints, and test systems for leaks and pressure. Their work keeps heating, cooling, and production systems running safely and reliably."
12267,Steamfitter,Steamfitter,Steamfitter,47-2152.00,"A Steamfitter installs, assembles, and repairs pipe systems that carry steam, hot water, gases, and other fluids in buildings and industrial sites. They read blueprints, cut and thread pipe, weld joints, fit valves, and test systems for leaks and pressure. Their work keeps heating, cooling, and production systems running safely and reliably."
12291,Precision Optics Manufacturing Technician,Precision Optics Manufacturing Technician,Precision Optics Manufacturing Technician,51-2099.00,"A Precision Optics Manufacturing Technician makes highly accurate glass or crystal parts used in devices like cameras, lasers, and medical tools. They cut, grind, polish, coat, and inspect lenses, mirrors, and prisms using specialized machines and measuring tools in clean work areas. Their work helps optical equipment stay precise, reliable, and safe to use."
12308,Electrical (Outside) Line Worker,Electrical (Outside) Line Worker,Electrical (Outside) Line Worker,49-9051.00,"An outside Electrical Line Worker builds, repairs, and maintains overhead and underground power lines that carry electricity to homes and businesses. They climb poles, work from bucket trucks, replace wires, insulators, and transformers, and restore service after storms or outages. Their work keeps electrical systems running safely and power flowing where people need it."
12331,Skilled Construction Craft Laborer,Skilled Construction Craft Laborer,Skilled Construction Craft Laborer,47-2061.00,"A Skilled Construction Craft Laborer does hands-on work on building sites and supports many parts of a construction project. They load and move materials, dig and grade ground, use hand and power tools, help set forms, pour concrete, and clean work areas. Their work helps keep projects moving, sites safer, and structures built properly."
12361,Electrician,Electrician,Electrician,47-2111.00,"An Electrician installs, connects, tests, and repairs wiring, outlets, lights, circuit breakers, and electrical equipment in homes, buildings, and job sites. They read plans, run wire through walls and ceilings, use hand and power tools, and check that systems work safely. Their work keeps power flowing and buildings lit, working, and safer."
12374,Insulation and Asbestos Worker,Insulation and Asbestos Worker,Insulation and Asbestos Worker,47-2131.00,"An Insulation and Asbestos Worker installs and removes materials that cover pipes, ducts, boilers, walls, and ceilings. They measure, cut, fit, wrap, and fasten insulation, and in older buildings they seal off areas and safely remove asbestos-containing materials. Their work helps control heat and noise, save energy, and keep buildings safer for the people inside."
12541,Electrician,Electrician,Electrician,47-2111.00,"An Electrician installs, connects, tests, and repairs wiring, outlets, lights, circuit breakers, and electrical equipment in homes, buildings, and job sites. They read plans, run wire through walls and ceilings, use hand and power tools, and check that systems work safely. Their work keeps power flowing and buildings lit, working, and safer."
12605,Bricklayer Mason and Plasterer,Bricklayer Mason and Plasterer,Bricklayer Mason and Plasterer,47-2021.00,"A Bricklayer Mason and Plasterer builds and repairs walls, fireplaces, and other structures using brick, block, stone, mortar, and plaster. They spread mortar, lay materials in straight lines, smooth and coat surfaces, and patch cracks or damage on indoor and outdoor walls. Their work builds strong surfaces and helps keep buildings sturdy, sealed, and looking finished."
12615,Plant Maintenance-Electrician-Mechanic,Plant Maintenance-Electrician-Mechanic,Plant Maintenance-Electrician-Mechanic,49-9071.00,"A Plant Maintenance-Electrician-Mechanic keeps factory and plant equipment working safely and reliably. They inspect machines, trace electrical faults, replace motors, belts, bearings, and wiring, and use tools to repair pumps, conveyors, control panels, and other systems. Their work keeps production running, prevents breakdowns, and makes equipment safer to use."
12645,Customer Service Representative,Customer Service Representative,Customer Service Representative,43-4051.00,"A Customer Service Representative helps people with questions, orders, billing issues, returns, and complaints. They answer phone calls, emails, or online chats, look up account details, explain policies, solve routine problems, and pass along tougher issues when needed. Their work keeps customers informed, services running smoothly, and business problems from growing."
12646,Cook,Cook,Cook,35-2012.00,"A Cook prepares and cooks food in places like restaurants, cafeterias, hospitals, or hotels. They chop ingredients, follow recipes, grill, bake, fry, season dishes, watch cooking times, and keep work areas clean and safe. Their work helps people get meals that are ready on time, taste good, and are safe to eat."
12679,Carpenter(Piledriver/Dockbuilder),Carpenter (Piledriver/Dockbuilder),Carpenter (Piledriver/Dockbuilder),47-2031.00,"A Carpenter who works as a piledriver and dockbuilder builds and repairs docks, piers, bridges, bulkheads, and other waterfront structures. They drive heavy piles into the ground, frame and brace timber or steel parts, and work around cranes, barges, and water. Their work keeps shorelines, marine facilities, and crossings stable, usable, and safer."
12685,Teacher Assistant,Teacher Assistant,Teacher Assistant,25-9042.00,"A Teacher Assistant supports a classroom teacher and helps students with daily learning activities. They set up materials, supervise small groups, explain instructions, help children stay focused, and assist with meals, recess, or cleanup. Their work helps classrooms run smoothly, supports student learning, and keeps the school day organized and safe."
12699,Quality Assurance Auditor,Quality Assurance Auditor,Quality Assurance Auditor,19-4099.01,"A Quality Assurance Auditor checks whether a company’s products, services, or work processes meet set standards and rules. They review records, inspect work areas, watch how tasks are done, and talk with staff to spot mistakes, risks, or weak points. Their work helps keep products reliable, workplaces organized, and systems running safely and correctly."
12715,Medical Assistant,Medical Assistant,Medical Assistant,31-9092.00,"A Medical Assistant works in clinics, doctors’ offices, and other healthcare settings, helping patients and medical staff throughout the day. They take vital signs, prepare exam rooms, update health records, schedule appointments, and may collect lab samples or give basic care instructions. Their work helps keep visits organized, patients informed, and care running smoothly."
12726,Terrazzo Worker,Terrazzo Worker,Terrazzo Worker,47-2053.00,"A Terrazzo Worker installs, repairs, and finishes terrazzo floors, stairs, and walls made from chips of marble, glass, or stone set in cement or resin. They mix materials, pour and spread them, level surfaces, and grind and polish them until smooth and shiny. Their work creates durable, easy-to-clean surfaces in schools, stores, and other busy buildings."
12735,Plumber and Steamfitter,Plumber and Steamfitter,Plumber and Steamfitter,47-2152.00,"A Plumber and Steamfitter installs, repairs, and maintains pipes, fixtures, boilers, and heating or cooling systems in homes, buildings, and industrial sites. They cut and join pipe, test for leaks, fit valves and pumps, and connect water, gas, and steam lines. Their work keeps water flowing, heat working, and buildings safe and usable."
12758,Electrician,Electrician,Electrician,47-2111.00,"An Electrician installs, connects, tests, and repairs wiring, outlets, lights, circuit breakers, and electrical equipment in homes, buildings, and job sites. They read plans, run wire through walls and ceilings, use hand and power tools, and check that systems work safely. Their work keeps power flowing and buildings lit, working, and safer."
12762,Manufacturing Engineering Technician,Manufacturing Engineering Technician,Manufacturing Engineering Technician,17-2112.03,"A Manufacturing Engineering Technician helps set up, test, and improve the machines, tools, and steps used to make products in a factory. They measure parts, check production lines, update drawings, troubleshoot equipment problems, and help workers follow efficient methods. Their work helps products be made correctly, waste less material, and keeps production running smoothly."
12773,Community Health Worker,Community Health Worker,Community Health Worker,21-1094.00,"A Community Health Worker connects people with health care, social services, and local support. They meet with clients in homes, clinics, or community spaces, explain programs, help fill out forms, arrange appointments, and share health information in clear, everyday language. Their work helps people get care sooner, manage health needs, and use local services more easily."
12807,Plant Maintenance-Electrician,Plant Maintenance-Electrician,Plant Maintenance-Electrician,47-2111.00,"A Plant Maintenance-Electrician keeps a factory or industrial plant’s electrical systems working safely and reliably. They inspect wiring, motors, control panels, and machines, troubleshoot faults, replace damaged parts, and do routine repairs and testing. Their work keeps production equipment running, helps prevent breakdowns, and makes the plant safer for workers."
12812,Plumber and Pipefitter,Plumber and Pipefitter,Plumber and Pipefitter,47-2152.00,"A Plumber and Pipefitter installs, repairs, and tests water, gas, heating, and cooling pipes in homes, buildings, and industrial sites. They cut and join pipe, fit valves and fixtures, read plans, and troubleshoot leaks or pressure problems using hand and power tools. Their work keeps water flowing, waste moving, and building systems running safely."
12824,Plant Maintenance-Electrician,Plant Maintenance-Electrician,Plant Maintenance-Electrician,47-2111.00,"A Plant Maintenance-Electrician keeps a factory or industrial plant’s electrical systems working safely and reliably. They inspect wiring, motors, control panels, and machines, troubleshoot faults, replace damaged parts, and do routine repairs and testing. Their work keeps production equipment running, helps prevent breakdowns, and makes the plant safer for workers."
12844,"Heating, Ventilation and Air Conditioning Mechanic","Heating, Ventilation, and Air Conditioning Mechanic","Heating, Ventilation, and Air Conditioning Mechanic",49-9021.00,"A Heating, Ventilation, and Air Conditioning Mechanic installs, repairs, and maintains furnaces, air conditioners, ventilation systems, and thermostats in homes and buildings. They connect pipes and wiring, test airflow and temperature, replace worn parts, and troubleshoot breakdowns using tools and meters. Their work keeps indoor spaces comfortable, equipment running, and air systems safe and efficient."
12851,Industrial Manufacturing Technician,Industrial Manufacturing Technician,Industrial Manufacturing Technician,17-3026.00,"An Industrial Manufacturing Technician works in factories to keep production equipment and processes running smoothly. They set up machines, monitor controls, test products, adjust parts, troubleshoot problems, and do basic maintenance while following safety and quality rules. Their work helps build reliable products, reduce waste, and keep manufacturing lines running safely and efficiently."
12855,Electrical (Outside) Line Worker,Electrical (Outside) Line Worker,Electrical (Outside) Line Worker,49-9051.00,"An outside Electrical Line Worker builds, repairs, and maintains overhead and underground power lines that carry electricity to homes and businesses. They climb poles, work from bucket trucks, replace wires, insulators, and transformers, and restore service after storms or outages. Their work keeps electrical systems running safely and power flowing where people need it."
12872,"Lather (Wood, Wire and Metal)","Lather (Wood, Wire, and Metal)","Lather (Wood, Wire, and Metal)",47-2031.00,"A Lather works with wood, wire, and metal to build the hidden framework that supports plaster, stucco, and other wall or ceiling finishes. They measure spaces, cut and fasten strips or mesh, bend metal pieces, and secure them to studs, beams, or concrete. Their work helps surfaces stay strong, even, and securely attached."
12885,Electrician,Electrician,Electrician,47-2111.00,"An Electrician installs, connects, tests, and repairs wiring, outlets, lights, circuit breakers, and electrical equipment in homes, buildings, and job sites. They read plans, run wire through walls and ceilings, use hand and power tools, and check that systems work safely. Their work keeps power flowing and buildings lit, working, and safer."
12897,Plant Maintenance-Electrician,Plant Maintenance-Electrician,Plant Maintenance-Electrician,47-2111.00,"A Plant Maintenance-Electrician keeps a factory or industrial plant’s electrical systems working safely and reliably. They inspect wiring, motors, control panels, and machines, troubleshoot faults, replace damaged parts, and do routine repairs and testing. Their work keeps production equipment running, helps prevent breakdowns, and makes the plant safer for workers."
12931,Plant Maintenance-Electrician-Mechanic,Plant Maintenance-Electrician-Mechanic,Plant Maintenance-Electrician-Mechanic,49-9071.00,"A Plant Maintenance-Electrician-Mechanic keeps factory and plant equipment working safely and reliably. They inspect machines, trace electrical faults, replace motors, belts, bearings, and wiring, and use tools to repair pumps, conveyors, control panels, and other systems. Their work keeps production running, prevents breakdowns, and makes equipment safer to use."
12939,Insulation and Asbestos Worker,Insulation and Asbestos Worker,Insulation and Asbestos Worker,47-2131.00,"An Insulation and Asbestos Worker installs and removes materials that cover pipes, ducts, boilers, walls, and ceilings. They measure, cut, fit, wrap, and fasten insulation, and in older buildings they seal off areas and safely remove asbestos-containing materials. Their work helps control heat and noise, save energy, and keep buildings safer for the people inside."
12949,Electrician,Electrician,Electrician,47-2111.00,"An Electrician installs, connects, tests, and repairs wiring, outlets, lights, circuit breakers, and electrical equipment in homes, buildings, and job sites. They read plans, run wire through walls and ceilings, use hand and power tools, and check that systems work safely. Their work keeps power flowing and buildings lit, working, and safer."
12964,Tile Setter (4 Year),Tile Setter,Tile Setter,47-2044.00,"A Tile Setter installs tile on floors, walls, showers, countertops, and other surfaces in homes and buildings. They measure spaces, cut tile to fit, spread mortar or adhesive, set each piece in place, grout the joints, and clean the finished surface. Their work creates durable, easy-to-clean surfaces that protect walls and floors from water and wear."
13017,Electrical (Outside) Line Worker,Electrical (Outside) Line Worker,Electrical (Outside) Line Worker,49-9051.00,"An outside Electrical Line Worker builds, repairs, and maintains overhead and underground power lines that carry electricity to homes and businesses. They climb poles, work from bucket trucks, replace wires, insulators, and transformers, and restore service after storms or outages. Their work keeps electrical systems running safely and power flowing where people need it."
13041,Electrician,Electrician,Electrician,47-2111.00,"An Electrician installs, connects, tests, and repairs wiring, outlets, lights, circuit breakers, and electrical equipment in homes, buildings, and job sites. They read plans, run wire through walls and ceilings, use hand and power tools, and check that systems work safely. Their work keeps power flowing and buildings lit, working, and safer."
13045,School Safety Agent,School Safety Agent,School Safety Agent,33-9032.00,"A School Safety Agent helps keep order and safety in school buildings and around school grounds. They watch entrances, check visitors, patrol hallways, respond to fights or emergencies, and work with staff and students to enforce rules. Their work helps keep schools secure, organized, and safer for learning each day."
13155,Electrician,Electrician,Electrician,47-2111.00,"An Electrician installs, connects, tests, and repairs wiring, outlets, lights, circuit breakers, and electrical equipment in homes, buildings, and job sites. They read plans, run wire through walls and ceilings, use hand and power tools, and check that systems work safely. Their work keeps power flowing and buildings lit, working, and safer."
13168,Bench Jeweler (Production),Bench Jeweler (Production),Bench Jeweler (Production),51-9071.00,"A Bench Jeweler in production makes and repairs jewelry as part of a steady, repeatable workflow. They solder pieces, set stones, polish metal, resize rings, and use small hand tools and magnifiers to finish many items with careful detail. Their work helps keep jewelry strong, wearable, attractive, and ready for everyday use or sale."
13213,Electrician,Electrician,Electrician,47-2111.00,"An Electrician installs, connects, tests, and repairs wiring, outlets, lights, circuit breakers, and electrical equipment in homes, buildings, and job sites. They read plans, run wire through walls and ceilings, use hand and power tools, and check that systems work safely. Their work keeps power flowing and buildings lit, working, and safer."
13232,Machinist (CNC),Machinist (CNC),Machinist (CNC),51-4041.00,"A CNC Machinist makes precise metal or plastic parts using computer-controlled machine tools. They read blueprints, set up lathes and mills, load materials, choose cutting tools, monitor the machines, and measure finished pieces to make sure they match exact sizes. Their work builds and keeps running the parts used in vehicles, machines, and equipment."
13233,Sheet Metal Worker (Sign Hanger-Rigger),Sheet Metal Worker (Sign Hanger-Rigger),Sheet Metal Worker (Sign Hanger-Rigger),47-4099.00,"A Sheet Metal Worker who hangs and rigs signs makes, installs, and secures metal signs, frames, brackets, and supports on buildings or poles. They measure parts, cut and shape sheet metal, use lifts and rigging gear, and bolt or weld signs into place. Their work keeps signs visible, stable, and safer for workers, drivers, and pedestrians."
13235,Insulation and Asbestos Worker,Insulation and Asbestos Worker,Insulation and Asbestos Worker,47-2131.00,"An Insulation and Asbestos Worker installs and removes materials that cover pipes, ducts, boilers, walls, and ceilings. They measure, cut, fit, wrap, and fasten insulation, and in older buildings they seal off areas and safely remove asbestos-containing materials. Their work helps control heat and noise, save energy, and keep buildings safer for the people inside."
13259,Electrical (Outside) Line Worker,Electrical (Outside) Line Worker,Electrical (Outside) Line Worker,49-9051.00,"An outside Electrical Line Worker builds, repairs, and maintains overhead and underground power lines that carry electricity to homes and businesses. They climb poles, work from bucket trucks, replace wires, insulators, and transformers, and restore service after storms or outages. Their work keeps electrical systems running safely and power flowing where people need it."
13263,"Heating, Ventilation and Air Conditioning Mechanic","Heating, Ventilation, and Air Conditioning Mechanic","Heating, Ventilation, and Air Conditioning Mechanic",49-9021.00,"A Heating, Ventilation, and Air Conditioning Mechanic installs, repairs, and maintains furnaces, air conditioners, ventilation systems, and thermostats in homes and buildings. They connect pipes and wiring, test airflow and temperature, replace worn parts, and troubleshoot breakdowns using tools and meters. Their work keeps indoor spaces comfortable, equipment running, and air systems safe and efficient."
13285,Teacher,Teacher,Teacher,25-2021.00,"A Teacher plans lessons and helps students learn subjects like reading, math, science, or history. They explain ideas, lead class activities, answer questions, give assignments, and check progress through tests and daily work. Their work builds knowledge, skills, and good habits that help students succeed in school and everyday life."
13291,Human Resources Associate,Human Resources Associate,Human Resources Associate,43-4161.00,"A Human Resources Associate supports the people side of a workplace. They post job openings, review applications, schedule interviews, help new employees with hiring paperwork, update staff records, answer questions about policies and benefits, and assist with payroll or training tasks. Their work helps workplaces stay organized, staffed, and running smoothly for employees and managers."
13299,Sheet Metal Worker,Sheet Metal Worker,Sheet Metal Worker,47-2211.00,"A Sheet Metal Worker makes, installs, and repairs metal parts used in buildings and equipment. They measure and cut sheet metal, bend and shape it, and fasten ducts, vents, flashing, and panels using hand tools, power tools, and welding equipment. Their work helps heating, cooling, and building systems fit properly and keep running safely."
13303,Machinist (CNC),Machinist (CNC),Machinist (CNC),51-4041.00,"A CNC Machinist makes precise metal or plastic parts using computer-controlled machine tools. They read blueprints, set up lathes and mills, load materials, choose cutting tools, monitor the machines, and measure finished pieces to make sure they match exact sizes. Their work builds and keeps running the parts used in vehicles, machines, and equipment."
13325,Medical Assistant,Medical Assistant,Medical Assistant,31-9092.00,"A Medical Assistant works in clinics, doctors’ offices, and other healthcare settings, helping patients and medical staff throughout the day. They take vital signs, prepare exam rooms, update health records, schedule appointments, and may collect lab samples or give basic care instructions. Their work helps keep visits organized, patients informed, and care running smoothly."
13330,"Marble, Carver, Cutter and Setter","Marble, Carver, Cutter, and Setter","Marble, Carver, Cutter, and Setter",47-2044.00,"A Marble, Carver, Cutter, and Setter shapes, cuts, polishes, and installs marble and other stone for floors, walls, countertops, steps, and decorative pieces. They measure spaces, mark patterns, use saws and hand tools, and set heavy pieces in place with care. Their work gives buildings durable surfaces and keeps finished spaces attractive and functional."
13331,Small Gas Engine and Equipment Mechanic,Small Gas Engine and Equipment Mechanic,Small Gas Engine and Equipment Mechanic,49-3053.00,"A Small Gas Engine and Equipment Mechanic repairs and maintains machines powered by small gas engines, such as lawn mowers, snowblowers, chainsaws, generators, and similar equipment. They inspect parts, test engines, replace spark plugs and belts, clean fuel systems, and tune machines so they start and run properly. Their work keeps everyday tools and outdoor equipment working safely and reliably."
13359,Operating Engineer (Heavy Equipment),Operating Engineer (Heavy Equipment),Operating Engineer (Heavy Equipment),47-2073.00,"An Operating Engineer works with heavy equipment on construction sites and other outdoor job sites. They drive, steer, and control bulldozers, excavators, loaders, graders, and rollers to dig, lift, move, level, and spread earth, rock, and materials. Their work helps build roads, foundations, and utility systems, and keeps projects moving safely."
13362,Marketing Coordinator,Marketing Coordinator,Marketing Coordinator,13-1161.00,"A Marketing Coordinator helps plan and carry out a company’s marketing work. They write and schedule social media posts, update websites, help create ads and email campaigns, organize events, track results, and keep projects moving between designers, sales staff, and managers. Their work helps businesses reach customers, share clear information, and keep sales efforts organized."
13370,"Housekeeper (Commercial, Residential, Industrial)","Housekeeper (Commercial, Residential, Industrial)","Housekeeper (Commercial, Residential, Industrial)",37-2012.00,"A Housekeeper in commercial, residential, and industrial settings cleans and maintains rooms, halls, washrooms, work areas, and shared spaces. They vacuum, mop, dust, change linens, restock supplies, empty trash, and sanitize surfaces, sometimes using larger cleaning machines or special products. Their work keeps homes, businesses, and facilities clean, safe, orderly, and running well."
13376,Plant Maintenance-Millwright,Plant Maintenance-Millwright,Plant Maintenance-Millwright,49-9044.00,"A Plant Maintenance-Millwright installs, moves, repairs, and maintains heavy machines in factories, mills, and processing plants. They line up motors and conveyor systems, replace worn parts, use precision tools, and troubleshoot breakdowns on the plant floor. Their work keeps production equipment running safely, reduces downtime, and helps plants keep making everyday goods."
13377,Electrician,Electrician,Electrician,47-2111.00,"An Electrician installs, connects, tests, and repairs wiring, outlets, lights, circuit breakers, and electrical equipment in homes, buildings, and job sites. They read plans, run wire through walls and ceilings, use hand and power tools, and check that systems work safely. Their work keeps power flowing and buildings lit, working, and safer."
13418,Financial Services Representative,Financial Services Representative,Financial Services Representative,43-3071.00,"A Financial Services Representative helps people and businesses choose and manage financial products and services. They meet with clients, explain bank accounts, loans, credit cards, investments, or insurance, answer questions, process applications, and keep records up to date. Their work helps people handle money, access credit, and keep everyday financial needs running smoothly."
13428,Sheet Metal Worker,Sheet Metal Worker,Sheet Metal Worker,47-2211.00,"A Sheet Metal Worker makes, installs, and repairs metal parts used in buildings and equipment. They measure and cut sheet metal, bend and shape it, and fasten ducts, vents, flashing, and panels using hand tools, power tools, and welding equipment. Their work helps heating, cooling, and building systems fit properly and keep running safely."
13449,Steamfitter,Steamfitter,Steamfitter,47-2152.00,"A Steamfitter installs, assembles, and repairs pipe systems that carry steam, hot water, gases, and other fluids in buildings and industrial sites. They read blueprints, cut and thread pipe, weld joints, fit valves, and test systems for leaks and pressure. Their work keeps heating, cooling, and production systems running safely and reliably."
13480,Elevator Servicer and Repairer,Elevator Servicer and Repairer,Elevator Servicer and Repairer,47-4021.00,"An Elevator Servicer and Repairer installs, inspects, fixes, and maintains elevators, escalators, moving walkways, and lifts. They test controls, replace worn cables, motors, doors, and brakes, trace electrical or mechanical problems, and make adjustments using tools and meters. Their work keeps people and goods moving safely through buildings and keeps vertical transportation systems running reliably."
13483,Toolmaker,Toolmaker,Toolmaker,51-4111.00,"A Toolmaker makes and repairs the precise tools, dies, molds, and fixtures used in manufacturing. They read detailed drawings, cut and shape metal, operate machine tools, polish surfaces, and check measurements to tiny tolerances so parts fit exactly. Their work keeps factory machines running, products accurate, and production lines making reliable everyday goods."
13493,Electrician,Electrician,Electrician,47-2111.00,"An Electrician installs, connects, tests, and repairs wiring, outlets, lights, circuit breakers, and electrical equipment in homes, buildings, and job sites. They read plans, run wire through walls and ceilings, use hand and power tools, and check that systems work safely. Their work keeps power flowing and buildings lit, working, and safer."
13510,Iron Worker (Stone Derrickman and Rigger),Iron Worker (Stone Derrickman and Rigger),Iron Worker (Stone Derrickman and Rigger),47-2221.00,"An Iron Worker who rigs and runs stone derricks moves heavy stone and steel on construction sites. They attach cables, hooks, and pulleys, guide loads by hand signals, help set blocks into place, and make sure lifting gear is secure and balanced. Their work helps buildings and structures go up safely and stay properly supported."
13520,Instrument Technician,Instrument Technician,Instrument Technician,17-3023.00,"An Instrument Technician installs, tests, calibrates, and repairs the devices that measure and control pressure, temperature, flow, and level in plants and buildings. They wire sensors, adjust control panels, trace faults, and replace worn parts using meters and hand tools. Their work keeps equipment running properly and systems safe, accurate, and efficient."
13531,Human Resources Associate,Human Resources Associate,Human Resources Associate,43-4161.00,"A Human Resources Associate supports the people side of a workplace. They post job openings, review applications, schedule interviews, help new employees with hiring paperwork, update staff records, answer questions about policies and benefits, and assist with payroll or training tasks. Their work helps workplaces stay organized, staffed, and running smoothly for employees and managers."
13545,Workforce Development Specialist,Workforce Development Specialist,Workforce Development Specialist,21-1019.00,"A Workforce Development Specialist helps people build job skills and connect with work or training. They meet with job seekers, assess needs, guide career plans, arrange workshops, link people to classes or support services, and work with employers and community groups. Their work helps people find steady employment and keeps local workplaces staffed and running."
13574,Tool and Die Maker,Tool and Die Maker,Tool and Die Maker,51-4111.00,"A Tool and Die Maker builds and repairs the precise metal tools used to shape parts in factories. They read blueprints, measure to tiny tolerances, cut and grind steel, and fit dies, molds, jigs, and fixtures with care. Their work helps machines make accurate parts and keeps production running safely and smoothly."
13578,Stationary Engineer,Stationary Engineer,Stationary Engineer,51-8021.00,"A Stationary Engineer runs and maintains the large mechanical systems that keep a building operating. They monitor boilers, pumps, compressors, turbines, and control panels, adjust equipment, do routine repairs, and respond when something overheats, leaks, or shuts down. Their work keeps heat, cooling, power, and water systems running safely and reliably."
13603,Security Analyst,Security Analyst,Security Analyst,15-1212.00,"A Security Analyst protects an organization’s computer systems, networks, and data from cyber threats. They watch security alerts, investigate suspicious activity, test for weaknesses, update protections, and help respond when attacks happen. Their work helps keep business systems running, protects private information, and makes online services safer for workers and customers."
13617,Electrician,Electrician,Electrician,47-2111.00,"An Electrician installs, connects, tests, and repairs wiring, outlets, lights, circuit breakers, and electrical equipment in homes, buildings, and job sites. They read plans, run wire through walls and ceilings, use hand and power tools, and check that systems work safely. Their work keeps power flowing and buildings lit, working, and safer."
13620,Instrument &  Electrical Mechanic,Instrument and Electrical Mechanic,Instrument and Electrical Mechanic,47-2111.00,"An Instrument and Electrical Mechanic installs, tests, repairs, and maintains electrical equipment, control systems, and precision instruments in places like factories, plants, and large buildings. They trace wiring, replace sensors, calibrate meters, and troubleshoot panels and motors using tools and test devices. Their work keeps machines running properly, measurements accurate, and equipment safe."
13632,Computer Support Technician,Computer Support Technician,Computer Support Technician,15-1232.00,"A Computer Support Technician helps people and organizations fix everyday computer and technology problems. They set up computers, printers, and software, answer help requests, test equipment, troubleshoot slow or broken systems, and show users how to solve simple issues. Their work keeps computers, networks, and office systems running reliably and makes daily tasks easier."
13647,Cook,Cook,Cook,35-2012.00,"A Cook prepares and cooks food in places like restaurants, cafeterias, hospitals, or hotels. They chop ingredients, follow recipes, grill, bake, fry, season dishes, watch cooking times, and keep work areas clean and safe. Their work helps people get meals that are ready on time, taste good, and are safe to eat."
13684,Electrician,Electrician,Electrician,47-2111.00,"An Electrician installs, connects, tests, and repairs wiring, outlets, lights, circuit breakers, and electrical equipment in homes, buildings, and job sites. They read plans, run wire through walls and ceilings, use hand and power tools, and check that systems work safely. Their work keeps power flowing and buildings lit, working, and safer."
13689,Tool and Die Maker,Tool and Die Maker,Tool and Die Maker,51-4111.00,"A Tool and Die Maker builds and repairs the precise metal tools used to shape parts in factories. They read blueprints, measure to tiny tolerances, cut and grind steel, and fit dies, molds, jigs, and fixtures with care. Their work helps machines make accurate parts and keeps production running safely and smoothly."
13699,Skilled Construction Craft Laborer,Skilled Construction Craft Laborer,Skilled Construction Craft Laborer,47-2061.00,"A Skilled Construction Craft Laborer does hands-on work on building sites and supports many parts of a construction project. They load and move materials, dig and grade ground, use hand and power tools, help set forms, pour concrete, and clean work areas. Their work helps keep projects moving, sites safer, and structures built properly."
13707,"Housekeeper (Commercial, Residential, Industrial)","Housekeeper (Commercial, Residential, Industrial)","Housekeeper (Commercial, Residential, Industrial)",37-2012.00,"A Housekeeper in commercial, residential, and industrial settings cleans and maintains rooms, halls, washrooms, work areas, and shared spaces. They vacuum, mop, dust, change linens, restock supplies, empty trash, and sanitize surfaces, sometimes using larger cleaning machines or special products. Their work keeps homes, businesses, and facilities clean, safe, orderly, and running well."
13719,Continuous Improvement Associate,Continuous Improvement Associate,Continuous Improvement Associate,13-1111.00,"A Continuous Improvement Associate studies how work gets done in places like factories, warehouses, or offices and looks for better ways to do it. They watch tasks, track mistakes or delays, update step-by-step processes, and help teams test changes on the floor. Their work helps operations run smoother, waste less time and material, and stay safer."
13728,Maintenance Mechanic (Automatic Equipment),Maintenance Mechanic (Automatic Equipment),Maintenance Mechanic (Automatic Equipment),49-9041.00,"A Maintenance Mechanic working on automatic equipment installs, checks, repairs, and adjusts machines that run by themselves in factories, plants, or large buildings. They replace worn parts, test motors and controls, clear jams, lubricate moving pieces, and use tools to keep equipment working properly. Their work keeps machines running safely and production on schedule."
13743,"Bricklayer, Mason","Bricklayer, Mason","Bricklayer, Mason",47-2021.00,"A Bricklayer, Mason builds and repairs walls, chimneys, fireplaces, walkways, and other structures using brick, concrete block, and stone. They spread mortar, line up each course, cut materials to fit, and check that surfaces are level and strong. Their work helps create buildings and outdoor spaces that stay solid, weather-resistant, and safe to use."
13787,Plant Maintenance-Mechanic (3 Year),Plant Maintenance-Mechanic,Plant Maintenance-Mechanic,49-9071.00,"A Plant Maintenance-Mechanic keeps factory and plant equipment working properly. They inspect machines, take apart worn parts, replace belts, bearings, motors, or pumps, lubricate moving pieces, and use tools to fix breakdowns on the shop floor. Their work keeps production lines running, equipment in good condition, and workplaces safer."
13821,Electrician,Electrician,Electrician,47-2111.00,"An Electrician installs, connects, tests, and repairs wiring, outlets, lights, circuit breakers, and electrical equipment in homes, buildings, and job sites. They read plans, run wire through walls and ceilings, use hand and power tools, and check that systems work safely. Their work keeps power flowing and buildings lit, working, and safer."
13922,Customer Service Representative,Customer Service Representative,Customer Service Representative,43-4051.00,"A Customer Service Representative helps people with questions, orders, billing issues, returns, and complaints. They answer phone calls, emails, or online chats, look up account details, explain policies, solve routine problems, and pass along tougher issues when needed. Their work keeps customers informed, services running smoothly, and business problems from growing."
13983,Electro-Mechanical Technician,Electro-Mechanical Technician,Electro-Mechanical Technician,17-3024.00,"An Electro-Mechanical Technician installs, tests, repairs, and maintains machines that use both electrical and mechanical parts. They trace wiring, replace sensors and motors, adjust moving parts, read diagrams, and use meters and hand tools to find problems on factory equipment or automated systems. Their work keeps machines running safely, accurately, and with less downtime."
14036,"Heating, Ventilation and Air Conditioning Mechanic","Heating, Ventilation, and Air Conditioning Mechanic","Heating, Ventilation, and Air Conditioning Mechanic",49-9021.00,"A Heating, Ventilation, and Air Conditioning Mechanic installs, repairs, and maintains furnaces, air conditioners, ventilation systems, and thermostats in homes and buildings. They connect pipes and wiring, test airflow and temperature, replace worn parts, and troubleshoot breakdowns using tools and meters. Their work keeps indoor spaces comfortable, equipment running, and air systems safe and efficient."
14044,Electronics Mechanic (CNC Systems Maintenance),Electronics Mechanic (CNC Systems Maintenance),Electronics Mechanic (CNC Systems Maintenance),47-2111.00,"An Electronics Mechanic in CNC systems maintenance installs, tests, troubleshoots, and repairs the electronic controls, wiring, sensors, and circuit boards that run computer-controlled factory machines. They use meters, diagrams, and software to find faults, replace parts, and tune equipment. Their work keeps production machines running accurately, safely, and with less downtime."
14054,Elevator/Escalator Constructor & Modernizer,Elevator/Escalator Constructor and Modernizer,Elevator/Escalator Constructor and Modernizer,47-4021.00,"An Elevator/Escalator Constructor and Modernizer installs, repairs, and updates elevators, escalators, and moving walkways in buildings. They assemble rails, cables, motors, doors, and control systems, test equipment, and replace worn parts during upgrades. Their work keeps people and goods moving safely, smoothly, and reliably through homes, offices, hospitals, and transit spaces."
14090,Security Analyst,Security Analyst,Security Analyst,15-1212.00,"A Security Analyst protects an organization’s computer systems, networks, and data from cyber threats. They watch security alerts, investigate suspicious activity, test for weaknesses, update protections, and help respond when attacks happen. Their work helps keep business systems running, protects private information, and makes online services safer for workers and customers."
14093,Electrical (Outside) Line Worker,Electrical (Outside) Line Worker,Electrical (Outside) Line Worker,49-9051.00,"An outside Electrical Line Worker builds, repairs, and maintains overhead and underground power lines that carry electricity to homes and businesses. They climb poles, work from bucket trucks, replace wires, insulators, and transformers, and restore service after storms or outages. Their work keeps electrical systems running safely and power flowing where people need it."
14097,"Tile, Marble and Terrazzo Finisher","Tile, Marble, and Terrazzo Finisher","Tile, Marble, and Terrazzo Finisher",47-3011.00,"A Tile, Marble, and Terrazzo Finisher prepares and smooths surfaces for floors, walls, countertops, and other finishes. They spread cement or mastic, patch holes, level bases, polish edges, grind rough spots, and clean finished areas so tile, marble, or terrazzo can be set properly. Their work helps surfaces stay even, durable, attractive, and safe to use."
14108,Industrial Machinery Mechanic,Industrial Machinery Mechanic,Industrial Machinery Mechanic,49-9041.00,"An Industrial Machinery Mechanic installs, inspects, repairs, and maintains the machines used in factories, plants, and other industrial sites. They take apart equipment, replace worn parts, align moving pieces, lubricate systems, and test machines to find problems. Their work keeps production equipment running safely, reliably, and with less downtime."
14162,Teacher Assistant,Teacher Assistant,Teacher Assistant,25-9042.00,"A Teacher Assistant supports a classroom teacher and helps students with daily learning activities. They set up materials, supervise small groups, explain instructions, help children stay focused, and assist with meals, recess, or cleanup. Their work helps classrooms run smoothly, supports student learning, and keeps the school day organized and safe."
14167,Tile Setter (3 Year),Tile Setter,Tile Setter,47-2044.00,"A Tile Setter installs tile on floors, walls, showers, countertops, and other surfaces in homes and buildings. They measure spaces, cut tile to fit, spread mortar or adhesive, set each piece in place, grout the joints, and clean the finished surface. Their work creates durable, easy-to-clean surfaces that protect walls and floors from water and wear."
14245,Social Service Assistant,Social Service Assistant,Social Service Assistant,21-1093.00,"A Social Service Assistant helps people get support with daily needs and community services. They meet with clients, gather information, fill out forms, arrange appointments, connect people with housing, food, or counseling, and keep case records up to date. Their work helps people get practical support, stay organized, and keep important services running."
14317,Human Resources Associate,Human Resources Associate,Human Resources Associate,43-4161.00,"A Human Resources Associate supports the people side of a workplace. They post job openings, review applications, schedule interviews, help new employees with hiring paperwork, update staff records, answer questions about policies and benefits, and assist with payroll or training tasks. Their work helps workplaces stay organized, staffed, and running smoothly for employees and managers."
14323,Quality Assurance Auditor,Quality Assurance Auditor,Quality Assurance Auditor,19-4099.01,"A Quality Assurance Auditor checks whether a company’s products, services, or work processes meet set standards and rules. They review records, inspect work areas, watch how tasks are done, and talk with staff to spot mistakes, risks, or weak points. Their work helps keep products reliable, workplaces organized, and systems running safely and correctly."
14343,Electrician,Electrician,Electrician,47-2111.00,"An Electrician installs, connects, tests, and repairs wiring, outlets, lights, circuit breakers, and electrical equipment in homes, buildings, and job sites. They read plans, run wire through walls and ceilings, use hand and power tools, and check that systems work safely. Their work keeps power flowing and buildings lit, working, and safer."
14363,"Heating, Ventilation and Air Conditioning Mechanic","Heating, Ventilation, and Air Conditioning Mechanic","Heating, Ventilation, and Air Conditioning Mechanic",49-9021.00,"A Heating, Ventilation, and Air Conditioning Mechanic installs, repairs, and maintains furnaces, air conditioners, ventilation systems, and thermostats in homes and buildings. They connect pipes and wiring, test airflow and temperature, replace worn parts, and troubleshoot breakdowns using tools and meters. Their work keeps indoor spaces comfortable, equipment running, and air systems safe and efficient."
14399,Industrial Manufacturing Technician,Industrial Manufacturing Technician,Industrial Manufacturing Technician,17-3026.00,"An Industrial Manufacturing Technician works in factories to keep production equipment and processes running smoothly. They set up machines, monitor controls, test products, adjust parts, troubleshoot problems, and do basic maintenance while following safety and quality rules. Their work helps build reliable products, reduce waste, and keep manufacturing lines running safely and efficiently."
14438,Plumber and Steamfitter,Plumber and Steamfitter,Plumber and Steamfitter,47-2152.00,"A Plumber and Steamfitter installs, repairs, and maintains pipes, fixtures, boilers, and heating or cooling systems in homes, buildings, and industrial sites. They cut and join pipe, test for leaks, fit valves and pumps, and connect water, gas, and steam lines. Their work keeps water flowing, heat working, and buildings safe and usable."
14456,Electrician,Electrician,Electrician,47-2111.00,"An Electrician installs, connects, tests, and repairs wiring, outlets, lights, circuit breakers, and electrical equipment in homes, buildings, and job sites. They read plans, run wire through walls and ceilings, use hand and power tools, and check that systems work safely. Their work keeps power flowing and buildings lit, working, and safer."
14478,Building Maintenance Mechanic,Building Maintenance Mechanic,Building Maintenance Mechanic,49-9071.00,"A Building Maintenance Mechanic keeps a building’s systems and spaces in working order. They inspect equipment, fix plumbing leaks, replace light fixtures, repair doors, walls, and floors, and handle basic heating, cooling, and electrical problems using hand and power tools. Their work keeps buildings safe, functional, and comfortable for the people who use them every day."
14490,Customer Service Representative,Customer Service Representative,Customer Service Representative,43-4051.00,"A Customer Service Representative helps people with questions, orders, billing issues, returns, and complaints. They answer phone calls, emails, or online chats, look up account details, explain policies, solve routine problems, and pass along tougher issues when needed. Their work keeps customers informed, services running smoothly, and business problems from growing."
14505,Childcare Assistant,Childcare Assistant,Childcare Assistant,39-9011.00,"A Childcare Assistant helps care for babies and young children in daycare centers, preschools, or other child care settings. They set up activities, serve snacks, help with dressing and toileting, supervise play, tidy rooms, and comfort children during the day. Their work keeps children safe, clean, active, and supported while families work or study."
14538,Ornamental Iron Worker,Ornamental Iron Worker,Ornamental Iron Worker,47-4099.00,"An Ornamental Iron Worker builds and installs decorative metal features for buildings and outdoor spaces. They measure, cut, weld, and bolt together railings, stairs, gates, fences, balconies, and window guards, then lift and fasten them into place on site. Their work adds strength, detail, and safety to the places people use every day."
14560,Welder (Industrial),Welder (Industrial),Welder (Industrial),51-4121.00,"An industrial Welder joins and repairs metal parts used in factories, plants, and heavy equipment. They read drawings, cut and fit steel, use welding torches and machines, and check that seams are strong and exact. Their work builds and fixes the metal structures and machinery that keep industrial sites running safely."
14574,Plastic Process Technician,Plastic Process Technician,Plastic Process Technician,51-4072.00,"A Plastic Process Technician sets up, monitors, and adjusts machines that melt and shape plastic into products like containers, car parts, or medical items. They load materials, check temperatures and pressure, inspect finished pieces, fix minor problems, and keep production running smoothly. Their work helps make everyday plastic products consistent, usable, and safe."
14589,"Mold Maker, Die-Casting and Plastic Molding","Mold Maker, Die-Casting, and Plastic Molding","Mold Maker, Die-Casting, and Plastic Molding",51-4111.00,"A Mold Maker, Die-Casting, and Plastic Molding builds, repairs, and fine-tunes the metal molds and dies used to shape plastic and die-cast parts. They read drawings, machine and polish steel pieces, fit moving parts, and test molds for smooth, accurate production. Their work helps factories make reliable parts that fit properly and keeps production running."
14641,Carpenter (Heavy-Highway),Carpenter (Heavy-Highway),Carpenter (Heavy-Highway),47-2031.00,"A heavy-highway Carpenter builds and repairs wooden forms, concrete structures, and temporary supports used on roads, bridges, tunnels, and other large transportation projects. They measure, cut, fasten, brace, and strip materials on busy outdoor job sites, often around rebar and concrete pours. Their work helps roads and bridges take shape, stay strong, and remain safe to use."
14651,"Bricklayer, Mason","Bricklayer, Mason","Bricklayer, Mason",47-2021.00,"A Bricklayer, Mason builds and repairs walls, chimneys, fireplaces, walkways, and other structures using brick, concrete block, and stone. They spread mortar, line up each course, cut materials to fit, and check that surfaces are level and strong. Their work helps create buildings and outdoor spaces that stay solid, weather-resistant, and safe to use."
14652,Steamfitter,Steamfitter,Steamfitter,47-2152.00,"A Steamfitter installs, assembles, and repairs pipe systems that carry steam, hot water, gases, and other fluids in buildings and industrial sites. They read blueprints, cut and thread pipe, weld joints, fit valves, and test systems for leaks and pressure. Their work keeps heating, cooling, and production systems running safely and reliably."
14695,Electrician,Electrician,Electrician,47-2111.00,"An Electrician installs, connects, tests, and repairs wiring, outlets, lights, circuit breakers, and electrical equipment in homes, buildings, and job sites. They read plans, run wire through walls and ceilings, use hand and power tools, and check that systems work safely. Their work keeps power flowing and buildings lit, working, and safer."
14717,Machinist,Machinist,Machinist,51-4041.00,"A Machinist makes precise metal or plastic parts used in machines, tools, and equipment. They read blueprints, set up lathes, mills, grinders, and computer-controlled machines, then cut, drill, shape, and measure each piece to tight standards. Their work builds parts that fit properly and keeps vehicles, factories, and everyday equipment running safely."
14757,Steamfitter,Steamfitter,Steamfitter,47-2152.00,"A Steamfitter installs, assembles, and repairs pipe systems that carry steam, hot water, gases, and other fluids in buildings and industrial sites. They read blueprints, cut and thread pipe, weld joints, fit valves, and test systems for leaks and pressure. Their work keeps heating, cooling, and production systems running safely and reliably."
14800,Network Engineer,Network Engineer,Network Engineer,15-1212.00,"A Network Engineer designs, sets up, and maintains the computer networks that connect offices, servers, phones, and internet services. They install routers and switches, run cables, test connections, fix outages, and monitor traffic to keep data moving smoothly. Their work keeps systems connected, communication reliable, and everyday business tools running safely."
14866,Security Analyst,Security Analyst,Security Analyst,15-1212.00,"A Security Analyst protects an organization’s computer systems, networks, and data from cyber threats. They watch security alerts, investigate suspicious activity, test for weaknesses, update protections, and help respond when attacks happen. Their work helps keep business systems running, protects private information, and makes online services safer for workers and customers."
14899,Cement Finisher or Cement Mason,Cement Finisher or Cement Mason,Cement Finisher or Cement Mason,47-2051.00,"A Cement Finisher or Cement Mason works with wet concrete on sidewalks, floors, curbs, roads, and building foundations. They spread, level, smooth, edge, and texture the surface using hand and power tools, and may add joints or seal finishes as it sets. Their work helps concrete surfaces stay strong, even, safe to walk or drive on, and long-lasting."
14920,Cabinetmaker,Cabinet Maker,Cabinetmaker,51-7011.00,"A Cabinet Maker builds and repairs wooden cabinets, shelves, counters, and other fitted furniture for kitchens, bathrooms, stores, and offices. They measure spaces, cut and shape wood, assemble parts, install hardware, and fit finished pieces neatly into place. Their work creates useful storage and keeps rooms organized, durable, and attractive."
14948,Electro-Mechanical Technician,Electro-Mechanical Technician,Electro-Mechanical Technician,17-3024.00,"An Electro-Mechanical Technician installs, tests, repairs, and maintains machines that use both electrical and mechanical parts. They trace wiring, replace sensors and motors, adjust moving parts, read diagrams, and use meters and hand tools to find problems on factory equipment or automated systems. Their work keeps machines running safely, accurately, and with less downtime."
14961,Carpenter,Carpenter,Carpenter,47-2031.00,"A Carpenter builds, installs, and repairs wooden parts of buildings and other structures. They measure and cut lumber, frame walls, hang doors, fit cabinets, build stairs, and use hand and power tools on homes, shops, and job sites. Their work creates solid spaces, smooth finishes, and structures that stay safe and usable every day."
14962,Electrician,Electrician,Electrician,47-2111.00,"An Electrician installs, connects, tests, and repairs wiring, outlets, lights, circuit breakers, and electrical equipment in homes, buildings, and job sites. They read plans, run wire through walls and ceilings, use hand and power tools, and check that systems work safely. Their work keeps power flowing and buildings lit, working, and safer."
14969,Cement Finisher or Cement Mason,Cement Finisher or Cement Mason,Cement Finisher or Cement Mason,47-2051.00,"A Cement Finisher or Cement Mason works with wet concrete on sidewalks, floors, curbs, roads, and building foundations. They spread, level, smooth, edge, and texture the surface using hand and power tools, and may add joints or seal finishes as it sets. Their work helps concrete surfaces stay strong, even, safe to walk or drive on, and long-lasting."
14983,Welder (Industrial),Welder (Industrial),Welder (Industrial),51-4121.00,"An industrial Welder joins and repairs metal parts used in factories, plants, and heavy equipment. They read drawings, cut and fit steel, use welding torches and machines, and check that seams are strong and exact. Their work builds and fixes the metal structures and machinery that keep industrial sites running safely."
15003,Plumber,Plumber,Plumber,47-2152.00,"A Plumber installs, repairs, and maintains the pipes, drains, fixtures, and appliances that carry water, gas, and waste in homes, businesses, and other buildings. They cut and join pipe, clear clogs, fix leaks, test systems, and fit sinks, toilets, tubs, and water heaters. Their work keeps water flowing, waste moving out, and buildings safe and working properly."
15013,Plumber and Pipefitter,Plumber and Pipefitter,Plumber and Pipefitter,47-2152.00,"A Plumber and Pipefitter installs, repairs, and tests water, gas, heating, and cooling pipes in homes, buildings, and industrial sites. They cut and join pipe, fit valves and fixtures, read plans, and troubleshoot leaks or pressure problems using hand and power tools. Their work keeps water flowing, waste moving, and building systems running safely."
15043,Electrician,Electrician,Electrician,47-2111.00,"An Electrician installs, connects, tests, and repairs wiring, outlets, lights, circuit breakers, and electrical equipment in homes, buildings, and job sites. They read plans, run wire through walls and ceilings, use hand and power tools, and check that systems work safely. Their work keeps power flowing and buildings lit, working, and safer."
15064,Machinist (CNC),Machinist (CNC),Machinist (CNC),51-4041.00,"A CNC Machinist makes precise metal or plastic parts using computer-controlled machine tools. They read blueprints, set up lathes and mills, load materials, choose cutting tools, monitor the machines, and measure finished pieces to make sure they match exact sizes. Their work builds and keeps running the parts used in vehicles, machines, and equipment."
15079,Electrician,Electrician,Electrician,47-2111.00,"An Electrician installs, connects, tests, and repairs wiring, outlets, lights, circuit breakers, and electrical equipment in homes, buildings, and job sites. They read plans, run wire through walls and ceilings, use hand and power tools, and check that systems work safely. Their work keeps power flowing and buildings lit, working, and safer."
15121,Boilermaker (Construction),Boilermaker (Construction),Boilermaker (Construction),47-2011.00,"A Boilermaker in construction builds, installs, and repairs large metal tanks, boilers, and pressure vessels on job sites. They read blueprints, cut and fit steel plates, weld parts together, bolt sections in place, and test for leaks or pressure problems. Their work helps keep industrial buildings, heating systems, and heavy equipment running safely."
15155,Quality Assurance Auditor,Quality Assurance Auditor,Quality Assurance Auditor,19-4099.01,"A Quality Assurance Auditor checks whether a company’s products, services, or work processes meet set standards and rules. They review records, inspect work areas, watch how tasks are done, and talk with staff to spot mistakes, risks, or weak points. Their work helps keep products reliable, workplaces organized, and systems running safely and correctly."
15229,Operating Engineer (Heavy Equipment),Operating Engineer (Heavy Equipment),Operating Engineer (Heavy Equipment),47-2073.00,"An Operating Engineer works with heavy equipment on construction sites and other outdoor job sites. They drive, steer, and control bulldozers, excavators, loaders, graders, and rollers to dig, lift, move, level, and spread earth, rock, and materials. Their work helps build roads, foundations, and utility systems, and keeps projects moving safely."
15231,Project Manager,Project Manager,Project Manager,15-1299.09,"A Project Manager plans and leads a project from start to finish. They break the work into steps, set schedules and budgets, assign tasks, track progress, solve problems, and keep workers, clients, and suppliers informed through meetings, calls, and reports. Their work helps projects stay organized, on time, on budget, and running smoothly."
15310,Offset Lithographic Press Operator,Offset Lithographic Press Operator,Offset Lithographic Press Operator,51-5112.00,"An Offset Lithographic Press Operator runs large printing presses that transfer ink from metal plates onto paper, cardboard, or other materials. They set up the press, load paper and ink, adjust color and alignment, watch for smudges or jams, and clean the equipment. Their work keeps printed books, packaging, labels, and forms accurate and consistent."
15327,Steamfitter,Steamfitter,Steamfitter,47-2152.00,"A Steamfitter installs, assembles, and repairs pipe systems that carry steam, hot water, gases, and other fluids in buildings and industrial sites. They read blueprints, cut and thread pipe, weld joints, fit valves, and test systems for leaks and pressure. Their work keeps heating, cooling, and production systems running safely and reliably."
15408,Electrician,Electrician,Electrician,47-2111.00,"An Electrician installs, connects, tests, and repairs wiring, outlets, lights, circuit breakers, and electrical equipment in homes, buildings, and job sites. They read plans, run wire through walls and ceilings, use hand and power tools, and check that systems work safely. Their work keeps power flowing and buildings lit, working, and safer."
15410,Glazier,Glazier,Glazier,47-2121.00,"A Glazier installs, replaces, and repairs glass in windows, doors, storefronts, skylights, and display cases. They measure openings, cut and fit glass, set panels into frames, seal edges, and sometimes handle mirrors or metal framing. Their work helps buildings stay weather-tight, bright, secure, and safe for everyday use."
15442,Direct Support Professional,Direct Support Professional,Direct Support Professional,21-1093.00,"A Direct Support Professional helps people with disabilities or other support needs with daily life at home, at work, and in the community. They may help with meals, bathing, dressing, medicine reminders, rides, shopping, and simple paperwork while offering steady support and encouragement. Their work helps people stay safe, healthy, independent, and connected."
15464,Electrician,Electrician,Electrician,47-2111.00,"An Electrician installs, connects, tests, and repairs wiring, outlets, lights, circuit breakers, and electrical equipment in homes, buildings, and job sites. They read plans, run wire through walls and ceilings, use hand and power tools, and check that systems work safely. Their work keeps power flowing and buildings lit, working, and safer."
15482,Dry Wall Taper (Finisher),Drywall Taper (Finisher),Dry Wall Taper (Finisher),47-2082.00,"A Drywall Taper, also called a finisher, smooths and prepares drywall walls and ceilings for painting or wallpaper. They spread joint compound over seams and screw holes, press tape into joints, sand rough spots, and blend corners until surfaces look flat and clean. Their work makes rooms look finished and keeps walls smooth, solid, and ready to use."
15484,Sprinkler Fitter,Sprinkler Fitter,Sprinkler Fitter,47-2152.00,"A Sprinkler Fitter installs, repairs, and tests fire sprinkler systems in buildings. They measure and cut pipe, hang and connect it overhead, fit sprinkler heads and valves, and check water flow and pressure to make sure the system works. Their work helps protect people, buildings, and equipment by making fires easier to control."
15498,Plumber and Pipefitter,Plumber and Pipefitter,Plumber and Pipefitter,47-2152.00,"A Plumber and Pipefitter installs, repairs, and tests water, gas, heating, and cooling pipes in homes, buildings, and industrial sites. They cut and join pipe, fit valves and fixtures, read plans, and troubleshoot leaks or pressure problems using hand and power tools. Their work keeps water flowing, waste moving, and building systems running safely."
15505,Electrician,Electrician,Electrician,47-2111.00,"An Electrician installs, connects, tests, and repairs wiring, outlets, lights, circuit breakers, and electrical equipment in homes, buildings, and job sites. They read plans, run wire through walls and ceilings, use hand and power tools, and check that systems work safely. Their work keeps power flowing and buildings lit, working, and safer."
15517,"Heating, Ventilation and Air Conditioning Mechanic","Heating, Ventilation, and Air Conditioning Mechanic","Heating, Ventilation, and Air Conditioning Mechanic",49-9021.00,"A Heating, Ventilation, and Air Conditioning Mechanic installs, repairs, and maintains furnaces, air conditioners, ventilation systems, and thermostats in homes and buildings. They connect pipes and wiring, test airflow and temperature, replace worn parts, and troubleshoot breakdowns using tools and meters. Their work keeps indoor spaces comfortable, equipment running, and air systems safe and efficient."
15531,Boilermaker (Construction),Boilermaker (Construction),Boilermaker (Construction),47-2011.00,"A Boilermaker in construction builds, installs, and repairs large metal tanks, boilers, and pressure vessels on job sites. They read blueprints, cut and fit steel plates, weld parts together, bolt sections in place, and test for leaks or pressure problems. Their work helps keep industrial buildings, heating systems, and heavy equipment running safely."
15551,"Heating, Ventilation and Air Conditioning Mechanic","Heating, Ventilation, and Air Conditioning Mechanic","Heating, Ventilation, and Air Conditioning Mechanic",49-9021.00,"A Heating, Ventilation, and Air Conditioning Mechanic installs, repairs, and maintains furnaces, air conditioners, ventilation systems, and thermostats in homes and buildings. They connect pipes and wiring, test airflow and temperature, replace worn parts, and troubleshoot breakdowns using tools and meters. Their work keeps indoor spaces comfortable, equipment running, and air systems safe and efficient."
15580,Software Developer,Software Developer,Software Developer,15-1251.00,"A Software Developer creates and updates computer programs, apps, and digital tools. They write code, test features, fix bugs, review how software works, and work with teammates to turn ideas into working systems people can use. Their work builds the software that helps businesses, services, and everyday technology run smoothly and safely."
15612,Teacher,Teacher,Teacher,25-2021.00,"A Teacher plans lessons and helps students learn subjects like reading, math, science, or history. They explain ideas, lead class activities, answer questions, give assignments, and check progress through tests and daily work. Their work builds knowledge, skills, and good habits that help students succeed in school and everyday life."
15614,Electrician,Electrician,Electrician,47-2111.00,"An Electrician installs, connects, tests, and repairs wiring, outlets, lights, circuit breakers, and electrical equipment in homes, buildings, and job sites. They read plans, run wire through walls and ceilings, use hand and power tools, and check that systems work safely. Their work keeps power flowing and buildings lit, working, and safer."
15730,Plant Maintenance-Electrician,Plant Maintenance-Electrician,Plant Maintenance-Electrician,47-2111.00,"A Plant Maintenance-Electrician keeps a factory or industrial plant’s electrical systems working safely and reliably. They inspect wiring, motors, control panels, and machines, troubleshoot faults, replace damaged parts, and do routine repairs and testing. Their work keeps production equipment running, helps prevent breakdowns, and makes the plant safer for workers."
15744,Plant Maintenance-Millwright,Plant Maintenance-Millwright,Plant Maintenance-Millwright,49-9044.00,"A Plant Maintenance-Millwright installs, moves, repairs, and maintains heavy machines in factories, mills, and processing plants. They line up motors and conveyor systems, replace worn parts, use precision tools, and troubleshoot breakdowns on the plant floor. Their work keeps production equipment running safely, reduces downtime, and helps plants keep making everyday goods."
15784,Sheet Metal Worker,Sheet Metal Worker,Sheet Metal Worker,47-2211.00,"A Sheet Metal Worker makes, installs, and repairs metal parts used in buildings and equipment. They measure and cut sheet metal, bend and shape it, and fasten ducts, vents, flashing, and panels using hand tools, power tools, and welding equipment. Their work helps heating, cooling, and building systems fit properly and keep running safely."
15801,Industrial Manufacturing Technician,Industrial Manufacturing Technician,Industrial Manufacturing Technician,17-3026.00,"An Industrial Manufacturing Technician works in factories to keep production equipment and processes running smoothly. They set up machines, monitor controls, test products, adjust parts, troubleshoot problems, and do basic maintenance while following safety and quality rules. Their work helps build reliable products, reduce waste, and keep manufacturing lines running safely and efficiently."
15854,"Tile, Marble and Terrazzo Finisher","Tile, Marble, and Terrazzo Finisher","Tile, Marble, and Terrazzo Finisher",47-3011.00,"A Tile, Marble, and Terrazzo Finisher prepares and smooths surfaces for floors, walls, countertops, and other finishes. They spread cement or mastic, patch holes, level bases, polish edges, grind rough spots, and clean finished areas so tile, marble, or terrazzo can be set properly. Their work helps surfaces stay even, durable, attractive, and safe to use."
15867,Machinist (CNC),Machinist (CNC),Machinist (CNC),51-4041.00,"A CNC Machinist makes precise metal or plastic parts using computer-controlled machine tools. They read blueprints, set up lathes and mills, load materials, choose cutting tools, monitor the machines, and measure finished pieces to make sure they match exact sizes. Their work builds and keeps running the parts used in vehicles, machines, and equipment."
15888,Electrician,Electrician,Electrician,47-2111.00,"An Electrician installs, connects, tests, and repairs wiring, outlets, lights, circuit breakers, and electrical equipment in homes, buildings, and job sites. They read plans, run wire through walls and ceilings, use hand and power tools, and check that systems work safely. Their work keeps power flowing and buildings lit, working, and safer."
15902,Plumber and Pipefitter,Plumber and Pipefitter,Plumber and Pipefitter,47-2152.00,"A Plumber and Pipefitter installs, repairs, and tests water, gas, heating, and cooling pipes in homes, buildings, and industrial sites. They cut and join pipe, fit valves and fixtures, read plans, and troubleshoot leaks or pressure problems using hand and power tools. Their work keeps water flowing, waste moving, and building systems running safely."
15905,Plant Maintenance-Electrician,Plant Maintenance-Electrician,Plant Maintenance-Electrician,47-2111.00,"A Plant Maintenance-Electrician keeps a factory or industrial plant’s electrical systems working safely and reliably. They inspect wiring, motors, control panels, and machines, troubleshoot faults, replace damaged parts, and do routine repairs and testing. Their work keeps production equipment running, helps prevent breakdowns, and makes the plant safer for workers."
15921,Cook,Cook,Cook,35-2012.00,"A Cook prepares and cooks food in places like restaurants, cafeterias, hospitals, or hotels. They chop ingredients, follow recipes, grill, bake, fry, season dishes, watch cooking times, and keep work areas clean and safe. Their work helps people get meals that are ready on time, taste good, and are safe to eat."
15922,Tool and Die Maker,Tool and Die Maker,Tool and Die Maker,51-4111.00,"A Tool and Die Maker builds and repairs the precise metal tools used to shape parts in factories. They read blueprints, measure to tiny tolerances, cut and grind steel, and fit dies, molds, jigs, and fixtures with care. Their work helps machines make accurate parts and keeps production running safely and smoothly."
15938,Electrician,Electrician,Electrician,47-2111.00,"An Electrician installs, connects, tests, and repairs wiring, outlets, lights, circuit breakers, and electrical equipment in homes, buildings, and job sites. They read plans, run wire through walls and ceilings, use hand and power tools, and check that systems work safely. Their work keeps power flowing and buildings lit, working, and safer."
15964,Electro-Mechanical Technician,Electro-Mechanical Technician,Electro-Mechanical Technician,17-3024.00,"An Electro-Mechanical Technician installs, tests, repairs, and maintains machines that use both electrical and mechanical parts. They trace wiring, replace sensors and motors, adjust moving parts, read diagrams, and use meters and hand tools to find problems on factory equipment or automated systems. Their work keeps machines running safely, accurately, and with less downtime."
15969,Childcare Assistant,Childcare Assistant,Childcare Assistant,39-9011.00,"A Childcare Assistant helps care for babies and young children in daycare centers, preschools, or other child care settings. They set up activities, serve snacks, help with dressing and toileting, supervise play, tidy rooms, and comfort children during the day. Their work keeps children safe, clean, active, and supported while families work or study."
16002,Electrician,Electrician,Electrician,47-2111.00,"An Electrician installs, connects, tests, and repairs wiring, outlets, lights, circuit breakers, and electrical equipment in homes, buildings, and job sites. They read plans, run wire through walls and ceilings, use hand and power tools, and check that systems work safely. Their work keeps power flowing and buildings lit, working, and safer."
16016,Toolmaker,Toolmaker,Toolmaker,51-4111.00,"A Toolmaker makes and repairs the precise tools, dies, molds, and fixtures used in manufacturing. They read detailed drawings, cut and shape metal, operate machine tools, polish surfaces, and check measurements to tiny tolerances so parts fit exactly. Their work keeps factory machines running, products accurate, and production lines making reliable everyday goods."
16020,Plant Maintenance-Electrician,Plant Maintenance-Electrician,Plant Maintenance-Electrician,47-2111.00,"A Plant Maintenance-Electrician keeps a factory or industrial plant’s electrical systems working safely and reliably. They inspect wiring, motors, control panels, and machines, troubleshoot faults, replace damaged parts, and do routine repairs and testing. Their work keeps production equipment running, helps prevent breakdowns, and makes the plant safer for workers."
16046,Carpenter,Carpenter,Carpenter,47-2031.00,"A Carpenter builds, installs, and repairs wooden parts of buildings and other structures. They measure and cut lumber, frame walls, hang doors, fit cabinets, build stairs, and use hand and power tools on homes, shops, and job sites. Their work creates solid spaces, smooth finishes, and structures that stay safe and usable every day."
16087,Construction Manager,Construction Manager,Construction Manager,11-9021.00,"A Construction Manager plans and runs building projects from start to finish. They schedule crews, order materials, check budgets, read drawings, visit job sites, and make sure work meets safety rules, codes, and deadlines. Their work keeps construction organized, buildings going up properly, and job sites safer and on schedule."
16091,Plant Maintenance-Electrician,Plant Maintenance-Electrician,Plant Maintenance-Electrician,47-2111.00,"A Plant Maintenance-Electrician keeps a factory or industrial plant’s electrical systems working safely and reliably. They inspect wiring, motors, control panels, and machines, troubleshoot faults, replace damaged parts, and do routine repairs and testing. Their work keeps production equipment running, helps prevent breakdowns, and makes the plant safer for workers."
16107,"Bricklayer, Mason","Bricklayer, Mason","Bricklayer, Mason",47-2021.00,"A Bricklayer, Mason builds and repairs walls, chimneys, fireplaces, walkways, and other structures using brick, concrete block, and stone. They spread mortar, line up each course, cut materials to fit, and check that surfaces are level and strong. Their work helps create buildings and outdoor spaces that stay solid, weather-resistant, and safe to use."
16141,Electrician,Electrician,Electrician,47-2111.00,"An Electrician installs, connects, tests, and repairs wiring, outlets, lights, circuit breakers, and electrical equipment in homes, buildings, and job sites. They read plans, run wire through walls and ceilings, use hand and power tools, and check that systems work safely. Their work keeps power flowing and buildings lit, working, and safer."
16150,Toolmaker,Toolmaker,Toolmaker,51-4111.00,"A Toolmaker makes and repairs the precise tools, dies, molds, and fixtures used in manufacturing. They read detailed drawings, cut and shape metal, operate machine tools, polish surfaces, and check measurements to tiny tolerances so parts fit exactly. Their work keeps factory machines running, products accurate, and production lines making reliable everyday goods."
16163,Electrician,Electrician,Electrician,47-2111.00,"An Electrician installs, connects, tests, and repairs wiring, outlets, lights, circuit breakers, and electrical equipment in homes, buildings, and job sites. They read plans, run wire through walls and ceilings, use hand and power tools, and check that systems work safely. Their work keeps power flowing and buildings lit, working, and safer."
16179,Plumber,Plumber,Plumber,47-2152.00,"A Plumber installs, repairs, and maintains the pipes, drains, fixtures, and appliances that carry water, gas, and waste in homes, businesses, and other buildings. They cut and join pipe, clear clogs, fix leaks, test systems, and fit sinks, toilets, tubs, and water heaters. Their work keeps water flowing, waste moving out, and buildings safe and working properly."
16186,Cook (Chef),Cook (Chef),Cook (Chef),35-2014.00,"A Cook, often called a chef, prepares and cooks meals in restaurants, cafeterias, hotels, or other food settings. They chop ingredients, season and cook dishes, plate food, manage kitchen timing, and keep work areas clean and safe. Their work keeps people fed, kitchens running smoothly, and food quality and safety up to standard."
16197,Plumber and Steamfitter,Plumber and Steamfitter,Plumber and Steamfitter,47-2152.00,"A Plumber and Steamfitter installs, repairs, and maintains pipes, fixtures, boilers, and heating or cooling systems in homes, buildings, and industrial sites. They cut and join pipe, test for leaks, fit valves and pumps, and connect water, gas, and steam lines. Their work keeps water flowing, heat working, and buildings safe and usable."
16200,Plumber and Pipefitter,Plumber and Pipefitter,Plumber and Pipefitter,47-2152.00,"A Plumber and Pipefitter installs, repairs, and tests water, gas, heating, and cooling pipes in homes, buildings, and industrial sites. They cut and join pipe, fit valves and fixtures, read plans, and troubleshoot leaks or pressure problems using hand and power tools. Their work keeps water flowing, waste moving, and building systems running safely."
16206,Electrician,Electrician,Electrician,47-2111.00,"An Electrician installs, connects, tests, and repairs wiring, outlets, lights, circuit breakers, and electrical equipment in homes, buildings, and job sites. They read plans, run wire through walls and ceilings, use hand and power tools, and check that systems work safely. Their work keeps power flowing and buildings lit, working, and safer."
16218,Electrician,Electrician,Electrician,47-2111.00,"An Electrician installs, connects, tests, and repairs wiring, outlets, lights, circuit breakers, and electrical equipment in homes, buildings, and job sites. They read plans, run wire through walls and ceilings, use hand and power tools, and check that systems work safely. Their work keeps power flowing and buildings lit, working, and safer."
16232,Sheet Metal Worker,Sheet Metal Worker,Sheet Metal Worker,47-2211.00,"A Sheet Metal Worker makes, installs, and repairs metal parts used in buildings and equipment. They measure and cut sheet metal, bend and shape it, and fasten ducts, vents, flashing, and panels using hand tools, power tools, and welding equipment. Their work helps heating, cooling, and building systems fit properly and keep running safely."
16276,Skilled Construction Craft Laborer,Skilled Construction Craft Laborer,Skilled Construction Craft Laborer,47-2061.00,"A Skilled Construction Craft Laborer does hands-on work on building sites and supports many parts of a construction project. They load and move materials, dig and grade ground, use hand and power tools, help set forms, pour concrete, and clean work areas. Their work helps keep projects moving, sites safer, and structures built properly."
16291,Steamfitter,Steamfitter,Steamfitter,47-2152.00,"A Steamfitter installs, assembles, and repairs pipe systems that carry steam, hot water, gases, and other fluids in buildings and industrial sites. They read blueprints, cut and thread pipe, weld joints, fit valves, and test systems for leaks and pressure. Their work keeps heating, cooling, and production systems running safely and reliably."
16335,Sheet Metal Worker,Sheet Metal Worker,Sheet Metal Worker,47-2211.00,"A Sheet Metal Worker makes, installs, and repairs metal parts used in buildings and equipment. They measure and cut sheet metal, bend and shape it, and fasten ducts, vents, flashing, and panels using hand tools, power tools, and welding equipment. Their work helps heating, cooling, and building systems fit properly and keep running safely."
16336,Automotive Service Technician,Automotive Service Technician,Automotive Service Technician,49-3023.00,"An Automotive Service Technician inspects, maintains, and repairs cars, trucks, and other vehicles. They change oil, replace brakes, test batteries, use diagnostic tools to find problems, and fix engines, steering, suspension, and electrical systems. Their work keeps vehicles running properly, helps prevent breakdowns, and makes driving safer and more reliable."
16346,Biological Technician,Biological Technician,Biological Technician,19-4021.00,"A Biological Technician helps scientists study living things such as plants, animals, and microbes. They collect samples in the field or lab, prepare slides, run tests, record results, care for equipment, and keep detailed notes. Their work supports research, farming, medicine, and environmental monitoring that helps improve health, food production, and natural resource protection."
16353,Energy Efficiency Technician,Energy Efficiency Technician,Energy Efficiency Technician,47-4011.01,"An Energy Efficiency Technician checks homes, buildings, or equipment to find where energy is being wasted. They inspect insulation, lighting, heating and cooling systems, take measurements, run tests, and suggest or help install upgrades that use less power. Their work lowers energy costs, improves comfort, and keeps buildings running more efficiently."
16355,Junior Accountant,Junior Accountant,Junior Accountant,43-3031.00,"A Junior Accountant keeps track of a business’s day-to-day finances and helps prepare basic financial records. They enter invoices, record payments, check receipts, update spreadsheets, reconcile bank statements, and help with reports, budgets, and tax paperwork. Their work keeps money records accurate, bills and payroll on track, and businesses running smoothly."
16366,Sheet Metal Worker,Sheet Metal Worker,Sheet Metal Worker,47-2211.00,"A Sheet Metal Worker makes, installs, and repairs metal parts used in buildings and equipment. They measure and cut sheet metal, bend and shape it, and fasten ducts, vents, flashing, and panels using hand tools, power tools, and welding equipment. Their work helps heating, cooling, and building systems fit properly and keep running safely."
16399,Toolmaker,Toolmaker,Toolmaker,51-4111.00,"A Toolmaker makes and repairs the precise tools, dies, molds, and fixtures used in manufacturing. They read detailed drawings, cut and shape metal, operate machine tools, polish surfaces, and check measurements to tiny tolerances so parts fit exactly. Their work keeps factory machines running, products accurate, and production lines making reliable everyday goods."
16407,Wastewater Systems Operation Specialist,Wastewater Systems Operation Specialist,Wastewater Systems Operation Specialist,51-8031.00,"A Wastewater Systems Operation Specialist runs and monitors the equipment that cleans sewage and dirty water before it is released or reused. They check pumps, tanks, filters, and control panels, collect samples, adjust chemical levels, and fix basic problems. Their work keeps treatment systems running safely and protects public health, waterways, and the environment."
16418,Marketing Coordinator,Marketing Coordinator,Marketing Coordinator,13-1161.00,"A Marketing Coordinator helps plan and carry out a company’s marketing work. They write and schedule social media posts, update websites, help create ads and email campaigns, organize events, track results, and keep projects moving between designers, sales staff, and managers. Their work helps businesses reach customers, share clear information, and keep sales efforts organized."
16425,Plumber and Steamfitter,Plumber and Steamfitter,Plumber and Steamfitter,47-2152.00,"A Plumber and Steamfitter installs, repairs, and maintains pipes, fixtures, boilers, and heating or cooling systems in homes, buildings, and industrial sites. They cut and join pipe, test for leaks, fit valves and pumps, and connect water, gas, and steam lines. Their work keeps water flowing, heat working, and buildings safe and usable."
16431,Toolmaker,Toolmaker,Toolmaker,51-4111.00,"A Toolmaker makes and repairs the precise tools, dies, molds, and fixtures used in manufacturing. They read detailed drawings, cut and shape metal, operate machine tools, polish surfaces, and check measurements to tiny tolerances so parts fit exactly. Their work keeps factory machines running, products accurate, and production lines making reliable everyday goods."
16443,Skilled Construction Craft Laborer,Skilled Construction Craft Laborer,Skilled Construction Craft Laborer,47-2061.00,"A Skilled Construction Craft Laborer does hands-on work on building sites and supports many parts of a construction project. They load and move materials, dig and grade ground, use hand and power tools, help set forms, pour concrete, and clean work areas. Their work helps keep projects moving, sites safer, and structures built properly."
16496,Skilled Construction Craft Laborer,Skilled Construction Craft Laborer,Skilled Construction Craft Laborer,47-2061.00,"A Skilled Construction Craft Laborer does hands-on work on building sites and supports many parts of a construction project. They load and move materials, dig and grade ground, use hand and power tools, help set forms, pour concrete, and clean work areas. Their work helps keep projects moving, sites safer, and structures built properly."
16517,Sheet Metal Worker,Sheet Metal Worker,Sheet Metal Worker,47-2211.00,"A Sheet Metal Worker makes, installs, and repairs metal parts used in buildings and equipment. They measure and cut sheet metal, bend and shape it, and fasten ducts, vents, flashing, and panels using hand tools, power tools, and welding equipment. Their work helps heating, cooling, and building systems fit properly and keep running safely."
16544,Insulation and Asbestos Worker,Insulation and Asbestos Worker,Insulation and Asbestos Worker,47-2131.00,"An Insulation and Asbestos Worker installs and removes materials that cover pipes, ducts, boilers, walls, and ceilings. They measure, cut, fit, wrap, and fasten insulation, and in older buildings they seal off areas and safely remove asbestos-containing materials. Their work helps control heat and noise, save energy, and keep buildings safer for the people inside."
16553,Sheet Metal Worker,Sheet Metal Worker,Sheet Metal Worker,47-2211.00,"A Sheet Metal Worker makes, installs, and repairs metal parts used in buildings and equipment. They measure and cut sheet metal, bend and shape it, and fasten ducts, vents, flashing, and panels using hand tools, power tools, and welding equipment. Their work helps heating, cooling, and building systems fit properly and keep running safely."
16578,"Painter, Decorator & Paperhanger","Painter, Decorator, and Paperhanger","Painter, Decorator, and Paperhanger",47-2141.00,"A Painter, Decorator, and Paperhanger finishes and updates indoor and outdoor surfaces in homes, offices, and other buildings. They prepare walls and woodwork, scrape and sand old finishes, fill holes, apply paint or stain, and hang wallpaper neatly and straight. Their work protects surfaces from wear and moisture and makes rooms cleaner, brighter, and easier to maintain."
16619,Elevator/Escalator Constructor & Modernizer,Elevator/Escalator Constructor and Modernizer,Elevator/Escalator Constructor and Modernizer,47-4021.00,"An Elevator/Escalator Constructor and Modernizer installs, repairs, and updates elevators, escalators, and moving walkways in buildings. They assemble rails, cables, motors, doors, and control systems, test equipment, and replace worn parts during upgrades. Their work keeps people and goods moving safely, smoothly, and reliably through homes, offices, hospitals, and transit spaces."
16627,Project Manager,Project Manager,Project Manager,15-1299.09,"A Project Manager plans and leads a project from start to finish. They break the work into steps, set schedules and budgets, assign tasks, track progress, solve problems, and keep workers, clients, and suppliers informed through meetings, calls, and reports. Their work helps projects stay organized, on time, on budget, and running smoothly."
16648,Packer Mechanic,Packer Mechanic,Packer Mechanic,49-9041.00,"A Packer Mechanic installs, repairs, and maintains the machines that fill, wrap, label, and seal products in boxes, bags, or bottles. They adjust belts, gears, sensors, and moving parts, replace worn pieces, and test equipment to keep lines running smoothly. Their work keeps packaging systems reliable, products protected, and production moving safely."
16708,Small Gas Engine and Equipment Mechanic,Small Gas Engine and Equipment Mechanic,Small Gas Engine and Equipment Mechanic,49-3053.00,"A Small Gas Engine and Equipment Mechanic repairs and maintains machines powered by small gas engines, such as lawn mowers, snowblowers, chainsaws, generators, and similar equipment. They inspect parts, test engines, replace spark plugs and belts, clean fuel systems, and tune machines so they start and run properly. Their work keeps everyday tools and outdoor equipment working safely and reliably."
16757,Electrician,Electrician,Electrician,47-2111.00,"An Electrician installs, connects, tests, and repairs wiring, outlets, lights, circuit breakers, and electrical equipment in homes, buildings, and job sites. They read plans, run wire through walls and ceilings, use hand and power tools, and check that systems work safely. Their work keeps power flowing and buildings lit, working, and safer."
16813,"Painter, Decorator & Paperhanger","Painter, Decorator, and Paperhanger","Painter, Decorator, and Paperhanger",47-2141.00,"A Painter, Decorator, and Paperhanger finishes and updates indoor and outdoor surfaces in homes, offices, and other buildings. They prepare walls and woodwork, scrape and sand old finishes, fill holes, apply paint or stain, and hang wallpaper neatly and straight. Their work protects surfaces from wear and moisture and makes rooms cleaner, brighter, and easier to maintain."
16871,Electronics Mechanic (CNC Systems Maintenance),Electronics Mechanic (CNC Systems Maintenance),Electronics Mechanic (CNC Systems Maintenance),47-2111.00,"An Electronics Mechanic in CNC systems maintenance installs, tests, troubleshoots, and repairs the electronic controls, wiring, sensors, and circuit boards that run computer-controlled factory machines. They use meters, diagrams, and software to find faults, replace parts, and tune equipment. Their work keeps production machines running accurately, safely, and with less downtime."
16908,Skilled Construction Craft Laborer,Skilled Construction Craft Laborer,Skilled Construction Craft Laborer,47-2061.00,"A Skilled Construction Craft Laborer does hands-on work on building sites and supports many parts of a construction project. They load and move materials, dig and grade ground, use hand and power tools, help set forms, pour concrete, and clean work areas. Their work helps keep projects moving, sites safer, and structures built properly."
16947,Toolmaker,Toolmaker,Toolmaker,51-4111.00,"A Toolmaker makes and repairs the precise tools, dies, molds, and fixtures used in manufacturing. They read detailed drawings, cut and shape metal, operate machine tools, polish surfaces, and check measurements to tiny tolerances so parts fit exactly. Their work keeps factory machines running, products accurate, and production lines making reliable everyday goods."
16985,Plumber,Plumber,Plumber,47-2152.00,"A Plumber installs, repairs, and maintains the pipes, drains, fixtures, and appliances that carry water, gas, and waste in homes, businesses, and other buildings. They cut and join pipe, clear clogs, fix leaks, test systems, and fit sinks, toilets, tubs, and water heaters. Their work keeps water flowing, waste moving out, and buildings safe and working properly."
17076,Plumber,Plumber,Plumber,47-2152.00,"A Plumber installs, repairs, and maintains the pipes, drains, fixtures, and appliances that carry water, gas, and waste in homes, businesses, and other buildings. They cut and join pipe, clear clogs, fix leaks, test systems, and fit sinks, toilets, tubs, and water heaters. Their work keeps water flowing, waste moving out, and buildings safe and working properly."
17082,Plumber and Pipefitter,Plumber and Pipefitter,Plumber and Pipefitter,47-2152.00,"A Plumber and Pipefitter installs, repairs, and tests water, gas, heating, and cooling pipes in homes, buildings, and industrial sites. They cut and join pipe, fit valves and fixtures, read plans, and troubleshoot leaks or pressure problems using hand and power tools. Their work keeps water flowing, waste moving, and building systems running safely."
17109,Certified Nursing Assistant (CNA),Certified Nursing Assistant (CNA),Certified Nursing Assistant (CNA),31-1131.00,"A Certified Nursing Assistant helps care for patients in hospitals, nursing homes, and other care settings. They bathe, dress, lift, feed, and help people walk, take basic vital signs, change bedding, and report changes to nurses. Their work keeps patients clean, comfortable, and safer during daily care."
17115,Millwright,Millwright,Millwright,49-9044.00,"A Millwright installs, takes apart, repairs, and moves heavy industrial machines in places like factories, mills, and power plants. They use hoists, measuring tools, hand tools, and precision parts to line up equipment, replace worn pieces, and get machines running smoothly. Their work keeps production equipment working safely, accurately, and with less downtime."
17154,Operating Engineer (Grade and Paving Equipment),Operating Engineer (Grade and Paving Equipment),Operating Engineer (Grade and Paving Equipment),47-2073.00,"An Operating Engineer working with grading and paving equipment runs heavy machines that shape ground and lay road surfaces on construction sites. They steer graders, rollers, pavers, and loaders, spread gravel or asphalt, level slopes, and watch gauges and controls while working around crews. Their work helps build smooth roads, parking lots, and surfaces that stay safe and usable."
17168,Toolmaker,Toolmaker,Toolmaker,51-4111.00,"A Toolmaker makes and repairs the precise tools, dies, molds, and fixtures used in manufacturing. They read detailed drawings, cut and shape metal, operate machine tools, polish surfaces, and check measurements to tiny tolerances so parts fit exactly. Their work keeps factory machines running, products accurate, and production lines making reliable everyday goods."
17169,Human Resources Associate,Human Resources Associate,Human Resources Associate,43-4161.00,"A Human Resources Associate supports the people side of a workplace. They post job openings, review applications, schedule interviews, help new employees with hiring paperwork, update staff records, answer questions about policies and benefits, and assist with payroll or training tasks. Their work helps workplaces stay organized, staffed, and running smoothly for employees and managers."
17176,Machinist (CNC),Machinist (CNC),Machinist (CNC),51-4041.00,"A CNC Machinist makes precise metal or plastic parts using computer-controlled machine tools. They read blueprints, set up lathes and mills, load materials, choose cutting tools, monitor the machines, and measure finished pieces to make sure they match exact sizes. Their work builds and keeps running the parts used in vehicles, machines, and equipment."
17199,Electrician,Electrician,Electrician,47-2111.00,"An Electrician installs, connects, tests, and repairs wiring, outlets, lights, circuit breakers, and electrical equipment in homes, buildings, and job sites. They read plans, run wire through walls and ceilings, use hand and power tools, and check that systems work safely. Their work keeps power flowing and buildings lit, working, and safer."
17233,Childcare Assistant,Childcare Assistant,Childcare Assistant,39-9011.00,"A Childcare Assistant helps care for babies and young children in daycare centers, preschools, or other child care settings. They set up activities, serve snacks, help with dressing and toileting, supervise play, tidy rooms, and comfort children during the day. Their work keeps children safe, clean, active, and supported while families work or study."
17241,Plant Maintenance-Electrician,Plant Maintenance-Electrician,Plant Maintenance-Electrician,47-2111.00,"A Plant Maintenance-Electrician keeps a factory or industrial plant’s electrical systems working safely and reliably. They inspect wiring, motors, control panels, and machines, troubleshoot faults, replace damaged parts, and do routine repairs and testing. Their work keeps production equipment running, helps prevent breakdowns, and makes the plant safer for workers."
17297,Direct Support Professional,Direct Support Professional,Direct Support Professional,21-1093.00,"A Direct Support Professional helps people with disabilities or other support needs with daily life at home, at work, and in the community. They may help with meals, bathing, dressing, medicine reminders, rides, shopping, and simple paperwork while offering steady support and encouragement. Their work helps people stay safe, healthy, independent, and connected."
17307,Electrical (Outside) Line Worker,Electrical (Outside) Line Worker,Electrical (Outside) Line Worker,49-9051.00,"An outside Electrical Line Worker builds, repairs, and maintains overhead and underground power lines that carry electricity to homes and businesses. They climb poles, work from bucket trucks, replace wires, insulators, and transformers, and restore service after storms or outages. Their work keeps electrical systems running safely and power flowing where people need it."
17309,Plant Maintenance-Electrician,Plant Maintenance-Electrician,Plant Maintenance-Electrician,47-2111.00,"A Plant Maintenance-Electrician keeps a factory or industrial plant’s electrical systems working safely and reliably. They inspect wiring, motors, control panels, and machines, troubleshoot faults, replace damaged parts, and do routine repairs and testing. Their work keeps production equipment running, helps prevent breakdowns, and makes the plant safer for workers."
17324,CNC Tool And Cutter Grinder,CNC Tool And Cutter Grinder,CNC Tool And Cutter Grinder,51-4194.00,"A CNC Tool And Cutter Grinder sets up and runs computer-controlled machines that sharpen, shape, and finish metal cutting tools such as drill bits, end mills, and reamers. They load tools, enter machine settings, measure parts closely, and inspect edges for accuracy and wear. Their work keeps factory tools cutting cleanly, parts accurate, and machines running well."
17388,Moldmaker,Moldmaker,Moldmaker,51-4111.00,"A Moldmaker builds and repairs the metal molds used to shape plastic, rubber, or other materials into parts and products. They read blueprints, machine and polish metal pieces, fit parts together, test the mold, and make precise adjustments. Their work helps factories make consistent products and keeps production running smoothly."
17405,Plant Maintenance-Millwright,Plant Maintenance-Millwright,Plant Maintenance-Millwright,49-9044.00,"A Plant Maintenance-Millwright installs, moves, repairs, and maintains heavy machines in factories, mills, and processing plants. They line up motors and conveyor systems, replace worn parts, use precision tools, and troubleshoot breakdowns on the plant floor. Their work keeps production equipment running safely, reduces downtime, and helps plants keep making everyday goods."
17417,"Painter, Decorator & Paperhanger","Painter, Decorator, and Paperhanger","Painter, Decorator, and Paperhanger",47-2141.00,"A Painter, Decorator, and Paperhanger finishes and updates indoor and outdoor surfaces in homes, offices, and other buildings. They prepare walls and woodwork, scrape and sand old finishes, fill holes, apply paint or stain, and hang wallpaper neatly and straight. Their work protects surfaces from wear and moisture and makes rooms cleaner, brighter, and easier to maintain."
17438,Electrician,Electrician,Electrician,47-2111.00,"An Electrician installs, connects, tests, and repairs wiring, outlets, lights, circuit breakers, and electrical equipment in homes, buildings, and job sites. They read plans, run wire through walls and ceilings, use hand and power tools, and check that systems work safely. Their work keeps power flowing and buildings lit, working, and safer."
17467,Data Analyst,Data Analyst,Data Analyst,15-2031.00,"A Data Analyst collects, cleans, and studies data to find patterns, answer questions, and support decisions. They work with spreadsheets, databases, and charts to check numbers, spot trends, and turn raw information into clear reports or dashboards. Their work helps businesses and services run better, solve problems faster, and make smarter everyday choices."
17480,Iron Worker (Outside),Iron Worker (Outside),Iron Worker (Outside),47-2221.00,"An outside Iron Worker builds and repairs the steel frames and heavy metal parts of buildings, bridges, towers, and other large structures. They unload steel, line up beams, bolt and weld pieces together, and work high above the ground using cranes, lifts, and safety gear. Their work helps keep major structures strong, stable, and safe."
17535,"Linoleum, Resilient Tile and Carpet Layer","Linoleum, Resilient Tile, and Carpet Layer","Linoleum, Resilient Tile, and Carpet Layer",47-2042.00,"A Linoleum, Resilient Tile, and Carpet Layer installs floor coverings in homes, offices, schools, and stores. They measure rooms, prepare subfloors, cut and fit carpet, linoleum, and tile, spread adhesive, stretch carpet smooth, and trim edges neatly around walls and corners. Their work creates durable, safe, and comfortable floors that buildings use every day."
17606,Refrigeration and Air Conditioning Mechanic,Refrigeration and Air Conditioning Mechanic,Refrigeration and Air Conditioning Mechanic,49-9021.00,"A Refrigeration and Air Conditioning Mechanic installs, tests, repairs, and maintains cooling and climate control systems in homes, stores, offices, and factories. They connect pipes and wiring, check refrigerant levels, replace worn parts, and troubleshoot units that are not working properly. Their work keeps food cold, indoor air comfortable, and equipment running safely."
17666,Plumber,Plumber,Plumber,47-2152.00,"A Plumber installs, repairs, and maintains the pipes, drains, fixtures, and appliances that carry water, gas, and waste in homes, businesses, and other buildings. They cut and join pipe, clear clogs, fix leaks, test systems, and fit sinks, toilets, tubs, and water heaters. Their work keeps water flowing, waste moving out, and buildings safe and working properly."
17675,Electrician,Electrician,Electrician,47-2111.00,"An Electrician installs, connects, tests, and repairs wiring, outlets, lights, circuit breakers, and electrical equipment in homes, buildings, and job sites. They read plans, run wire through walls and ceilings, use hand and power tools, and check that systems work safely. Their work keeps power flowing and buildings lit, working, and safer."
17713,"Heating, Ventilation and Air Conditioning Mechanic","Heating, Ventilation, and Air Conditioning Mechanic","Heating, Ventilation, and Air Conditioning Mechanic",49-9021.00,"A Heating, Ventilation, and Air Conditioning Mechanic installs, repairs, and maintains furnaces, air conditioners, ventilation systems, and thermostats in homes and buildings. They connect pipes and wiring, test airflow and temperature, replace worn parts, and troubleshoot breakdowns using tools and meters. Their work keeps indoor spaces comfortable, equipment running, and air systems safe and efficient."
17722,Police Officer,Police Officer,Police Officer,33-3051.00,"A Police Officer enforces laws and responds to emergencies in the community. They patrol streets, stop suspicious activity, investigate crimes, interview people, write reports, direct traffic, and may make arrests. They spend time both out in public and at a desk handling paperwork. Their work helps keep people, property, and public spaces safer and orderly."
17734,Electrician,Electrician,Electrician,47-2111.00,"An Electrician installs, connects, tests, and repairs wiring, outlets, lights, circuit breakers, and electrical equipment in homes, buildings, and job sites. They read plans, run wire through walls and ceilings, use hand and power tools, and check that systems work safely. Their work keeps power flowing and buildings lit, working, and safer."
17744,Iron Worker (Outside),Iron Worker (Outside),Iron Worker (Outside),47-2221.00,"An outside Iron Worker builds and repairs the steel frames and heavy metal parts of buildings, bridges, towers, and other large structures. They unload steel, line up beams, bolt and weld pieces together, and work high above the ground using cranes, lifts, and safety gear. Their work helps keep major structures strong, stable, and safe."
17745,Electrician,Electrician,Electrician,47-2111.00,"An Electrician installs, connects, tests, and repairs wiring, outlets, lights, circuit breakers, and electrical equipment in homes, buildings, and job sites. They read plans, run wire through walls and ceilings, use hand and power tools, and check that systems work safely. Their work keeps power flowing and buildings lit, working, and safer."
17756,Skilled Construction Craft Laborer,Skilled Construction Craft Laborer,Skilled Construction Craft Laborer,47-2061.00,"A Skilled Construction Craft Laborer does hands-on work on building sites and supports many parts of a construction project. They load and move materials, dig and grade ground, use hand and power tools, help set forms, pour concrete, and clean work areas. Their work helps keep projects moving, sites safer, and structures built properly."
17781,Carpenter,Carpenter,Carpenter,47-2031.00,"A Carpenter builds, installs, and repairs wooden parts of buildings and other structures. They measure and cut lumber, frame walls, hang doors, fit cabinets, build stairs, and use hand and power tools on homes, shops, and job sites. Their work creates solid spaces, smooth finishes, and structures that stay safe and usable every day."
17791,Animal Handler,Animal Handler,Animal Handler,39-2021.00,"An Animal Handler cares for and controls animals in places like kennels, shelters, farms, zoos, or film sets. They feed, groom, exercise, clean enclosures, watch for signs of illness or stress, and safely move or restrain animals when needed. Their work keeps animals healthy, people safer, and animal spaces clean and running well."
17793,Machinist,Machinist,Machinist,51-4041.00,"A Machinist makes precise metal or plastic parts used in machines, tools, and equipment. They read blueprints, set up lathes, mills, grinders, and computer-controlled machines, then cut, drill, shape, and measure each piece to tight standards. Their work builds parts that fit properly and keeps vehicles, factories, and everyday equipment running safely."
17820,Plant Maintenance-Mechanic (4 Year),Plant Maintenance-Mechanic,Plant Maintenance-Mechanic,49-9071.00,"A Plant Maintenance-Mechanic keeps factory and plant equipment working properly. They inspect machines, take apart worn parts, replace belts, bearings, motors, or pumps, lubricate moving pieces, and use tools to fix breakdowns on the shop floor. Their work keeps production lines running, equipment in good condition, and workplaces safer."
17845,Water Systems Operation Specialist,Water Systems Operation Specialist,Water Systems Operation Specialist,51-8031.00,"A Water Systems Operation Specialist runs and monitors the equipment that treats, pumps, and moves drinking water through a community’s system. They check gauges, test water samples, adjust chemicals, inspect pipes and valves, and respond to leaks or equipment problems. Their work keeps water clean, flowing, and safe for homes, schools, and businesses."
17852,Metal Refinisher,Metal Refinisher,Metal Refinisher,51-9022.00,"A Metal Refinisher restores and improves the surface of metal parts and products. They clean off rust, old paint, or scratches, sand and polish surfaces, fill small flaws, and apply primers, coatings, or protective finishes using hand tools, spray equipment, and buffing machines. Their work helps metal items look better, last longer, and resist damage."
17861,Iron Worker (Outside),Iron Worker (Outside),Iron Worker (Outside),47-2221.00,"An outside Iron Worker builds and repairs the steel frames and heavy metal parts of buildings, bridges, towers, and other large structures. They unload steel, line up beams, bolt and weld pieces together, and work high above the ground using cranes, lifts, and safety gear. Their work helps keep major structures strong, stable, and safe."
17887,Plant Maintenance-Electrician,Plant Maintenance-Electrician,Plant Maintenance-Electrician,47-2111.00,"A Plant Maintenance-Electrician keeps a factory or industrial plant’s electrical systems working safely and reliably. They inspect wiring, motors, control panels, and machines, troubleshoot faults, replace damaged parts, and do routine repairs and testing. Their work keeps production equipment running, helps prevent breakdowns, and makes the plant safer for workers."
17927,Machine Repairer,Machine Repairer,Machine Repairer,51-4041.00,"A Machine Repairer fixes and maintains factory and industrial machines so they work properly. They inspect equipment, take apart worn or broken parts, replace belts, bearings, gears, or motors, and test machines after repairs. Their work keeps production lines running, prevents breakdowns, and helps equipment operate safely and reliably."
17928,"Linoleum, Resilient Tile and Carpet Layer","Linoleum, Resilient Tile, and Carpet Layer","Linoleum, Resilient Tile, and Carpet Layer",47-2042.00,"A Linoleum, Resilient Tile, and Carpet Layer installs floor coverings in homes, offices, schools, and stores. They measure rooms, prepare subfloors, cut and fit carpet, linoleum, and tile, spread adhesive, stretch carpet smooth, and trim edges neatly around walls and corners. Their work creates durable, safe, and comfortable floors that buildings use every day."
17931,Carpenter,Carpenter,Carpenter,47-2031.00,"A Carpenter builds, installs, and repairs wooden parts of buildings and other structures. They measure and cut lumber, frame walls, hang doors, fit cabinets, build stairs, and use hand and power tools on homes, shops, and job sites. Their work creates solid spaces, smooth finishes, and structures that stay safe and usable every day."
17956,Roofer,Roofer,Roofer,47-2181.00,"A Roofer builds, repairs, and replaces roofs on homes, shops, and other buildings. They tear off old shingles, lay underlayment, fasten shingles, tiles, or metal panels, seal flashing around vents and chimneys, and work high up in changing weather. Their work keeps buildings dry, insulated, and protected from leaks and damage."
18012,Glazier,Glazier,Glazier,47-2121.00,"A Glazier installs, replaces, and repairs glass in windows, doors, storefronts, skylights, and display cases. They measure openings, cut and fit glass, set panels into frames, seal edges, and sometimes handle mirrors or metal framing. Their work helps buildings stay weather-tight, bright, secure, and safe for everyday use."
18014,Plant Maintenance-Electrician,Plant Maintenance-Electrician,Plant Maintenance-Electrician,47-2111.00,"A Plant Maintenance-Electrician keeps a factory or industrial plant’s electrical systems working safely and reliably. They inspect wiring, motors, control panels, and machines, troubleshoot faults, replace damaged parts, and do routine repairs and testing. Their work keeps production equipment running, helps prevent breakdowns, and makes the plant safer for workers."
18094,Electrician,Electrician,Electrician,47-2111.00,"An Electrician installs, connects, tests, and repairs wiring, outlets, lights, circuit breakers, and electrical equipment in homes, buildings, and job sites. They read plans, run wire through walls and ceilings, use hand and power tools, and check that systems work safely. Their work keeps power flowing and buildings lit, working, and safer."
18099,Skilled Construction Craft Laborer,Skilled Construction Craft Laborer,Skilled Construction Craft Laborer,47-2061.00,"A Skilled Construction Craft Laborer does hands-on work on building sites and supports many parts of a construction project. They load and move materials, dig and grade ground, use hand and power tools, help set forms, pour concrete, and clean work areas. Their work helps keep projects moving, sites safer, and structures built properly."
18110,Precision Optics Manufacturing Technician,Precision Optics Manufacturing Technician,Precision Optics Manufacturing Technician,51-2099.00,"A Precision Optics Manufacturing Technician makes highly accurate glass or crystal parts used in devices like cameras, lasers, and medical tools. They cut, grind, polish, coat, and inspect lenses, mirrors, and prisms using specialized machines and measuring tools in clean work areas. Their work helps optical equipment stay precise, reliable, and safe to use."
18117,Electrician (Housewire or Residential),Electrician (Housewire or Residential),Electrician (Housewire or Residential),47-2111.00,"A residential Electrician installs, connects, tests, and repairs wiring, outlets, switches, breaker panels, and light fixtures in houses and apartments. They read plans, run cable through walls and ceilings, use hand and power tools, and check that electrical systems work properly and meet safety codes. Their work keeps homes powered, safe, and working reliably every day."
18158,Electrician,Electrician,Electrician,47-2111.00,"An Electrician installs, connects, tests, and repairs wiring, outlets, lights, circuit breakers, and electrical equipment in homes, buildings, and job sites. They read plans, run wire through walls and ceilings, use hand and power tools, and check that systems work safely. Their work keeps power flowing and buildings lit, working, and safer."
18179,Electrical (Outside) Line Worker,Electrical (Outside) Line Worker,Electrical (Outside) Line Worker,49-9051.00,"An outside Electrical Line Worker builds, repairs, and maintains overhead and underground power lines that carry electricity to homes and businesses. They climb poles, work from bucket trucks, replace wires, insulators, and transformers, and restore service after storms or outages. Their work keeps electrical systems running safely and power flowing where people need it."
18198,Sheet Metal Worker,Sheet Metal Worker,Sheet Metal Worker,47-2211.00,"A Sheet Metal Worker makes, installs, and repairs metal parts used in buildings and equipment. They measure and cut sheet metal, bend and shape it, and fasten ducts, vents, flashing, and panels using hand tools, power tools, and welding equipment. Their work helps heating, cooling, and building systems fit properly and keep running safely."
18201,Marketing Coordinator,Marketing Coordinator,Marketing Coordinator,13-1161.00,"A Marketing Coordinator helps plan and carry out a company’s marketing work. They write and schedule social media posts, update websites, help create ads and email campaigns, organize events, track results, and keep projects moving between designers, sales staff, and managers. Their work helps businesses reach customers, share clear information, and keep sales efforts organized."
18238,Operating Engineer (Grade and Paving Equipment),Operating Engineer (Grade and Paving Equipment),Operating Engineer (Grade and Paving Equipment),47-2073.00,"An Operating Engineer working with grading and paving equipment runs heavy machines that shape ground and lay road surfaces on construction sites. They steer graders, rollers, pavers, and loaders, spread gravel or asphalt, level slopes, and watch gauges and controls while working around crews. Their work helps build smooth roads, parking lots, and surfaces that stay safe and usable."
18249,Electrician,Electrician,Electrician,47-2111.00,"An Electrician installs, connects, tests, and repairs wiring, outlets, lights, circuit breakers, and electrical equipment in homes, buildings, and job sites. They read plans, run wire through walls and ceilings, use hand and power tools, and check that systems work safely. Their work keeps power flowing and buildings lit, working, and safer."
18271,Sheet Metal Worker,Sheet Metal Worker,Sheet Metal Worker,47-2211.00,"A Sheet Metal Worker makes, installs, and repairs metal parts used in buildings and equipment. They measure and cut sheet metal, bend and shape it, and fasten ducts, vents, flashing, and panels using hand tools, power tools, and welding equipment. Their work helps heating, cooling, and building systems fit properly and keep running safely."
18313,Stone Mason,Stone Mason,Stone Mason,47-2022.00,"A Stone Mason builds, repairs, and restores walls, floors, steps, fireplaces, monuments, and building fronts using stone, brick, and mortar. They measure and cut stone, spread mortar, set pieces in place, and shape surfaces with hand and power tools. Their work helps keep buildings, walkways, and structures strong, stable, and weather-resistant."
18334,Plant Maintenance-Electrician,Plant Maintenance-Electrician,Plant Maintenance-Electrician,47-2111.00,"A Plant Maintenance-Electrician keeps a factory or industrial plant’s electrical systems working safely and reliably. They inspect wiring, motors, control panels, and machines, troubleshoot faults, replace damaged parts, and do routine repairs and testing. Their work keeps production equipment running, helps prevent breakdowns, and makes the plant safer for workers."
18344,Bartender,Bartender,Bartender,35-3011.00,"A Bartender prepares and serves drinks in bars, restaurants, and other venues. They mix cocktails, pour beer and wine, take orders, check ID, handle payments, restock bottles and glassware, and keep the bar area clean and organized while talking with customers. Their work helps service run smoothly and keeps guests safe, served, and comfortable."
18372,Maintenance Machinist,Maintenance Machinist,Maintenance Machinist,51-4041.00,"A Maintenance Machinist keeps factory and plant equipment working by making, repairing, and fitting metal parts. They use lathes, milling machines, grinders, and measuring tools to rebuild worn pieces, line up machinery, and fix breakdowns on the shop floor. Their work keeps production equipment running safely, smoothly, and with less downtime."
18376,Machinist (CNC),Machinist (CNC),Machinist (CNC),51-4041.00,"A CNC Machinist makes precise metal or plastic parts using computer-controlled machine tools. They read blueprints, set up lathes and mills, load materials, choose cutting tools, monitor the machines, and measure finished pieces to make sure they match exact sizes. Their work builds and keeps running the parts used in vehicles, machines, and equipment."
18387,Skilled Construction Craft Laborer,Skilled Construction Craft Laborer,Skilled Construction Craft Laborer,47-2061.00,"A Skilled Construction Craft Laborer does hands-on work on building sites and supports many parts of a construction project. They load and move materials, dig and grade ground, use hand and power tools, help set forms, pour concrete, and clean work areas. Their work helps keep projects moving, sites safer, and structures built properly."
18417,Network Administrator,Network Administrator,Network Administrator,15-1244.00,"A Network Administrator manages the computer networks that keep an organization connected. They set up routers, switches, wireless systems, and servers, create user accounts, monitor traffic, fix connection problems, and install security updates. Their work keeps email, internet, shared files, and business systems running reliably and helps protect data and devices."
18480,Plumber,Plumber,Plumber,47-2152.00,"A Plumber installs, repairs, and maintains the pipes, drains, fixtures, and appliances that carry water, gas, and waste in homes, businesses, and other buildings. They cut and join pipe, clear clogs, fix leaks, test systems, and fit sinks, toilets, tubs, and water heaters. Their work keeps water flowing, waste moving out, and buildings safe and working properly."
18497,Computer Support Technician,Computer Support Technician,Computer Support Technician,15-1232.00,"A Computer Support Technician helps people and organizations fix everyday computer and technology problems. They set up computers, printers, and software, answer help requests, test equipment, troubleshoot slow or broken systems, and show users how to solve simple issues. Their work keeps computers, networks, and office systems running reliably and makes daily tasks easier."
18568,"Truck Driver, Heavy","Truck Driver, Heavy","Truck Driver, Heavy",53-3032.00,"A Truck Driver, Heavy drives large trucks that haul goods, materials, or equipment over short or long distances. They load and secure cargo, inspect the vehicle, plan routes, handle paperwork, and back into loading docks or work sites. Their work keeps deliveries moving, businesses supplied, and roads, job sites, and stores running."
18592,Electrician,Electrician,Electrician,47-2111.00,"An Electrician installs, connects, tests, and repairs wiring, outlets, lights, circuit breakers, and electrical equipment in homes, buildings, and job sites. They read plans, run wire through walls and ceilings, use hand and power tools, and check that systems work safely. Their work keeps power flowing and buildings lit, working, and safer."
18616,Diesel Engine Mechanic,Diesel Engine Mechanic,Diesel Engine Mechanic,49-3031.00,"A Diesel Engine Mechanic repairs and maintains diesel-powered engines in trucks, buses, heavy equipment, and other machines. They inspect parts, run tests, change filters and fluids, replace worn components, and use tools and diagnostic equipment to fix problems. Their work keeps vehicles and equipment running safely, reliably, and with less downtime."
18620,Operating Engineer (Heavy Equipment),Operating Engineer (Heavy Equipment),Operating Engineer (Heavy Equipment),47-2073.00,"An Operating Engineer works with heavy equipment on construction sites and other outdoor job sites. They drive, steer, and control bulldozers, excavators, loaders, graders, and rollers to dig, lift, move, level, and spread earth, rock, and materials. Their work helps build roads, foundations, and utility systems, and keeps projects moving safely."
18635,Glazier,Glazier,Glazier,47-2121.00,"A Glazier installs, replaces, and repairs glass in windows, doors, storefronts, skylights, and display cases. They measure openings, cut and fit glass, set panels into frames, seal edges, and sometimes handle mirrors or metal framing. Their work helps buildings stay weather-tight, bright, secure, and safe for everyday use."
18640,Electrician,Electrician,Electrician,47-2111.00,"An Electrician installs, connects, tests, and repairs wiring, outlets, lights, circuit breakers, and electrical equipment in homes, buildings, and job sites. They read plans, run wire through walls and ceilings, use hand and power tools, and check that systems work safely. Their work keeps power flowing and buildings lit, working, and safer."
18679,Bricklayer Mason and Plasterer,Bricklayer Mason and Plasterer,Bricklayer Mason and Plasterer,47-2021.00,"A Bricklayer Mason and Plasterer builds and repairs walls, fireplaces, and other structures using brick, block, stone, mortar, and plaster. They spread mortar, lay materials in straight lines, smooth and coat surfaces, and patch cracks or damage on indoor and outdoor walls. Their work builds strong surfaces and helps keep buildings sturdy, sealed, and looking finished."
18701,Skilled Construction Craft Laborer,Skilled Construction Craft Laborer,Skilled Construction Craft Laborer,47-2061.00,"A Skilled Construction Craft Laborer does hands-on work on building sites and supports many parts of a construction project. They load and move materials, dig and grade ground, use hand and power tools, help set forms, pour concrete, and clean work areas. Their work helps keep projects moving, sites safer, and structures built properly."
18710,Quality Assurance Auditor,Quality Assurance Auditor,Quality Assurance Auditor,19-4099.01,"A Quality Assurance Auditor checks whether a company’s products, services, or work processes meet set standards and rules. They review records, inspect work areas, watch how tasks are done, and talk with staff to spot mistakes, risks, or weak points. Their work helps keep products reliable, workplaces organized, and systems running safely and correctly."
18721,Quality Assurance Auditor,Quality Assurance Auditor,Quality Assurance Auditor,19-4099.01,"A Quality Assurance Auditor checks whether a company’s products, services, or work processes meet set standards and rules. They review records, inspect work areas, watch how tasks are done, and talk with staff to spot mistakes, risks, or weak points. Their work helps keep products reliable, workplaces organized, and systems running safely and correctly."
18743,Plumber,Plumber,Plumber,47-2152.00,"A Plumber installs, repairs, and maintains the pipes, drains, fixtures, and appliances that carry water, gas, and waste in homes, businesses, and other buildings. They cut and join pipe, clear clogs, fix leaks, test systems, and fit sinks, toilets, tubs, and water heaters. Their work keeps water flowing, waste moving out, and buildings safe and working properly."
18789,"Painter, Decorator & Paperhanger","Painter, Decorator, and Paperhanger","Painter, Decorator, and Paperhanger",47-2141.00,"A Painter, Decorator, and Paperhanger finishes and updates indoor and outdoor surfaces in homes, offices, and other buildings. They prepare walls and woodwork, scrape and sand old finishes, fill holes, apply paint or stain, and hang wallpaper neatly and straight. Their work protects surfaces from wear and moisture and makes rooms cleaner, brighter, and easier to maintain."
18805,Machinist (CNC),Machinist (CNC),Machinist (CNC),51-4041.00,"A CNC Machinist makes precise metal or plastic parts using computer-controlled machine tools. They read blueprints, set up lathes and mills, load materials, choose cutting tools, monitor the machines, and measure finished pieces to make sure they match exact sizes. Their work builds and keeps running the parts used in vehicles, machines, and equipment."
18807,Direct Support Professional,Direct Support Professional,Direct Support Professional,21-1093.00,"A Direct Support Professional helps people with disabilities or other support needs with daily life at home, at work, and in the community. They may help with meals, bathing, dressing, medicine reminders, rides, shopping, and simple paperwork while offering steady support and encouragement. Their work helps people stay safe, healthy, independent, and connected."
18885,Plant Maintenance-Mechanic (4 Year),Plant Maintenance-Mechanic,Plant Maintenance-Mechanic,49-9071.00,"A Plant Maintenance-Mechanic keeps factory and plant equipment working properly. They inspect machines, take apart worn parts, replace belts, bearings, motors, or pumps, lubricate moving pieces, and use tools to fix breakdowns on the shop floor. Their work keeps production lines running, equipment in good condition, and workplaces safer."
18887,Technical Sales Representative,Technical Sales Representative,Technical Sales Representative,41-4011.00,"A Technical Sales Representative sells specialized products or equipment by explaining how they work and how they meet a customer’s needs. They visit clients, demonstrate products, answer technical questions, prepare quotes, and work with suppliers or engineers to solve problems. Their work helps businesses choose, install, and keep the right tools and systems running."
18925,Skilled Construction Craft Laborer,Skilled Construction Craft Laborer,Skilled Construction Craft Laborer,47-2061.00,"A Skilled Construction Craft Laborer does hands-on work on building sites and supports many parts of a construction project. They load and move materials, dig and grade ground, use hand and power tools, help set forms, pour concrete, and clean work areas. Their work helps keep projects moving, sites safer, and structures built properly."
18931,Machinist (CNC),Machinist (CNC),Machinist (CNC),51-4041.00,"A CNC Machinist makes precise metal or plastic parts using computer-controlled machine tools. They read blueprints, set up lathes and mills, load materials, choose cutting tools, monitor the machines, and measure finished pieces to make sure they match exact sizes. Their work builds and keeps running the parts used in vehicles, machines, and equipment."
18957,Electrical (Outside) Line Worker,Electrical (Outside) Line Worker,Electrical (Outside) Line Worker,49-9051.00,"An outside Electrical Line Worker builds, repairs, and maintains overhead and underground power lines that carry electricity to homes and businesses. They climb poles, work from bucket trucks, replace wires, insulators, and transformers, and restore service after storms or outages. Their work keeps electrical systems running safely and power flowing where people need it."
18964,Plant Maintenance-Pipefitter,Plant Maintenance-Pipefitter,Plant Maintenance-Pipefitter,47-2152.00,"A Plant Maintenance-Pipefitter installs, repairs, and replaces the pipes, valves, pumps, and fittings that carry water, steam, air, gas, and chemicals through a plant. They measure and cut pipe, weld or bolt sections together, fix leaks, and test systems during shutdowns and daily maintenance. Their work keeps industrial equipment running safely and reliably."
38009,Fire Fighter-EMT,Fire Fighter-EMT,Fire Fighter-EMT,33-2011.00,"A Fire Fighter-EMT responds to fires, crashes, medical emergencies, and other urgent calls. They drive or ride in emergency vehicles, put out fires, use hoses and tools, enter smoky buildings, give first aid, perform CPR, and help move injured people to ambulances. Their work protects lives, property, and public safety every day."
38010,Plumber,Plumber,Plumber,47-2152.00,"A Plumber installs, repairs, and maintains the pipes, drains, fixtures, and appliances that carry water, gas, and waste in homes, businesses, and other buildings. They cut and join pipe, clear clogs, fix leaks, test systems, and fit sinks, toilets, tubs, and water heaters. Their work keeps water flowing, waste moving out, and buildings safe and working properly."
38011,"Heating, Ventilation and Air Conditioning Mechanic","Heating, Ventilation, and Air Conditioning Mechanic","Heating, Ventilation, and Air Conditioning Mechanic",49-9021.00,"A Heating, Ventilation, and Air Conditioning Mechanic installs, repairs, and maintains furnaces, air conditioners, ventilation systems, and thermostats in homes and buildings. They connect pipes and wiring, test airflow and temperature, replace worn parts, and troubleshoot breakdowns using tools and meters. Their work keeps indoor spaces comfortable, equipment running, and air systems safe and efficient."
82452,"Tile, Marble and Terrazzo Finisher","Tile, Marble, and Terrazzo Finisher","Tile, Marble, and Terrazzo Finisher",47-3011.00,"A Tile, Marble, and Terrazzo Finisher prepares and smooths surfaces for floors, walls, countertops, and other finishes. They spread cement or mastic, patch holes, level bases, polish edges, grind rough spots, and clean finished areas so tile, marble, or terrazzo can be set properly. Their work helps surfaces stay even, durable, attractive, and safe to use."
82453,Electrician (Housewire or Residential),Electrician (Housewire or Residential),Electrician (Housewire or Residential),47-2111.00,"A residential Electrician installs, connects, tests, and repairs wiring, outlets, switches, breaker panels, and light fixtures in houses and apartments. They read plans, run cable through walls and ceilings, use hand and power tools, and check that electrical systems work properly and meet safety codes. Their work keeps homes powered, safe, and working reliably every day."
82454,Automotive Service Technician,Automotive Service Technician,Automotive Service Technician,49-3023.00,"An Automotive Service Technician inspects, maintains, and repairs cars, trucks, and other vehicles. They change oil, replace brakes, test batteries, use diagnostic tools to find problems, and fix engines, steering, suspension, and electrical systems. Their work keeps vehicles running properly, helps prevent breakdowns, and makes driving safer and more reliable."
104675,Narrow Web Flexographic Press Operator,Narrow Web Flexographic Press Operator,Narrow Web Flexographic Press Operator,51-5112.00,"A Narrow Web Flexographic Press Operator runs printing presses that print labels, tags, and packaging on narrow rolls of paper, plastic, or foil. They set up plates, inks, and rollers, watch color and print quality, adjust the machine as it runs, and clean and maintain it. Their work helps products stay labeled, packaged, and easy to track."
104676,Care Coordinator,Care Coordinator,Care Coordinator,29-2099.08,"A Care Coordinator helps people get the health and support services they need. They talk with patients, families, doctors, and service providers, book appointments, track care plans, arrange referrals, and help solve problems with medications, transport, or paperwork. Their work keeps care organized, helps people follow treatment, and makes services easier to use."
104677,Plant Maintenance-Mechanic (3 Year),Plant Maintenance-Mechanic,Plant Maintenance-Mechanic,49-9071.00,"A Plant Maintenance-Mechanic keeps factory and plant equipment working properly. They inspect machines, take apart worn parts, replace belts, bearings, motors, or pumps, lubricate moving pieces, and use tools to fix breakdowns on the shop floor. Their work keeps production lines running, equipment in good condition, and workplaces safer."
104678,Alcoholism and Substance Abuse Counselor Aide,Alcoholism and Substance Abuse Counselor Aide,Alcoholism and Substance Abuse Counselor Aide,21-1093.00,"An Alcoholism and Substance Abuse Counselor Aide supports treatment staff who help people dealing with alcohol or drug use problems. They greet clients, prepare rooms, set up forms, keep records organized, schedule appointments, monitor waiting areas, and help with daily program tasks. Their work keeps treatment services organized, safe, and easier for clients to use."
127654,Chemical Laboratory Technician,Chemical Laboratory Technician,Chemical Laboratory Technician,19-4031.00,"A Chemical Laboratory Technician works in a lab testing and analyzing chemicals, materials, or samples. They prepare solutions, measure and mix substances, run instruments, record results, and clean and maintain lab equipment while following strict safety rules. Their work helps keep products consistent, processes under control, and workplaces and the environment safer."
127655,Machine Repairer,Machine Repairer,Machine Repairer,51-4041.00,"A Machine Repairer fixes and maintains factory and industrial machines so they work properly. They inspect equipment, take apart worn or broken parts, replace belts, bearings, gears, or motors, and test machines after repairs. Their work keeps production lines running, prevents breakdowns, and helps equipment operate safely and reliably."
127656,Childcare Assistant,Childcare Assistant,Childcare Assistant,39-9011.00,"A Childcare Assistant helps care for babies and young children in daycare centers, preschools, or other child care settings. They set up activities, serve snacks, help with dressing and toileting, supervise play, tidy rooms, and comfort children during the day. Their work keeps children safe, clean, active, and supported while families work or study."
127657,Teacher Assistant,Teacher Assistant,Teacher Assistant,25-9042.00,"A Teacher Assistant supports a classroom teacher and helps students with daily learning activities. They set up materials, supervise small groups, explain instructions, help children stay focused, and assist with meals, recess, or cleanup. Their work helps classrooms run smoothly, supports student learning, and keeps the school day organized and safe."
127658,Childcare Program Administrator/Director,Childcare Program Administrator/Director,Childcare Program Administrator/Director,11-9031.00,"A Childcare Program Administrator/Director runs a daycare center, preschool, or after-school program. They hire and guide staff, set schedules, manage budgets and records, meet with families, and make sure classrooms follow safety rules and learning plans. Their work keeps programs organized, children cared for, and daily routines safe, reliable, and supportive for working families."
127659,Teacher,Teacher,Teacher,25-2021.00,"A Teacher plans lessons and helps students learn subjects like reading, math, science, or history. They explain ideas, lead class activities, answer questions, give assignments, and check progress through tests and daily work. Their work builds knowledge, skills, and good habits that help students succeed in school and everyday life."
127660,Plant Maintenance-Pipefitter,Plant Maintenance-Pipefitter,Plant Maintenance-Pipefitter,47-2152.00,"A Plant Maintenance-Pipefitter installs, repairs, and replaces the pipes, valves, pumps, and fittings that carry water, steam, air, gas, and chemicals through a plant. They measure and cut pipe, weld or bolt sections together, fix leaks, and test systems during shutdowns and daily maintenance. Their work keeps industrial equipment running safely and reliably."
149881,Plant Maintenance-Millwright,Plant Maintenance-Millwright,Plant Maintenance-Millwright,49-9044.00,"A Plant Maintenance-Millwright installs, moves, repairs, and maintains heavy machines in factories, mills, and processing plants. They line up motors and conveyor systems, replace worn parts, use precision tools, and troubleshoot breakdowns on the plant floor. Their work keeps production equipment running safely, reduces downtime, and helps plants keep making everyday goods."
149882,"Painter, Decorator & Paperhanger","Painter, Decorator, and Paperhanger","Painter, Decorator, and Paperhanger",47-2141.00,"A Painter, Decorator, and Paperhanger finishes and updates indoor and outdoor surfaces in homes, offices, and other buildings. They prepare walls and woodwork, scrape and sand old finishes, fill holes, apply paint or stain, and hang wallpaper neatly and straight. Their work protects surfaces from wear and moisture and makes rooms cleaner, brighter, and easier to maintain."
149883,Electro-Mechanical Technician,Electro-Mechanical Technician,Electro-Mechanical Technician,17-3024.00,"An Electro-Mechanical Technician installs, tests, repairs, and maintains machines that use both electrical and mechanical parts. They trace wiring, replace sensors and motors, adjust moving parts, read diagrams, and use meters and hand tools to find problems on factory equipment or automated systems. Their work keeps machines running safely, accurately, and with less downtime."
149884,Skilled Construction Craft Laborer,Skilled Construction Craft Laborer,Skilled Construction Craft Laborer,47-2061.00,"A Skilled Construction Craft Laborer does hands-on work on building sites and supports many parts of a construction project. They load and move materials, dig and grade ground, use hand and power tools, help set forms, pour concrete, and clean work areas. Their work helps keep projects moving, sites safer, and structures built properly."
149885,Industrial Sewing Machine Operator,Industrial Sewing Machine Operator,Industrial Sewing Machine Operator,51-6031.00,"An Industrial Sewing Machine Operator uses heavy-duty sewing machines to make or repair products like clothing, furniture covers, bags, or other fabric and vinyl items. They feed material through the machine, stitch seams, attach parts like zippers or trim, trim loose threads, and check for defects. Their work helps make everyday products fit, last, and work properly."
149886,Carpenter,Carpenter,Carpenter,47-2031.00,"A Carpenter builds, installs, and repairs wooden parts of buildings and other structures. They measure and cut lumber, frame walls, hang doors, fit cabinets, build stairs, and use hand and power tools on homes, shops, and job sites. Their work creates solid spaces, smooth finishes, and structures that stay safe and usable every day."
149887,Elevator/Escalator Constructor & Modernizer,Elevator/Escalator Constructor and Modernizer,Elevator/Escalator Constructor and Modernizer,47-4021.00,"An Elevator/Escalator Constructor and Modernizer installs, repairs, and updates elevators, escalators, and moving walkways in buildings. They assemble rails, cables, motors, doors, and control systems, test equipment, and replace worn parts during upgrades. Their work keeps people and goods moving safely, smoothly, and reliably through homes, offices, hospitals, and transit spaces."
149888,Childcare Assistant,Childcare Assistant,Childcare Assistant,39-9011.00,"A Childcare Assistant helps care for babies and young children in daycare centers, preschools, or other child care settings. They set up activities, serve snacks, help with dressing and toileting, supervise play, tidy rooms, and comfort children during the day. Their work keeps children safe, clean, active, and supported while families work or study."
194329,Plumber,Plumber,Plumber,47-2152.00,"A Plumber installs, repairs, and maintains the pipes, drains, fixtures, and appliances that carry water, gas, and waste in homes, businesses, and other buildings. They cut and join pipe, clear clogs, fix leaks, test systems, and fit sinks, toilets, tubs, and water heaters. Their work keeps water flowing, waste moving out, and buildings safe and working properly."
194330,Carpenter,Carpenter,Carpenter,47-2031.00,"A Carpenter builds, installs, and repairs wooden parts of buildings and other structures. They measure and cut lumber, frame walls, hang doors, fit cabinets, build stairs, and use hand and power tools on homes, shops, and job sites. Their work creates solid spaces, smooth finishes, and structures that stay safe and usable every day."
194331,Fire Fighter-EMT,Fire Fighter-EMT,Fire Fighter-EMT,33-2011.00,"A Fire Fighter-EMT responds to fires, crashes, medical emergencies, and other urgent calls. They drive or ride in emergency vehicles, put out fires, use hoses and tools, enter smoky buildings, give first aid, perform CPR, and help move injured people to ambulances. Their work protects lives, property, and public safety every day."
194332,Chemical Laboratory Technician,Chemical Laboratory Technician,Chemical Laboratory Technician,19-4031.00,"A Chemical Laboratory Technician works in a lab testing and analyzing chemicals, materials, or samples. They prepare solutions, measure and mix substances, run instruments, record results, and clean and maintain lab equipment while following strict safety rules. Their work helps keep products consistent, processes under control, and workplaces and the environment safer."
