PROGRAM_AK,SPONSOR_NAME,TRADE_NAME,ADDRESS_LINE1,ADDRESS_LINE2,ADDRESS_CITY,ADDRESS_STATE,ADDRESS_POSTAL_CODE,SPONSOR_REDC_REGION,PROGRAM_STATUS,PROGRAM_APPROVAL_DATE,PROGRAM_GROUP_TYPE,PROGRAM_APPROACH,PROGRAM_LENGTH,RATIO,ONET_SOC_CODE,ONET_TITLE
1518,Strategic Global Aviation Llc,Aircraft Refinishing Paint Technician,394 Hangar Road,,Rome,NY,13441,Mohawk Valley,Probation,2021-12-28,Individual - Non Joint,Hybrid,,"1:1,1:1",49-3011.00,Aircraft Mechanics and Service Technicians
2113,City Mission Of Schenectady,Alcoholism and Substance Abuse Counselor Aide,425 Hamilton St,,Schenectady,NY,12305,Capital,Probation,2023-04-27,Individual - Non Joint,Time,12,"1:1,1:1",21-1093.00,Social and Human Service Assistants
2570,"Helio Health, Inc",Alcoholism and Substance Abuse Counselor Aide,518 James Street,,Syracuse,NY,13203,Central,Probation,2025-02-04,Individual - Non Joint,Time,12,"1:1,1:1",21-1093.00,Social and Human Service Assistants
8123,Outreach Development Corporation,Alcoholism and Substance Abuse Counselor Aide,11711 Myrtle Avenue,,Richmond Hill,NY,11418,New York City,Probation,2024-11-13,Individual - Non Joint,Time,12,"1:1,1:1",21-1093.00,Social and Human Service Assistants
17791,Nys Doccs,Animal Handler,825 Central Avenue,,Albany,NY,12226,Capital,Probation,2025-06-09,Individual - Non Joint,Time,12,"1:1,1:1",39-2021.00,Animal Caretakers
12883,Phillips Auctioneers Dba Phillips,Art Operations Associate,432 Park Avenue,,New York,NY,10022,New York City,Active,2023-06-08,Individual - Non Joint,Time,12,"1:1,1:1",41-9099.00,"Sales and Related Workers, All Other"
7580,"B&B of OGD, LLC dba Bill Rapp Chevrolet of Ogdensburg",Automotive Service Technician,4835 State Highway 68,,Ogdensburg,NY,13669,North Country,Probation,2025-11-13,Individual - Non Joint,Time,48,"1:1,1:1",49-3023.01,Automotive Master Mechanics
16336,"State Wide Autos, Llc",Automotive Service Technician,259 Oriskany Blvd,,Whitesboro,NY,13492,Mohawk Valley,Active,2024-04-05,Individual - Non Joint,Time,48,"1:1,1:1",49-3023.01,Automotive Master Mechanics
18344,Hilton Garden Inn,Bartender,1290 Arsenal St Suite 8,,Watertown,NY,13601,North Country,Probation,2025-10-07,Individual - Non Joint,Time,12,"1:1,1:1",35-3011.00,Bartenders
7572,Mvhs Inc,Behavior Technician,111 Hospital Drive,,Utica,NY,13502,Mohawk Valley,Probation,2025-03-20,Individual - Non Joint,Time,12,"1:1,1:1",29-2053.00,Psychiatric Technicians
4653,"The Inspired Community Project, Inc.",Behavior Technician,1864 7Th Avenue,,New York,NY,10026,New York City,Probation,2024-03-14,Individual - Non Joint,Time,12,"1:1,1:1",29-2053.00,Psychiatric Technicians
13168,Tiffany And Company,Bench Jeweler (Production),200 Fifth Ave,,New York,NY,10010,New York City,Active,2022-08-11,Individual - Non Joint,Time,24,"1:1,1:1",51-9071.00,Jewelers and Precious Stone and Metal Workers
16346,Mvhs Inc,Biological Technician,111 Hospital Drive,,Utica,NY,13502,Mohawk Valley,Probation,2025-03-20,Individual - Non Joint,Time,26,"1:1,1:1",19-4021.10,Biological Technicians
15121,"Boilermakers Northeastern Jac  Local #5, Zone 5",Boilermaker (Construction),24 Van Siclen Avenue,,Floral Park,NY,11001,Long Island,Active,1979-05-10,Group - Joint,Time,48,"1:1,1:4",47-2011.00,Boilermakers
2412,"Boilermakers Northeastern Jac Local #5, Zone 175",Boilermaker (Construction),131 W 2Nd Street,,Oswego,NY,13126,Central,Active,1990-03-19,Group - Joint,Time,48,"1:1,1:4",47-2011.00,Boilermakers
20,"Boilermakers Northeastern Jac Local #5, Zone 197",Boilermaker (Construction),75 South Dove Street,,Albany,NY,12202,Capital,Active,1990-09-24,Group - Joint,Time,48,"1:1,1:4",47-2011.00,Boilermakers
15531,"Boilermakers Northeastern Jac Local #5, Zone 7",Boilermaker (Construction),5745 Big Tree Road (Rt. 20A),,Orchard Park,NY,14127,Western New York,Active,1993-07-16,Group - Joint,Time,48,"1:1,1:4",47-2011.00,Boilermakers
4017,Bricklayers And Allied Craftworkers Local 1 Ny Hudson Valley,Bricklayer Mason and Plasterer,1 Scobie Drive,,Newburgh,NY,12550,Mid-Hudson,Active,2001-10-17,Group - Joint,Time,48,"1:1,1:4",47-2021.00,Brickmasons and Blockmasons
8738,Bricklayers And Allied Craftworkers Lu #2 (Oswego),Bricklayer Mason and Plasterer,302 Centre Drive,,Albany,NY,12203,Capital,Active,1989-01-01,Group - Joint,Time,36,"1:1,1:4",47-2021.00,Brickmasons and Blockmasons
5430,Bricklayers And Allied Craftworkers Lu #2 (Utica),Bricklayer Mason and Plasterer,302 Centre Drive,,Albany,NY,12203,Capital,Active,2007-07-03,Group - Joint,Time,40,"1:1,1:4",47-2021.00,Brickmasons and Blockmasons
18679,Bricklayers-Allied Craftworkers  Lu #2 (Albany),Bricklayer Mason and Plasterer,7705 Maltlage  Dr,,Liverpool,NY,13090,Capital,Active,1994-04-11,Group - Joint,Time,48,"1:1,1:4",47-2021.00,Brickmasons and Blockmasons
12605,Bricklayers-Allied Craftworkers Lu#2(Ogdensburg),Bricklayer Mason and Plasterer,7705 Maltlage Drive,,Liverpool,NY,13090,Central,Active,1997-02-10,Group - Joint,Time,40,"1:1,1:4",47-2021.00,Brickmasons and Blockmasons
10372,"Bricklayers-Allied Craftworkers, Lu#2 (Syracuse)",Bricklayer Mason and Plasterer,7705 Maltlage Road,,Liverpool,NY,13090,Central,Active,1992-11-01,Group - Joint,Time,40,"1:1,1:4",47-2021.00,Brickmasons and Blockmasons
2659,International Union Of Bricklayers And Allied,Bricklayer Mason and Plasterer,4 Railroad St,,Whitney Point,NY,13862,Southern Tier,Active,1990-06-01,Group - Joint,Time,48,"1:1,1:4",47-2021.00,Brickmasons and Blockmasons
13743,Bac Lu#3 Jatc (Rochester),"Bricklayer, Mason",33 Saginaw Dr,,Rochester,NY,14623,Finger Lakes,Active,1989-10-11,Group - Joint,Time,48,"1:1,1:4",47-2021.00,Brickmasons and Blockmasons
10353,Bast Hatfield Construction Llc,"Bricklayer, Mason",1399 Crescent Vischer Ferry Road,,Clifton Park,NY,12065,Capital,Active,1990-12-03,Individual - Non Joint,Time,36,"1:1,1:4",47-2021.00,Brickmasons and Blockmasons
10701,Bricklayers & Allied Craftworkers Joint Apprenticeship Training,"Bricklayer, Mason",12-07 44Th Avenue,,Long Island City,NY,11101,New York City,Active,1979-08-01,Group - Joint,Time,36,"1:1,1:4",47-2021.00,Brickmasons and Blockmasons
16107,"Bricklayers-Allied Crftwrkrs #3,Niagfalls/Buffjatc","Bricklayer, Mason",1175 William Street,,Buffalo,NY,14206,Western New York,Active,1990-07-30,Group - Joint,Time,48,"1:1,1:4",47-2021.00,Brickmasons and Blockmasons
12180,"F.G. Rayburn Mason Contractors, Inc.","Bricklayer, Mason",3791 Routes 5 And 20,,Canandaigua,NY,14424,Finger Lakes,Active,2007-03-16,Individual - Non Joint,Time,36,"1:1,1:4",47-2021.00,Brickmasons and Blockmasons
14651,Nys Doccs,"Bricklayer, Mason",825 Central Avenue,,Albany,NY,12226,Capital,Active,2009-07-20,Individual - Non Joint,Time,36,"1:1,1:4",47-2021.00,Brickmasons and Blockmasons
1789,"Structural Preservation Systems, Llc","Bricklayer, Mason",35-21 Vernon Blvd,,Long Island City,NY,11106,New York City,Active,2011-01-27,Individual - Non Joint,Time,36,"1:1,1:4",47-2021.00,Brickmasons and Blockmasons
9576,Corning Museum Of Glass,Building Maintenance Mechanic,1 Museum Way,,Corning,NY,14830,Southern Tier,Probation,2025-05-08,Individual - Non Joint,Time,24,"1:1,1:1",49-9071.00,"Maintenance and Repair Workers, General"
1569,Mvhs Inc,Building Maintenance Mechanic,111 Hospital Drive,,Utica,NY,13502,Mohawk Valley,Probation,2025-03-20,Individual - Non Joint,Time,24,"1:1,1:1",49-9071.00,"Maintenance and Repair Workers, General"
14478,Nys Doccs,Building Maintenance Mechanic,825 Central Avenue,,Albany,NY,12226,Capital,Active,2002-01-11,Individual - Non Joint,Time,24,"1:1,1:1",49-9071.00,"Maintenance and Repair Workers, General"
8516,"Rtma, The Rochester Technology And Manufacturing Association",Building Maintenance Mechanic,2024 W. Henrietta Road Ste 3J,,Rochester,NY,14623,Finger Lakes,Program Inactive,2021-09-08,Group - Non Joint,Time,24,"1:1,1:1",49-9071.00,"Maintenance and Repair Workers, General"
7658,Square One Coating Systems,Building Maintenance Mechanic,170 Base Road,,Oriskany,NY,13424,Mohawk Valley,Probation,2024-01-30,Individual - Non Joint,Time,24,"1:1,1:1",49-9071.00,"Maintenance and Repair Workers, General"
2082,"The Utica Center For Development, Inc",Building Maintenance Mechanic,726 Washington St,,Utica,NY,13502,Mohawk Valley,Probation,2024-12-23,Individual - Non Joint,Time,24,"1:1,1:1",49-9071.00,"Maintenance and Repair Workers, General"
8825,"Niagara Frontier Transit Metro System, Inc dba NFTA Metro",Bus Mechanic,181 Ellicott Street,,Buffalo,NY,14203,Western New York,Probation,2025-09-04,Individual - Non Joint,Time,36,"1:1,1:1",49-3031.00,Bus and Truck Mechanics and Diesel Engine Specialists
6353,Careerwise New York,Business Operations Associate,"110 E 42nd St, 10th",,New York,NY,10017,New York City,Active,2022-02-08,Group - Non Joint,Competency,,"1:1,1:1",11-1021.00,General Operations Managers
14920,Carpenter's Jatc of NYC & Vicinity,Cabinetmaker,395 Hudson Street,2Nd Floor,New York,NY,10014,New York City,Active,1979-04-05,Group - Joint,Time,60,"1:1,1:3",51-7011.00,Cabinetmakers and Bench Carpenters
2090,North Atlantic States Carpenters Training Fund,Cabinetmaker,270 Motor Parkway Department B,,Hauppauge,NY,11788,Long Island,Active,1991-01-23,Group - Joint,Time,48,"1:1,1:3",51-7011.00,Cabinetmakers and Bench Carpenters
5670,Bae Systems Controls Inc,Calibration Technician(Electrical-Electronic),1301 North Street,,Endicott,NY,13760,Southern Tier,Active,2021-04-08,Individual - Non Joint,Time,48,"1:1,1:1",17-3023.01,Electronics Engineering Technicians
16046,Associated Builders And Contractors Empire State,Carpenter,6369 Collamer Drive,,East Syracuse,NY,13057,Central,Active,2021-07-08,Group - Non Joint,Time,48,"1:1,1:4",47-2031.01,Construction Carpenters
4809,Bast Hatfield Construction Llc,Carpenter,1399 Crescent Vischer Ferry Road,,Clifton Park,NY,12065,Capital,Active,1990-12-03,Individual - Non Joint,Time,48,"1:1,1:4",47-2031.01,Construction Carpenters
17781,Carpenter's Jatc of NYC & Vicinity,Carpenter,395 Hudson Street,2Nd Floor,New York,NY,10014,New York City,Active,1971-11-11,Group - Joint,Time,48,"1:1,1:4",47-2031.01,Construction Carpenters
3829,"Clarence Wall And Ceiling, Inc.",Carpenter,9393 Main Street,,Clarence,NY,14031,Western New York,Active,2002-01-14,Individual - Non Joint,Time,48,"1:1,1:4",47-2031.01,Construction Carpenters
3680,"Empire State Merit Apprenticeship Alliance, Inc",Carpenter,6320 Fly Rd,Suite 210A,East Syracuse,NY,13057,Central,Active,2011-11-02,Group - Non Joint,Time,32,"1:1,1:4",47-2031.01,Construction Carpenters
2317,Gencon Corp.,Carpenter,"247 Route 17K, Suite 206",,Newburgh,NY,12550,Mid-Hudson,Active,2020-02-24,Individual - Non Joint,Time,48,"1:1,1:4",47-2031.01,Construction Carpenters
5298,"Gypsum Systems, Llc",Carpenter,640 Pound Road,,Elma,NY,14059,Western New York,Active,2001-12-24,Individual - Non Joint,Time,48,"1:1,1:4",47-2031.01,Construction Carpenters
7626,Hi-Lume Corporation,Carpenter,175 Kennedy Drive,,Hauppauge,NY,11788,Long Island,Active,2003-06-17,Individual - Non Joint,Time,48,"1:1,1:4",47-2031.01,Construction Carpenters
11909,High Rise Concrete Carpenters Jatc Of Nyc,Carpenter,395 Hudson Street 2Nd Fl,,New York,NY,10014,New York City,Active,2016-12-02,Group - Joint,Time,48,"1:1,1:4",47-2031.01,Construction Carpenters
2864,North Atlantic States Carpenters Training Fund,Carpenter,270 Motor Parkway Department B,,Hauppauge,NY,11788,Long Island,Active,1982-04-22,Group - Joint,Time,48,"1:1,1:4",47-2031.01,Construction Carpenters
14961,North Atlantic States Carpenters Training Fund,Carpenter,270 Motor Parkway Department B,,Hauppauge,NY,11788,Long Island,Active,1968-01-01,Group - Joint,Time,48,"1:1,1:4",47-2031.01,Construction Carpenters
5067,North Atlantic States Carpenters Training Fund,Carpenter,16 Corporate Circle,,Albany,NY,12203,Capital,Active,1971-09-13,Group - Joint,Time,48,"1:1,1:4",47-2031.01,Construction Carpenters
3259,North Atlantic States Carpenters Training Fund,Carpenter,21 Jetview Drive,,Rochester,NY,14624,Finger Lakes,Active,1983-08-01,Group - Joint,Time,48,"1:1,1:4",47-2031.01,Construction Carpenters
1564,"Northland Associates, Inc.",Carpenter,4701 Buckley Road,,Liverpool,NY,13088,Central,Active,2007-05-03,Individual - Non Joint,Time,48,"1:1,1:4",47-2031.01,Construction Carpenters
4627,Purcell Construction Corporation,Carpenter,566 Coffeen Street,,Watertown,NY,13601,North Country,Active,2002-08-06,Individual - Non Joint,Time,48,"1:1,1:4",47-2031.01,Construction Carpenters
17931,"Structural Associates, Inc.",Carpenter,5903 Fisher Road,,East Syracuse,NY,13057,Central,Active,1997-07-01,Individual - Non Joint,Time,48,"1:1,1:4",47-2031.01,Construction Carpenters
1547,Bette And Cring Llc,Carpenter (Heavy-Highway),"22 Century Hill Drive, Suite 201",,Latham,NY,12110,Capital,Active,1993-03-22,Individual - Non Joint,Time,36,"1:1,1:4",47-2031.02,Rough Carpenters
14641,C.O. Falter Construction Corp.,Carpenter (Heavy-Highway),403 West Bear Street,,Syracuse,NY,13204,Central,Active,2002-05-06,Individual - Non Joint,Time,27,"1:1,1:4",47-2031.02,Rough Carpenters
316,Cold Spring Construction Company,Carpenter (Heavy-Highway),43 Jackson Street,,Akron,NY,14001,Western New York,Active,2017-06-14,Individual - Non Joint,Time,36,"1:1,1:4",47-2031.02,Rough Carpenters
2002,"Empire State Highway Contractors Assn., Inc.",Carpenter (Heavy-Highway),2481 Higby Road,,Frankfort,NY,13340,Mohawk Valley,Active,2007-01-01,Group - Non Joint,Time,27,"1:1,1:4",47-2031.02,Rough Carpenters
5045,Carpenter's Jatc of NYC & Vicinity,Carpenter(Piledriver/Dockbuilder),395 Hudson Street,2Nd Floor,New York,NY,10014,New York City,Active,2005-05-24,Group - Joint,Time,48,"1:1,1:4",47-2031.02,Rough Carpenters
12679,"Chesterfield Associates, Inc.",Carpenter(Piledriver/Dockbuilder),56 S. Country Road,,Westhampton Beach,NY,11978,Long Island,Active,2011-05-12,Individual - Non Joint,Time,48,"1:1,1:4",47-2031.02,Rough Carpenters
1972,Frank Scobbo Contractors Inc,Carpenter(Piledriver/Dockbuilder),1212 Port Washington,,Port Washington,NY,11050,Long Island,Active,2021-12-17,Individual - Non Joint,Time,48,"1:1,1:4",47-2031.02,Rough Carpenters
4644,North Atlantic States Carpenters Training Fund,Carpenter(Piledriver/Dockbuilder),21 Jetview Drive,,Rochester,NY,14624,Finger Lakes,Active,2019-04-15,Group - Joint,Time,48,"1:1,1:4",47-2031.02,Rough Carpenters
14899,"Bricklayers-Allied Craftworkers, Lu#2 (Syracuse)",Cement Finisher or Cement Mason,7705 Maltlage Road,,Liverpool,NY,13090,Central,Active,2012-06-25,Group - Joint,Time,27,"1:1,1:4",47-2051.00,Cement Masons and Concrete Finishers
10386,Cement Masons Local #111 Jatc,Cement Finisher or Cement Mason,111 Wales Ave.,,Tonawanda,NY,14150,Western New York,Active,1999-04-12,Group - Joint,Time,36,"1:1,1:4",47-2051.00,Cement Masons and Concrete Finishers
681,"Empire State Merit Apprenticeship Alliance, Inc",Cement Finisher or Cement Mason,6320 Fly Rd,Suite 210A,East Syracuse,NY,13057,Central,Active,2017-05-12,Group - Non Joint,Time,36,"1:1,1:4",47-2051.00,Cement Masons and Concrete Finishers
1261,International Union Of Bricklayers And Allied,Cement Finisher or Cement Mason,4 Railroad St,,Whitney Point,NY,13862,Southern Tier,Active,2008-10-15,Group - Joint,Time,48,"1:1,1:4",47-2051.00,Cement Masons and Concrete Finishers
14969,Northeast District Council Of The Opcmia Apprenticeship Fund,Cement Finisher or Cement Mason,1406 Blondell Ave,,Bronx,NY,10461,New York City,Active,1973-02-01,Group - Joint,Time,36,"1:1,1:4",47-2051.00,Cement Masons and Concrete Finishers
1719,Mvhs Inc,Central Sterile Processing Technician,111 Hospital Drive,,Utica,NY,13502,Mohawk Valley,Probation,2025-03-20,Individual - Non Joint,Competency,,"1:1,1:1",31-9093.00,Medical Equipment Preparers
17109,Mvhs Inc,Certified Nursing Assistant (CNA),111 Hospital Drive,,Utica,NY,13502,Mohawk Valley,Probation,2025-03-20,Individual - Non Joint,Competency,,"1:1,1:1",31-1131.00,Nursing Assistant
7220,Staten Island Performing Provider System,Certified Nursing Assistant (CNA),1 Edgewater Plaza,,Staten Island,NY,10305,New York City,Active,2022-03-25,Group - Non Joint,Competency,,"1:1,1:1",31-1131.00,Nursing Assistant
1608,Teresian House Center For The Elderly,Certified Nursing Assistant (CNA),200 Washington Ave Ext,,Albany,NY,12203,Capital,Probation,2023-03-03,Individual - Non Joint,Competency,,"1:1,1:1",31-1131.00,Nursing Assistant
2649,"Helio Health, Inc",Certified Recovery Peer Advocate,518 James Street,,Syracuse,NY,13203,Central,Probation,2025-02-04,Individual - Non Joint,Competency,,"1:1,1:1",21-1093.00,Social and Human Service Assistants
7351,Staten Island Performing Provider System,Certified Recovery Peer Advocate,1 Edgewater Plaza,,Staten Island,NY,10305,New York City,Active,2022-03-25,Group - Non Joint,Competency,,"1:1,1:1",21-1093.00,Social and Human Service Assistants
6057,Constellation Energy Corporation,Chemical Laboratory Technician,268 Lake Road,,Oswego,NY,13126,Central,Active,2018-09-25,Individual - Joint,Time,48,"1:1,1:1",19-4031.00,Chemical Technicians
1131,Day One Early Learning Community Inc,Childcare Assistant,70 Hooker Ave,,Poughkeepsie,NY,12601,Mid-Hudson,Active,2023-12-14,Group - Non Joint,Time,21,"1:1,1:1",39-9011.00,Childcare Workers
15969,Faculty Student Association Of Tc3,Childcare Assistant,98 Bahar Dr,,Dryden,NY,13053,Southern Tier,Active,2020-08-07,Individual - Non Joint,Time,21,"1:1,1:1",39-9011.00,Childcare Workers
14505,"Family of Woodstock, Inc",Childcare Assistant,1000 Fernway Road,,Kings Park,NY,12401,Mid-Hudson,Probation,2026-01-22,Individual - Non Joint,Time,21,"1:1,1:1",39-9011.00,Childcare Workers
7419,Little Lukes Childcare LLC,Childcare Assistant,155 W. 1st Street,,Oswego,NY,13126,Central,Probation,2025-07-31,Individual - Non Joint,Time,21,"1:1,1:1",39-9011.00,Childcare Workers
5983,One World Project,Childcare Assistant,302 Vanderbilt St,,Brooklyn,NY,11218,New York City,Probation,2024-11-13,Individual - Non Joint,Time,21,"1:1,1:1",39-9011.00,Childcare Workers
17233,Schenectady Jcc,Childcare Assistant,2565 Balltown Road,,Niskayuna,NY,12309,Capital,Probation,2022-12-19,Individual - Non Joint,Time,21,"1:1,1:1",39-9011.00,Childcare Workers
2444,Borough Of Manhattan Community College,Cloud Engineer,25 Broadway Fl 8,,New York,NY,10004,New York City,Probation,2024-08-07,Individual - Non Joint,Time,12,"1:1,1:1",15-1299.08,Computer Systems Engineers/Architects
4659,"Advanced Tool, Inc.",CNC Tool And Cutter Grinder,9169 River Rd,,Marcy,NY,13403,Mohawk Valley,Active,2019-01-29,Individual - Non Joint,Time,48,"1:1,1:1",51-4194.00,"Tool Grinders, Filers, and Sharpeners"
17324,"MACNY, The Manufacturers Association",CNC Tool And Cutter Grinder,5788 Widewaters Parkway,,Syracuse,NY,13214,Central,Active,2023-05-02,Group - Non Joint,Time,48,"1:1,1:1",51-4194.00,"Tool Grinders, Filers, and Sharpeners"
12773,1199Seiu League Training And Upgrading Fund (Tuf),Community Health Worker,498 Seventh Ave,4th Floor,New York,NY,10018,New York City,Active,2018-06-26,Group - Joint,Hybrid,,"1:1,1:1",21-1094.00,Community Health Workers
9541,Cicatelli Associates Inc.,Community Health Worker,505 8Th Avenue 19Th Fl,,New York,NY,10018,New York City,Active,2023-12-01,Group - Non Joint,Hybrid,,"1:1,1:1",21-1094.00,Community Health Workers
7196,Ibero-American Action League,Community Health Worker,216 Clifford Ave,,Rochester,NY,14621,Finger Lakes,Active,2023-01-10,Individual - Non Joint,Hybrid,,"1:1,1:1",21-1094.00,Community Health Workers
7286,Staten Island Performing Provider System,Community Health Worker,1 Edgewater Plaza,,Staten Island,NY,10305,New York City,Active,2022-03-25,Group - Non Joint,Hybrid,,"1:1,1:1",21-1094.00,Community Health Workers
18497,Borough Of Manhattan Community College,Computer Support Technician,25 Broadway Fl 8,,New York,NY,10004,New York City,Probation,2024-08-07,Individual - Non Joint,Time,12,"1:1,1:1",15-1151.00,Computer User Support Specialists
13632,Careerwise New York,Computer Support Technician,"110 E 42nd St, 10th",,New York,NY,10017,New York City,Probation,2025-03-04,Group - Non Joint,Competency,,"1:1,1:1",15-1151.00,Computer User Support Specialists
16087,"Christa Construction, Llc",Construction Manager,"64 Commercial Street, Ste 401",,Rochester,NY,14614,Finger Lakes,Active,2021-01-28,Individual - Non Joint,Time,42,"1:1,1:1",11-9021.00,Construction Managers
2854,"Udn, Inc.",Construction Manager,252 Alexander St.,,Rochester,NY,14607,Finger Lakes,Active,2021-01-28,Individual - Non Joint,Time,42,"1:1,1:1",11-9021.00,Construction Managers
13719,"MACNY, The Manufacturers Association",Continuous Improvement Associate,5788 Widewaters Parkway,,Syracuse,NY,13214,Central,Probation,2025-07-21,Group - Non Joint,Time,24,"1:1,1:1",13-1111.00,Management Analysts
15921,131-135 N Genesee St llc dba Tavolo,Cook,131 N Genesee St,,Utica,NY,13502,Mohawk Valley,Probation,2025-12-16,Individual - Non Joint,Time,24,"1:1,1:1",35-2012.00,"Cooks, Institution and Cafeteria"
13647,City Mission Of Schenectady,Cook,425 Hamilton St,,Schenectady,NY,12305,Capital,Probation,2023-04-27,Individual - Non Joint,Time,24,"1:1,1:1",35-2012.00,"Cooks, Institution and Cafeteria"
4234,"Foodlink, Inc",Cook,2011 Mt Read Blvd,,Rochester,NY,14615,Finger Lakes,Active,2019-01-11,Group - Non Joint,Competency,,"1:1,1:1",35-2012.00,"Cooks, Institution and Cafeteria"
12646,Hilton Garden Inn,Cook,1290 Arsenal St Suite 8,,Watertown,NY,13601,North Country,Probation,2025-10-07,Individual - Non Joint,Time,24,"1:1,1:1",35-2012.00,"Cooks, Institution and Cafeteria"
10765,Mvhs Inc,Cook,111 Hospital Drive,,Utica,NY,13502,Mohawk Valley,Probation,2025-03-20,Individual - Non Joint,Time,24,"1:1,1:1",35-2012.00,"Cooks, Institution and Cafeteria"
7449,Mvhs Inc,Cook (Chef),111 Hospital Drive,,Utica,NY,13502,Mohawk Valley,Probation,2025-03-20,Individual - Non Joint,Time,36,"1:1,1:1",35-2014.00,"Cooks, Restaurant"
3786,Nys Doccs,Cook (Chef),825 Central Avenue,,Albany,NY,12226,Capital,Active,1989-07-26,Individual - Non Joint,Time,36,"1:1,1:1",35-2014.00,"Cooks, Restaurant"
16186,"Tailor And Cook Utica, Llc",Cook (Chef),311 Main Street,,Utica,NY,13501,Mohawk Valley,Active,2023-05-09,Individual - Non Joint,Time,36,"1:1,1:1",35-2014.00,"Cooks, Restaurant"
5369,Events Education & Workforce Development Federation Inc.,"Coordinator (Trade Shows, Events, Conferences, Exhibitions, Meetings)",734 Walt Whitman Road  #302,,Melville,NY,11747,Long Island,Probation,2024-07-11,Group - Non Joint,Time,24,"1:1,1:1",13-1121.00,"Meeting, Convention, and Event Planners"
13922,Axed Wholesale Inc.,Customer Service Representative,"222 Washington Street, 2nd Floor",,Mount Veron,NY,10553,Mid-Hudson,Probation,2026-04-10,Individual - Non Joint,Time,12,"1:1,1:1",43-4051.00,Customer Service Representatives
14490,Fiber Instrument Sales Inc.,Customer Service Representative,161 Clear Road,,Oriskany,NY,13424,Mohawk Valley,Probation,2025-06-03,Individual - Non Joint,Time,12,"1:1,1:1",43-4051.00,Customer Service Representatives
12645,"Finger Lakes Community Newspaper, LLC",Customer Service Representative,109 N Cayuga St,,Ithaca,NY,14850,Southern Tier,Probation,2026-02-26,Individual - Non Joint,Time,12,"1:1,1:1",43-4051.00,Customer Service Representatives
2875,Hilton Garden Inn,Customer Service Representative,1290 Arsenal St Suite 8,,Watertown,NY,13601,North Country,Probation,2025-10-07,Individual - Non Joint,Time,12,"1:1,1:1",43-4051.00,Customer Service Representatives
9413,Nys Doccs,Customer Service Representative,825 Central Avenue,,Albany,NY,12226,Capital,Probation,2025-04-22,Individual - Non Joint,Time,12,"1:1,1:1",43-4051.00,Customer Service Representatives
13351,Cayuga Milk Ingredients,Dairy Processor,15 Eagle Drive,,Auburn,NY,13201,Central,Probation,2024-03-19,Individual - Non Joint,Time,36,"1:1,1:1",51-3092.00,Food Batchmakers
8361,Upstate Niagara Cooperative,Dairy Processor,368 Pleasant View Drive,,Lancaster,NY,14086,Western New York,Probation,2025-02-25,Group - Non Joint,Time,36,"1:1,1:1",51-3092.00,Food Batchmakers
3126,Cayuga Marketing Llc,Dairy Specialist,15 Eagle Drive,,Auburn,NY,13021,Central,Active,2021-10-29,Group - Non Joint,Time,36,"1:1,1:1",45-2093.00,"Farmworkers, Farm, Ranch, and Aquacultural Animals"
7779,Upstate Niagara Cooperative,Dairy Specialist,368 Pleasant View Drive,,Lancaster,NY,14086,Western New York,Probation,2025-02-25,Group - Non Joint,Time,36,"1:1,1:1",45-2093.00,"Farmworkers, Farm, Ranch, and Aquacultural Animals"
10285,Careerwise New York,Data Analyst,"110 E 42nd St, 10th",,New York,NY,10017,New York City,Probation,2025-03-04,Group - Non Joint,Competency,,"1:1,1:1",15-2031.00,Operations Research Analysts
17467,"The Information Lab Us, Inc",Data Analyst,124 E 14Th St Floor 4,,New York,NY,10003,New York City,Probation,2024-10-30,Individual - Non Joint,Competency,,"1:1,1:1",15-2031.00,Operations Research Analysts
11753,Mvhs Inc,Dental Office Assistant,111 Hospital Drive,,Utica,NY,13502,Mohawk Valley,Probation,2025-03-20,Individual - Non Joint,Time,12,"1:1,1:1",31-9091.00,Dental Assistants
3164,Consortium For Worker Education,Diesel Engine Mechanic,275 7Th Avenue,,New York,NY,10001,New York City,Active,2015-08-19,Group - Joint,Time,36,"1:1,1:3",49-3031.00,Bus and Truck Mechanics and Diesel Engine Specialists
18616,"Empire State Mines, LLC",Diesel Engine Mechanic,408 Sylvia Lake Road,,Gouverneur,NY,13642,North Country,Probation,2025-07-31,Individual - Non Joint,Time,36,"1:1,1:3",49-3031.00,Bus and Truck Mechanics and Diesel Engine Specialists
9711,Keith Titus Corp Dba: Exit 40 Truck And Trailer Repair Services,Diesel Engine Mechanic,2758 Trombley Rd,,Weedsport,NY,13166,Central,Active,2022-07-12,Individual - Non Joint,Time,36,"1:1,1:3",49-3031.00,Bus and Truck Mechanics and Diesel Engine Specialists
4539,Anderson Center For Autism,Direct Support Professional,4885 Route 9,,Staatsburg,NY,12580,Mid-Hudson,Active,2021-05-20,Individual - Non Joint,Competency,,"1:1,1:1",21-1093.00,Social and Human Service Assistants
8602,"Angels Unaware, Inc",Direct Support Professional,1375 Nelson Avenue,,Bronx,NY,10452,New York City,Probation,2026-04-28,Individual - Non Joint,Time,24,"1:1,1:1",21-1093.00,Social and Human Service Assistants
2592,"Citizen Advocates, Inc.",Direct Support Professional,125 Finney Blvd,,Malone,NY,12953,North Country,Probation,2020-02-24,Individual - Non Joint,Time,18,"1:1,1:1",21-1093.00,Social and Human Service Assistants
15442,"Clinton County Chapter Nysarc, Inc Dba Advocacy & Resource Center",Direct Support Professional,231 New York Road,,Plattsburgh,NY,12903,North Country,Active,2022-04-08,Individual - Non Joint,Time,24,"1:1,1:1",21-1093.00,Social and Human Service Assistants
9076,"Fulton Schoharie Counties Chapter, Nysarc Inc.",Direct Support Professional,127 E. State Street,,Gloversville,NY,12078,Mohawk Valley,Active,2019-06-04,Individual - Non Joint,Time,24,"1:1,1:1",21-1093.00,Social and Human Service Assistants
551,"Lifetime Assistance, Inc",Direct Support Professional,175 Mile Crossing  Blvd. Ste 3,,Rochester,NY,14624,Finger Lakes,Probation,2025-06-12,Individual - Non Joint,Competency,,"1:1,1:1",21-1093.00,Social and Human Service Assistants
209,"New Horizons Resources, Inc.",Direct Support Professional,123 West Road,,Pleasant Valley,NY,12569,Mid-Hudson,Active,2004-07-15,Individual - Non Joint,Competency,,"1:1,1:1",21-1093.00,Social and Human Service Assistants
2585,Nicholas Center Ltd,Direct Support Professional,382 Main Street,,Port Washington,NY,11050,Long Island,Probation,2024-09-17,Individual - Non Joint,Time,18,"1:1,1:1",21-1093.00,Social and Human Service Assistants
8922,"Nysarc, Inc-Montgomery County Chapter (Liberty Arc)",Direct Support Professional,43 Liberty Dr,,Amsterdam,NY,12010,Mohawk Valley,Program Inactive,2020-08-20,Individual - Non Joint,Time,24,"1:1,1:1",21-1093.00,Social and Human Service Assistants
2520,Schenectady Arc,Direct Support Professional,214 State Street,,Schenectady,NY,12305,Capital,Active,2019-06-12,Individual - Non Joint,Time,24,"1:1,1:1",21-1093.00,Social and Human Service Assistants
16392,Staten Island Performing Provider System,Direct Support Professional,1 Edgewater Plaza,,Staten Island,NY,10305,New York City,Probation,2026-02-10,Group - Non Joint,Time,18,"1:1,1:1",21-1093.00,Social and Human Service Assistants
9463,The Arc Of Erie County,Direct Support Professional,30 Wilson Road,,Williamsville,NY,14221,Western New York,Active,2022-08-18,Individual - Non Joint,Time,24,"1:1,1:1",21-1093.00,Social and Human Service Assistants
17297,The Arc Of Rensselaer County,Direct Support Professional,79 102Nd St,,Troy,NY,12180,Capital,Probation,2021-12-02,Individual - Non Joint,Time,24,"1:1,1:1",21-1093.00,Social and Human Service Assistants
18807,The Arc Ontario,Direct Support Professional,3071 County Complex Dr.,,Canandaigua,NY,14424,Finger Lakes,Probation,2024-10-07,Individual - Non Joint,Time,24,"1:1,1:1",21-1093.00,Social and Human Service Assistants
11765,"Wildwood Programs, Inc",Direct Support Professional,1190 Troy Schenectady Road,,Latham,NY,12110,Capital,Active,2018-12-21,Individual - Non Joint,Time,24,"1:1,1:1",21-1093.00,Social and Human Service Assistants
11166,"Clinton County Chapter Nysarc, Inc Dba Advocacy & Resource Center",Direct Support Professional (DSP) Supervisor,231 New York Road,,Plattsburgh,NY,12903,North Country,Active,2022-04-08,Individual - Non Joint,Time,12,"1:1,1:1",39-1022.00,First-Line Supervisors of Personal Service Workers
11562,"Lifetime Assistance, Inc",Direct Support Professional (DSP) Supervisor,175 Mile Crossing  Blvd. Ste 3,,Rochester,NY,14624,Finger Lakes,Probation,2025-06-12,Individual - Non Joint,Time,12,"1:1,1:1",39-1022.00,First-Line Supervisors of Personal Service Workers
7332,The Arc Of Erie County,Direct Support Professional (DSP) Supervisor,30 Wilson Road,,Williamsville,NY,14221,Western New York,Active,2022-08-18,Individual - Non Joint,Time,12,"1:1,1:1",39-1022.00,First-Line Supervisors of Personal Service Workers
9562,The Arc Ontario,Direct Support Professional (DSP) Supervisor,3071 County Complex Dr.,,Canandaigua,NY,14424,Finger Lakes,Probation,2024-10-07,Individual - Non Joint,Time,12,"1:1,1:1",39-1022.00,First-Line Supervisors of Personal Service Workers
333,Cummins Inc.,Drafter (Tool Design),4720 Baker Street Ext.,,Lakewood,NY,14750,Western New York,Active,2011-04-28,Individual - Non Joint,Time,48,"1:1,1:1",17-3013.00,Mechanical Drafters
8065,Associated Builders And Contractors Empire State,Dry Wall Taper (Finisher),6369 Collamer Drive,,East Syracuse,NY,13057,Central,Active,2021-07-08,Group - Non Joint,Time,36,"1:1,1:3",47-2082.00,Tapers
5179,Finishing Trades Institute Of New York,Dry Wall Taper (Finisher),45-15 36Th Street,,Long Island City,NY,11101,New York City,Active,1992-10-15,Group - Joint,Time,48,"1:1,1:3",47-2082.00,Tapers
4078,Finishing Trades Institute Of Western-Central Ny,Dry Wall Taper (Finisher),585 Aero Drive,,Cheektowaga,NY,14225,Western New York,Active,2002-04-01,Group - Joint,Time,36,"1:1,1:3",47-2082.00,Tapers
15482,Finishing Trades Institute Of Western-Central Ny,Dry Wall Taper (Finisher),615 W Genessee St.,,Syracuse,NY,13204,Central,Active,2017-12-21,Group - Joint,Time,36,"1:1,1:3",47-2082.00,Tapers
9925,Finishing Trades Institute Of Western-Central Ny,Dry Wall Taper (Finisher),6605 Pittsford Palmyra Road,,Fairport,NY,14450,Finger Lakes,Active,2002-04-01,Group - Joint,Time,36,"1:1,1:3",47-2082.00,Tapers
12855,City Of Sherrill Power & Light,Electrical (Outside) Line Worker,161 Elmwood Place,,Sherrill,NY,13461,Mohawk Valley,Active,2020-03-03,Individual - Non Joint,Time,42,"1:1,1:2",49-9051.00,Electrical Power-Line Installers and Repairers
13017,Griffiss Utility Services Corp.,Electrical (Outside) Line Worker,410 Phoenix Dr,,Rome,NY,13441,Mohawk Valley,Active,2019-08-20,Individual - Non Joint,Time,42,"1:1,1:2",49-9051.00,Electrical Power-Line Installers and Repairers
14093,M. L. Caccamise Electric Corporation,Electrical (Outside) Line Worker,138 Joseph Ave,,Rochester,NY,14605,Finger Lakes,Active,2011-05-26,Individual - Non Joint,Time,42,"1:1,1:2",49-9051.00,Electrical Power-Line Installers and Repairers
18546,Northeastern Joint Apprenticeship-Training Comm.,Electrical (Outside) Line Worker,1513 Ben Franklin Highway,,Douglassville,PA,19518,Out of State,Active,1977-05-31,Group - Joint,Time,42,"1:1,1:2",49-9051.00,Electrical Power-Line Installers and Repairers
10836,Oneida-Madison Electric Co-Op Inc.,Electrical (Outside) Line Worker,6630 State Route 20,,Bouckville,NY,13310,Central,Active,2015-03-02,Individual - Non Joint,Time,42,"1:1,1:2",49-9051.00,Electrical Power-Line Installers and Repairers
2356,Public Works Utilities,Electrical (Outside) Line Worker,T 4004 First Street West,,Fort Drum,NY,13602,North Country,Active,2008-10-15,Individual - Non Joint,Time,54,"1:1,1:2",49-9051.00,Electrical Power-Line Installers and Repairers
12308,Salamanca Board Of Public Utilities,Electrical (Outside) Line Worker,225 Wildwood Avenue,,Salamanca,NY,14779,Western New York,Active,1993-08-10,Individual - Non Joint,Time,42,"1:1,1:2",49-9051.00,Electrical Power-Line Installers and Repairers
8726,Village Of Arcade,Electrical (Outside) Line Worker,17 Church Street,,Arcade,NY,14009,Finger Lakes,Active,2004-01-29,Individual - Non Joint,Time,42,"1:1,1:2",49-9051.00,Electrical Power-Line Installers and Repairers
18957,Village Of Greene,Electrical (Outside) Line Worker,36 Cherry Street,,Greene,NY,13778,Southern Tier,Active,2024-03-20,Individual - Non Joint,Time,42,"1:1,1:2",49-9051.00,Electrical Power-Line Installers and Repairers
7910,Village Of Groton,Electrical (Outside) Line Worker,308 Main Street,,Groton,NY,13073,Southern Tier,Active,2021-04-08,Individual - Non Joint,Time,42,"1:1,1:2",49-9051.00,Electrical Power-Line Installers and Repairers
1597,Village Of Little Valley,Electrical (Outside) Line Worker,103 Rock City Street,,Little Valley,NY,14755,Western New York,Active,2019-08-07,Individual - Joint,Time,42,"1:1,1:2",49-9051.00,Electrical Power-Line Installers and Repairers
9110,Village Of Marathon - Electric Department,Electrical (Outside) Line Worker,18 Tannery St,,Marathon,NY,13803,Central,Active,2020-06-04,Individual - Non Joint,Time,42,"1:1,1:2",49-9051.00,Electrical Power-Line Installers and Repairers
11664,"Village Of Philadelphia, Inc.",Electrical (Outside) Line Worker,56 Main Street,,Philadelphia,NY,13673,North Country,Active,1994-12-01,Individual - Non Joint,Time,42,"1:1,1:2",49-9051.00,Electrical Power-Line Installers and Repairers
13259,Village Of Sherburne Electric Light Department,Electrical (Outside) Line Worker,15 West State Street,,Sherburne,NY,13460,Southern Tier,Active,2023-06-08,Individual - Non Joint,Time,42,"1:1,1:2",49-9051.00,Electrical Power-Line Installers and Repairers
7099,Village Of Skaneateles,Electrical (Outside) Line Worker,26 Fennell St,,Skaneateles,NY,13152,Central,Active,2022-02-01,Individual - Non Joint,Time,42,"1:1,1:2",49-9051.00,Electrical Power-Line Installers and Repairers
17307,Village Of Solvay Electric Department,Electrical (Outside) Line Worker,507 Charles Avenue,,Solvay,NY,13209,Central,Active,2001-09-24,Individual - Joint,Time,42,"1:1,1:2",49-9051.00,Electrical Power-Line Installers and Repairers
5054,Village Of Springville,Electrical (Outside) Line Worker,51 Nason Blvd,,Springville,NY,14141,Western New York,Active,2000-01-03,Individual - Non Joint,Time,42,"1:1,1:2",49-9051.00,Electrical Power-Line Installers and Repairers
8200,Village Of Theresa,Electrical (Outside) Line Worker,124 Commercial Street,,Theresa,NY,13691,North Country,Probation,2025-10-07,Individual - Non Joint,Time,42,"1:1,1:2",49-9051.00,Electrical Power-Line Installers and Repairers
18179,Village Of Wellsville Electric Department,Electrical (Outside) Line Worker,232 West Dyke St,,Wellsville,NY,14895,Western New York,Active,2021-04-08,Individual - Joint,Time,42,"1:1,1:2",49-9051.00,Electrical Power-Line Installers and Repairers
881,Jatc Elec Ind Nassau/Suffolk #25,Electrical Maintenance Technician,370 Motor Parkway,,Hauppauge,NY,11788,Long Island,Active,1982-11-02,Group - Joint,Time,60,"1:1,1:3",47-2111.00,Electricians
7542,New York Power Authority,Electrical Utility Operator,6520 Glass Factory Road,,Marcy,NY,13403,Mohawk Valley,Active,2018-10-29,Individual - Joint,Time,48,"1:1,1:1",51-8013.00,Power Plant Operators
15938,"A & S Electric, Inc.",Electrician,952 Flushing Avenue,Suite #3,Brooklyn,NY,11206,New York City,Active,1994-08-29,Individual - Non Joint,Time,60,"1:1,1:3",47-2111.00,Electricians
843,"A.C. Spear Electric, Inc.",Electrician,1869 Pierce Creek Road,,Binghamton,NY,13903,Southern Tier,Program Inactive,2005-11-21,Individual - Non Joint,Time,60,"1:1,1:3",47-2111.00,Electricians
14343,"Ae Rosen Electrical Co., Inc.",Electrician,178 Catherine Street,,Albany,NY,12202,Capital,Active,2012-05-18,Individual - Non Joint,Time,60,"1:1,1:3",47-2111.00,Electricians
16163,Aleut Electric Llc,Electrician,419 County Road 32,,Greene,NY,13778,Southern Tier,Active,2018-07-30,Individual - Non Joint,Time,60,"1:1,1:3",47-2111.00,Electricians
13821,ALL BORO ELECTRIC CORP.,Electrician,2568 E 17th St. Ste 101,,Brooklyn,NY,11235,New York City,Probation,2026-01-08,Individual - Non Joint,Time,60,"1:1,1:3",47-2111.00,Electricians
2450,"Anco Electrical Contracting, Inc",Electrician,4394 Victory Blvd,,Staten Island,NY,10314,New York City,Active,2023-01-27,Individual - Non Joint,Time,60,"1:1,1:3",47-2111.00,Electricians
12199,"Anker'S Electric Service, Inc.",Electrician,10 South Fifth Street,,Locust Valley,NY,11560,Long Island,Active,2004-02-12,Individual - Non Joint,Time,60,"1:1,1:3",47-2111.00,Electricians
1201,Asa Electric Inc,Electrician,242-14 Merrick Blvd,,Rosedale,NY,11422,New York City,Active,2023-02-02,Individual - Non Joint,Time,60,"1:1,1:3",47-2111.00,Electricians
17199,Associated Builders And Contractors Empire State,Electrician,6369 Collamer Drive,,East Syracuse,NY,13057,Central,Active,2021-07-08,Group - Non Joint,Time,60,"1:1,1:3",47-2111.00,Electricians
877,Bd Remodeling & Restoration Ny Llc,Electrician,1420 The Gloaming,,Fishers Island,NY,6390,Long Island,Active,2013-10-01,Individual - Non Joint,Time,60,"1:1,1:3",47-2111.00,Electricians
12541,Bellaphia Construction Inc. Dba Dr Sparks Electric,Electrician,139 Rout 9W,,Haverstraw,NY,10927,Mid-Hudson,Active,2021-10-22,Individual - Non Joint,Time,60,"1:1,1:3",47-2111.00,Electricians
4509,Big Ant Electric Inc,Electrician,615-C Acorn Street,,Deer Park,NY,11729,Long Island,Active,2015-11-18,Individual - Non Joint,Time,60,"1:1,1:3",47-2111.00,Electricians
12361,C.M. Armitage Inc,Electrician,723 Washington Avenue,,Rochester,NY,14617,Finger Lakes,Active,2014-06-18,Individual - Non Joint,Time,60,"1:1,1:3",47-2111.00,Electricians
7936,"C.M. Richey Electrical Contractors, Inc.",Electrician,77 Air Park Drive,,Ronkonkoma,NY,11779,Long Island,Active,2003-07-17,Individual - Non Joint,Time,60,"1:1,1:3",47-2111.00,Electricians
12885,Candela Systems Corporation,Electrician,168 Old Saw Mill River Road,,Hawthorne,NY,10532,Mid-Hudson,Active,2019-05-13,Individual - Non Joint,Time,60,"1:1,1:3",47-2111.00,Electricians
1540,Central New York Electrical Training Alliance,Electrician,4566 Waterhouse Road,,Clay,NY,13041,Central,Active,1973-07-01,Group - Joint,Time,60,"1:1,1:3",47-2111.00,Electricians
2704,Citygate Electrical Llc,Electrician,1466 Lake Road  West Fork,,Hamlin,NY,14464,Finger Lakes,Active,2024-03-28,Individual - Non Joint,Time,60,"1:1,1:3",47-2111.00,Electricians
13617,"Collins Electrical, LLC",Electrician,15 Parish Rd.,,Churchville,NY,14428,Finger Lakes,Probation,2025-07-15,Individual - Non Joint,Time,60,"1:1,1:3",47-2111.00,Electricians
9121,"Comalli Group, Inc.",Electrician,111 Exchange Street,,Albany,NY,12205,Capital,Active,2000-09-19,Individual - Non Joint,Time,60,"1:1,1:3",47-2111.00,Electricians
9354,Conscious Energy Inc,Electrician,242 Sand Hill Road,,Gardiner,NY,12525,Mid-Hudson,Probation,2026-03-16,Individual - Non Joint,Time,60,"1:1,1:3",47-2111.00,Electricians
18640,Crana Electric Inc,Electrician,230 South Fifth Ave,,Mount Vernon,NY,10550,Mid-Hudson,Active,2019-05-07,Individual - Non Joint,Time,60,"1:1,1:3",47-2111.00,Electricians
17438,Crc Associates Inc,Electrician,54-08 46Th St,,Maspeth,NY,11378,New York City,Probation,2024-07-17,Individual - Non Joint,Time,60,"1:1,1:3",47-2111.00,Electricians
16757,"Dagnachew Electric, LLC",Electrician,3416 Hampton Road,,Oceanside,NY,11572,Long Island,Active,2018-04-19,Individual - Non Joint,Time,60,"1:1,1:3",47-2111.00,Electricians
12070,Deborah Bradley Construction,Electrician,481 Manhattan Avenue,,New York,NY,10027,New York City,Active,2014-10-31,Individual - Non Joint,Time,60,"1:1,1:3",47-2111.00,Electricians
5870,Delmar Electric Construction Corp,Electrician,21 Cooper Avenue,,Tonawanda,NY,14150,Western New York,Active,2016-04-12,Individual - Non Joint,Time,60,"1:1,1:3",47-2111.00,Electricians
9801,Demco New York Corp.,Electrician,6701 Manlius Center Road,,East Syracuse,NY,13057,Central,Active,1994-04-11,Individual - Non Joint,Time,60,"1:1,1:3",47-2111.00,Electricians
2861,"Denis O'Regan Electric, Inc",Electrician,5 Helen Place,,Glen Cove,NY,11542,Long Island,Active,2023-03-09,Individual - Non Joint,Time,60,"1:1,1:3",47-2111.00,Electricians
3802,Diekow Electric Inc.,Electrician,375 Us Route 11,,Marathon,NY,13803,Central,Active,2016-07-20,Individual - Non Joint,Time,60,"1:1,1:3",47-2111.00,Electricians
11712,"Double R Contracting, Inc.",Electrician,19 W. Jefryn Blvd.,,Deer Park,NY,11729,Long Island,Active,2010-03-18,Individual - Non Joint,Time,60,"1:1,1:3",47-2111.00,Electricians
10070,"Douglas Electric Company, Inc.",Electrician,1812 Brighton Henrietta Townline Road,,Rochester,NY,14623,Finger Lakes,Active,1989-10-06,Individual - Non Joint,Time,60,"1:1,1:3",47-2111.00,Electricians
13493,Electricians Jac Binghamton Lu #325,Electrician,142 Corporate Dr,,Binghamton,NY,13904,Southern Tier,Active,1981-07-01,Group - Joint,Time,60,"1:1,1:3",47-2111.00,Electricians
6342,Electricians Jac Buffalo Lu #41,Electrician,S 3546 California Road,,Orchard Park,NY,14127,Western New York,Active,1980-08-04,Group - Joint,Time,60,"1:1,1:3",47-2111.00,Electricians
17734,Electricians Jac Ithaca Lu #241,Electrician,134 Cecil A Malone Drive,,Ithaca,NY,14850,Southern Tier,Active,1991-07-01,Group - Joint,Time,60,"1:1,1:3",47-2111.00,Electricians
9884,Electricians Jac Of Elmira Lu #139,Electrician,415 West Second St.,,Elmira,NY,14901,Southern Tier,Active,1989-06-01,Group - Joint,Time,60,"1:1,1:3",47-2111.00,Electricians
4241,Electricians Jac Of Jamestown Local #106,Electrician,322 James Avenue,,Jamestown,NY,14701,Western New York,Active,1989-06-28,Group - Joint,Time,60,"1:1,1:3",47-2111.00,Electricians
6951,Electricians Jac-Watertown Lu #910,Electrician,25001 Water Street,,Watertown,NY,13601,North Country,Active,1970-07-17,Group - Joint,Time,60,"1:1,1:3",47-2111.00,Electricians
11845,"Freedom Electrical And Data, Inc",Electrician,2556 Arthur Kill Rd  Ste 4,,Staten Island,NY,10309,New York City,Active,2018-06-29,Individual - Non Joint,Time,60,"1:1,1:3",47-2111.00,Electricians
15043,"Gaines Electrical Contracting, Inc.",Electrician,2074 Lockport Rd.,,Niagara Falls,NY,14305,Western New York,Active,1988-02-17,Individual - Non Joint,Time,60,"1:1,1:3",47-2111.00,Electricians
281,Geneva Electrical Jatc Local #840,Electrician,1401 Routes 5 & 20,,Geneva,NY,14456,Finger Lakes,Active,2005-12-27,Group - Joint,Time,60,"1:1,1:3",47-2111.00,Electricians
7431,Global Electrical Contractors Of Westchester Inc.,Electrician,965 Nepperhan Ave,,Yonkers,NY,10703,Mid-Hudson,Active,2003-12-08,Individual - Non Joint,Time,60,"1:1,1:3",47-2111.00,Electricians
16002,Goforth Electric Inc,Electrician,16 Liberty Street,,Brockport,NY,14420,Finger Lakes,Active,2001-01-02,Individual - Non Joint,Time,60,"1:1,1:3",47-2111.00,Electricians
6790,"Gordon And Zoerb Electrical Contractors, Inc.",Electrician,420 South Harris Hill Road,,Williamsville,NY,14221,Western New York,Active,1989-10-02,Individual - Non Joint,Time,60,"1:1,1:3",47-2111.00,Electricians
8657,"Halcyon, Inc.   (Dba Halco Plumbing And Heating)",Electrician,865 County Road #6,,Phelps,NY,14532,Finger Lakes,Active,2005-05-24,Individual - Non Joint,Time,60,"1:1,1:3",47-2111.00,Electricians
2696,Hde Electric Inc.,Electrician,5841 Seneca Street,,Elma,NY,14059,Western New York,Active,1993-08-01,Individual - Non Joint,Time,60,"1:1,1:3",47-2111.00,Electricians
13377,Ibew Local Union 363,Electrician,67 Commerce Drive South,,Harriman,NY,10926,Mid-Hudson,Active,1986-08-11,Group - Joint,Time,60,"1:1,1:3",47-2111.00,Electricians
13041,Interphase Electric Corp.,Electrician,79 Rocklyn Avenue,,Lynbrook,NY,11563,Long Island,Active,2003-12-08,Individual - Non Joint,Time,60,"1:1,1:3",47-2111.00,Electricians
15408,Jac Ibew Electrical Lu #3,Electrician,158-11 Harry Vanarsdale Jr. Avenue,,Flushing,NY,11365,New York City,Active,1971-07-12,Group - Joint,Time,66,"1:1,1:3",47-2111.00,Electricians
8606,Jatc Elec Ind Nassau/Suffolk #25,Electrician,370 Motor Parkway,,Hauppauge,NY,11788,Long Island,Active,1980-07-14,Group - Joint,Time,60,"1:1,1:3",47-2111.00,Electricians
7529,Jh Mastin Electric Llc,Electrician,3757 Orchard St,,Walworth,NY,14568,Finger Lakes,Program Inactive,2020-09-17,Individual - Non Joint,Time,60,"1:1,1:3",47-2111.00,Electricians
6592,"Jls Electric, Inc.",Electrician,3182 Route 22,,Dover Plains,NY,12822,Capital,Active,2011-03-10,Individual - Non Joint,Time,60,"1:1,1:3",47-2111.00,Electricians
15079,Ksa Inc. Dba Albrite Electric,Electrician,91 Broad Avenue,,Binghamton,NY,13904,Southern Tier,Probation,2025-05-06,Individual - Non Joint,Time,60,"1:1,1:3",47-2111.00,Electricians
8495,"Landmark Electric, Inc",Electrician,50 Commerce Drive,,Rochester,NY,14623,Finger Lakes,Active,2000-07-26,Individual - Non Joint,Time,60,"1:1,1:3",47-2111.00,Electricians
717,"Landsman Building Services Group, Inc.",Electrician,465 Blossom Road,,Rochester,NY,14610,Finger Lakes,Active,2019-12-09,Individual - Non Joint,Time,60,"1:1,1:3",47-2111.00,Electricians
11987,Laura Electrical Lighting & Maintenance Service Inc.,Electrician,119-19 15Th Avene,,College Point,NY,11356,New York City,Active,2019-05-30,Individual - Non Joint,Time,60,"1:1,1:3",47-2111.00,Electricians
6390,Lights Of Long Island LLC,Electrician,280 Suburban Ave,Unit I,Deer Park,NY,11729,Long Island,Probation,2025-07-07,Individual - Non Joint,Time,60,"1:1,1:3",47-2111.00,Electricians
4667,"Lippolis Electric, Inc.",Electrician,25 Seventh Street,,Pelham,NY,10803,Mid-Hudson,Active,2008-10-15,Individual - Non Joint,Time,60,"1:1,1:3",47-2111.00,Electricians
13213,Live Wire Electric 1 Llc,Electrician,516 Industrial Loop Ste 1D,,Staten Island,NY,10309,New York City,Probation,2024-05-03,Individual - Non Joint,Time,60,"1:1,1:3",47-2111.00,Electricians
5788,"Locust Valley Electric, Inc.",Electrician,93 Glen Cove Avenue,,Glen Cove,NY,11542,Long Island,Active,2009-09-18,Individual - Non Joint,Time,60,"1:1,1:3",47-2111.00,Electricians
14695,"M.C. Superior Electrical Systems, Inc.",Electrician,1783 Albany Post Road,,Wallkill,NY,12589,Mid-Hudson,Active,2002-08-06,Individual - Non Joint,Time,60,"1:1,1:3",47-2111.00,Electricians
9578,Mac Fhionnghaile & Sons Electrical Contracting Inc,Electrician,55-18 37th Avenue,,woodside,NY,11377,New York City,Active,2016-10-05,Individual - Non Joint,Time,60,"1:1,1:3",47-2111.00,Electricians
15505,Maralex Electric Corp.,Electrician,9 East 45Th St.,,Manhattan,NY,10017,New York City,Active,2022-09-27,Individual - Non Joint,Time,60,"1:1,1:3",47-2111.00,Electricians
7235,"Metropolitan Electrical Contractors Association, Inc",Electrician,190 Willis Ave,,Mineola,NY,11501,Long Island,Active,2023-12-07,Group - Non Joint,Time,60,"1:1,1:3",47-2111.00,Electricians
961,Mmj Electrical Inc.,Electrician,7 Pondview,,St. James,NY,11780,Long Island,Active,2015-09-23,Individual - Non Joint,Time,60,"1:1,1:3",47-2111.00,Electricians
10339,"Modern Electrical Construction, Inc.",Electrician,5983 S. Transit Road,,Lockport,NY,14094,Western New York,Active,1999-04-12,Individual - Non Joint,Time,60,"1:1,1:3",47-2111.00,Electricians
8795,"Moonlight Electric Of Jamestown, Llc",Electrician,1080 East 2Nd Street,Unit #3,Jamestown,NY,14701,Western New York,Active,2008-10-15,Individual - Non Joint,Time,60,"1:1,1:3",47-2111.00,Electricians
12949,"Mrj Industries, Ltd",Electrician,98 East Montauk Hwy,,Hampton Bays,NY,11946,Long Island,Active,2021-07-01,Individual - Non Joint,Time,60,"1:1,1:3",47-2111.00,Electricians
4788,Nelcorp Electrical Contracting Corp.,Electrician,35 North Kelly Avenue,,Endwell,NY,13760,Southern Tier,Active,1991-02-14,Individual - Non Joint,Time,60,"1:1,1:3",47-2111.00,Electricians
10648,"Next Era Contracting, Inc",Electrician,497 Water Street,,North Lawrence,NY,12967,North Country,Active,2023-08-29,Individual - Non Joint,Time,60,"1:1,1:3",47-2111.00,Electricians
15464,Niagara County Electricians Lu# 237,Electrician,6700 Schultz St,,Niagara Falls,NY,14304,Western New York,Active,1987-07-01,Group - Joint,Time,60,"1:1,1:3",47-2111.00,Electricians
5552,O & D Electric Corp,Electrician,175 Jersey Avenue,,Port Jervis,NY,12771,Mid-Hudson,Probation,2020-11-24,Individual - Non Joint,Time,60,"1:1,1:3",47-2111.00,Electricians
1775,Ocean Electric Corp.,Electrician,158 Cr 39,,Southampton,NY,11968,Long Island,Active,2003-08-01,Individual - Non Joint,Time,60,"1:1,1:3",47-2111.00,Electricians
311,"OHLA Systems & Electric, LLC",Electrician,75-20 Astoria Blvd Ste 150,,Queens,NY,11370,New York City,Probation,2026-01-06,Individual - Non Joint,Time,60,"1:1,1:3",47-2111.00,Electricians
12758,Ohm'S Electrical Corp.,Electrician,65-10 Central Avenue,,Glendale,NY,11385,New York City,Active,2003-05-13,Individual - Non Joint,Time,60,"1:1,1:3",47-2111.00,Electricians
14456,"P & W Electric, Inc.",Electrician,484 Sunrise Highway,,West Babylon,NY,11704,Long Island,Active,2010-10-27,Individual - Non Joint,Time,60,"1:1,1:3",47-2111.00,Electricians
16218,"P And D Electric Of Hudson Valley, Inc.",Electrician,632 Route 52,,Beacon,NY,12508,Mid-Hudson,Active,1999-04-12,Individual - Non Joint,Time,60,"1:1,1:3",47-2111.00,Electricians
2951,"Panko Electric And Maintenance, Inc.",Electrician,1080 Chenango Street,Suite B,Binghamton,NY,13901,Southern Tier,Active,1988-06-10,Individual - Non Joint,Time,60,"1:1,1:3",47-2111.00,Electricians
11682,"Paruolo Electric, Inc.",Electrician,898 Route 9W,,Fort Montgomery,NY,10922,Mid-Hudson,Active,2017-11-10,Individual - Non Joint,Time,60,"1:1,1:3",47-2111.00,Electricians
8019,Patriot Electric Corp,Electrician,15-17 126Th Street,,College Point,NY,11356,New York City,Active,2018-12-20,Individual - Non Joint,Time,60,"1:1,1:3",47-2111.00,Electricians
1177,"Power & Construction Group,  Inc.",Electrician,96 W River Road,,Scottsville,NY,14546,Finger Lakes,Active,2019-04-30,Individual - Non Joint,Time,60,"1:1,1:3",47-2111.00,Electricians
1505,Powerone Electrical Contracting Inc,Electrician,1459 Bassett Avenue,,Bronx,NY,10461,New York City,Active,2022-01-06,Individual - Non Joint,Time,60,"1:1,1:3",47-2111.00,Electricians
15614,R. Gunzer Inc. Dba Gunzer Electric,Electrician,36-36 34Th St,,Long Island City,NY,11106,New York City,Active,2017-03-08,Individual - Non Joint,Time,60,"1:1,1:3",47-2111.00,Electricians
17745,Radec Electric Corporation,Electrician,100 Rockwood Street,,Rochester,NY,14610,Finger Lakes,Active,1988-04-11,Individual - Non Joint,Time,60,"1:1,1:3",47-2111.00,Electricians
18158,Re:Build Optimation Technology Llc,Electrician,1600 Lexington Avenue,,Rochester,NY,14606,Finger Lakes,Active,2008-12-11,Individual - Non Joint,Time,60,"1:1,1:3",47-2111.00,Electricians
394,Relle Electric Corp.,Electrician,26 Sawgrass Drive,,Bellport,NY,11713,Long Island,Active,2005-08-30,Individual - Non Joint,Time,60,"1:1,1:3",47-2111.00,Electricians
13155,RMD Electric Corp,Electrician,218-26 Hempstead Ave,,Queens Village,NY,11429,New York City,Active,2016-02-03,Individual - Non Joint,Time,60,"1:1,1:3",47-2111.00,Electricians
1735,Rochester Electrical Jatc #86,Electrician,3540 Winton Place,,Rochester,NY,14623,Finger Lakes,Active,1989-07-10,Group - Joint,Time,60,"1:1,1:3",47-2111.00,Electricians
744,"Rondout Electric, Inc.",Electrician,225 Upper North Road,,Highland,NY,12528,Mid-Hudson,Active,1979-10-11,Individual - Non Joint,Time,60,"1:1,1:3",47-2111.00,Electricians
3971,"Sajiun Electric, Inc.",Electrician,118 E 28Th Street Unit 801,,New York,NY,10016,New York City,Active,1995-01-18,Individual - Non Joint,Time,60,"1:1,1:3",47-2111.00,Electricians
4795,Sbny Electrical Llc,Electrician,5833 57Th Dr,,Maspeth,NY,11378,New York City,Active,2024-05-14,Individual - Non Joint,Time,60,"1:1,1:3",47-2111.00,Electricians
11921,"Spring Electric, Inc",Electrician,93 Blue Factory Road,,Averill Park,NY,12018,Capital,Active,2018-07-27,Individual - Non Joint,Time,60,"1:1,1:3",47-2111.00,Electricians
10780,Srm Electrical Service Inc,Electrician,111 Bridge Road Ste 101,,Islandia,NY,11749,Long Island,Active,2018-07-26,Individual - Non Joint,Time,60,"1:1,1:3",47-2111.00,Electricians
16206,"Sumner Leigh Systems, Inc.",Electrician,1 Whipple Lane,,Rochester,NY,14622,Finger Lakes,Active,2018-03-20,Individual - Non Joint,Time,60,"1:1,1:3",47-2111.00,Electricians
4577,Sunation Solar Systems Inc.,Electrician,171 Remington Blvd,,Ronkonkoma,NY,11779,Long Island,Active,2010-04-12,Individual - Non Joint,Time,60,"1:1,1:3",47-2111.00,Electricians
11643,Switch Inc. Electrical Contractors,Electrician,25 North Riverside Ave,,Croton-on-Hudson,NY,10520,Mid-Hudson,Probation,2025-10-07,Individual - Non Joint,Time,60,"1:1,1:3",47-2111.00,Electricians
16141,"Szulgit Electric, Inc",Electrician,2012 East Main Street,,Rochester,NY,14609,Finger Lakes,Active,2018-06-14,Individual - Non Joint,Time,60,"1:1,1:3",47-2111.00,Electricians
16468,T & B Electric,Electrician,1741 Union Center Highway,,Endicott,NY,13760,Southern Tier,Program Inactive,2015-06-29,Individual - Non Joint,Time,60,"1:1,1:3",47-2111.00,Electricians
32,"Tambe Electric, Inc.",Electrician,614 Fishers Run,,Victor,NY,14564,Finger Lakes,Active,1991-04-24,Individual - Non Joint,Time,60,"1:1,1:3",47-2111.00,Electricians
18249,"Tap Metro Electric, Llc",Electrician,1770 Motor Pkwy,,Islandia,NY,11749,Long Island,Active,2019-07-01,Individual - Non Joint,Time,60,"1:1,1:3",47-2111.00,Electricians
13684,"Tc Electric, Llc",Electrician,1010 Northern Blvd Ste 203,,Great Neck,NY,11021,Long Island,Active,2006-06-27,Individual - Non Joint,Time,60,"1:1,1:3",47-2111.00,Electricians
2245,Telsan Electric Inc,Electrician,26 Charles Street,,Centereach,NY,11720,Long Island,Active,2000-10-10,Individual - Non Joint,Time,60,"1:1,1:3",47-2111.00,Electricians
8941,Top Shelf Electric Corporation,Electrician,51 Winant Place,,Staten Island,NY,10309,New York City,Active,2007-09-12,Individual - Non Joint,Time,60,"1:1,1:3",47-2111.00,Electricians
18592,Tri-City Electricians Jatc Lu #236,Electrician,428 Old Niskayuna Road,,Latham,NY,12110,Capital,Active,1989-06-01,Group - Joint,Time,60,"1:1,1:3",47-2111.00,Electricians
15888,Trinity Electric Inc,Electrician,2044 Allen Street Ext Suite 7,,Falconer,NY,14733,Western New York,Active,2017-10-03,Individual - Non Joint,Time,60,"1:1,1:3",47-2111.00,Electricians
11143,Triza Electrical Corp,Electrician,24-28 45Th Street,,Astoria,NY,11103,New York City,Active,2021-07-22,Individual - Non Joint,Time,60,"1:1,1:3",47-2111.00,Electricians
4719,"United Ranger, Inc Dba United Electric Co",Electrician,35 Urban Avenue,,Westbury,NY,11590,Long Island,Active,2008-10-15,Individual - Non Joint,Time,60,"1:1,1:3",47-2111.00,Electricians
11623,"Upstate Companies 1, Llc",Electrician,1690 State Highway 8,,Mount Upton,NY,13809,Southern Tier,Active,2018-08-15,Individual - Non Joint,Time,60,"1:1,1:3",47-2111.00,Electricians
435,Usis Electric Inc,Electrician,25 Ramland Road,,Orangeburg,NY,10962,Mid-Hudson,Active,2000-01-21,Individual - Non Joint,Time,60,"1:1,1:3",47-2111.00,Electricians
11244,"Valentine Electric, Inc.",Electrician,374 Greenbush Road,,Blauvelt,NY,10913,Mid-Hudson,Active,2006-11-21,Individual - Non Joint,Time,60,"1:1,1:3",47-2111.00,Electricians
6441,Veith Electric Llc,Electrician,130 Salt Point Turnpike,,Poughkeepsie,NY,12603,Mid-Hudson,Active,2006-05-25,Individual - Non Joint,Time,60,"1:1,1:3",47-2111.00,Electricians
18094,Wade Enterprises Inc Dba Wade Electric,Electrician,319 Ridgefield Road,,Endicott,NY,13760,Southern Tier,Active,2015-08-04,Individual - Non Joint,Time,60,"1:1,1:3",47-2111.00,Electricians
17675,Westchester- Fairfield Jatc Lu #3 Ibew,Electrician,200 Bloomingdale Road,,White Plains,NY,10605,Mid-Hudson,Active,1982-07-19,Group - Joint,Time,66,"1:1,1:3",47-2111.00,Electricians
12346,"Willdan Electrical Of Ny, Inc",Electrician,2401 E Katella Ave,,Anaheim,CA,92806,Out of State,Probation,2025-05-06,Individual - Non Joint,Time,60,"1:1,1:3",47-2111.00,Electricians
14962,"Wittburn Enterprises, Inc.",Electrician,36 Cypress Street,,Buffalo,NY,14204,Western New York,Active,1989-07-01,Individual - Non Joint,Time,60,"1:1,1:3",47-2111.00,Electricians
2150,Yonkers Electric Contracting Corp.,Electrician,145 Saw Mill River Road,,Yonkers,NY,10701,Mid-Hudson,Active,2004-01-13,Individual - Non Joint,Time,60,"1:1,1:3",47-2111.00,Electricians
12225,Zacher Electric,Electrician,30 Leo Place,,Cheektowaga,NY,14225,Western New York,Active,2017-05-15,Individual - Non Joint,Time,60,"1:1,1:3",47-2111.00,Electricians
3459,Electricians Jac Buffalo Lu #41,Electrician (Housewire or Residential),S 3546 California Road,,Orchard Park,NY,14127,Western New York,Active,2003-04-17,Group - Joint,Time,36,"1:1,1:3",47-2111.00,Electricians
18117,Nys Doccs,Electrician (Housewire or Residential),825 Central Avenue,,Albany,NY,12226,Capital,Active,2009-07-30,Individual - Non Joint,Time,36,"1:1,1:3",47-2111.00,Electricians
15964,Council Of Industry,Electro-Mechanical Technician,263 Route 17K Suite 106,,Newburgh,NY,12550,Mid-Hudson,Active,2018-06-29,Group - Non Joint,Time,48,"1:1,1:1",17-3024.40,Electro-Mechanical Technicians
7651,"Haleon Us Holding, Llc",Electro-Mechanical Technician,3169 Route 145,,East Durham,NY,12423,Capital,Active,2021-01-28,Individual - Non Joint,Time,48,"1:1,1:1",17-3024.40,Electro-Mechanical Technicians
4059,"MACNY, The Manufacturers Association",Electro-Mechanical Technician,5788 Widewaters Parkway,,Syracuse,NY,13214,Central,Active,2018-07-05,Group - Non Joint,Time,48,"1:1,1:1",17-3024.40,Electro-Mechanical Technicians
12328,Parker Hannifin Corporation,Electro-Mechanical Technician,83 Estates Drive West,,Fairport,NY,14450,Finger Lakes,Program Inactive,2020-06-11,Individual - Non Joint,Time,48,"1:1,1:1",17-3024.40,Electro-Mechanical Technicians
149883,"Rolite Manufacturing, Inc.",Electro-Mechanical Technician,10 Wendling Court,,Lancaster,NY,14086,Western New York,Probation,2026-07-16,Individual - Non Joint,Time,48,"1:1,1:1",17-3024.40,Electro-Mechanical Technicians
14948,"Rotork Controls, Inc",Electro-Mechanical Technician,675 Mile Crossing Blvd,,Rochester,NY,14624,Finger Lakes,Probation,2024-07-26,Individual - Non Joint,Time,48,"1:1,1:1",17-3024.40,Electro-Mechanical Technicians
6822,"Rtma, The Rochester Technology And Manufacturing Association",Electro-Mechanical Technician,2024 W. Henrietta Road Ste 3J,,Rochester,NY,14623,Finger Lakes,Active,2018-06-14,Group - Non Joint,Time,48,"1:1,1:1",17-3024.40,Electro-Mechanical Technicians
6119,The Gleason Works,Electro-Mechanical Technician,1000 University Ave,,Rochester,NY,14607,Finger Lakes,Probation,2025-01-30,Individual - Non Joint,Time,48,"1:1,1:1",17-3024.40,Electro-Mechanical Technicians
8686,"Ultrafab, Inc.",Electro-Mechanical Technician,1050 Hook Road,,Farmington,NY,14425,Finger Lakes,Active,2019-12-09,Individual - Non Joint,Time,48,"1:1,1:1",17-3024.40,Electro-Mechanical Technicians
2692,Upstate Niagara Cooperative,Electro-Mechanical Technician,368 Pleasant View Drive,,Lancaster,NY,14086,Western New York,Probation,2025-02-25,Group - Non Joint,Time,48,"1:1,1:1",17-3024.40,Electro-Mechanical Technicians
13983,Worthington Steel Rome Llc,Electro-Mechanical Technician,530 Henry Street,,Rome,NY,13440,Mohawk Valley,Active,2023-06-22,Individual - Non Joint,Time,48,"1:1,1:1",17-3024.40,Electro-Mechanical Technicians
9819,Majestic Mold & Tool  Inc.,Electronic Discharge Machine (EDM) - Wire & Sinker Programmer/Operator,177 Volney Street,,Phoenix,NY,13135,Central,Probation,2025-08-12,Individual - Non Joint,Time,48,"1:1,1:1",51-4199.00,"Metal Workers and Plastic Workers, All Other"
16871,Bartell Machinery Systems Llc,Electronics Mechanic (CNC Systems Maintenance),6321 Elmer Hill Rd,,Rome,NY,13440,Mohawk Valley,Active,2017-08-08,Individual - Non Joint,Time,48,"1:1,1:1",47-2111.00,Electricians
14044,John Mezzalingua Associates Llc Dba Jma Wireless,Electronics Mechanic (CNC Systems Maintenance),7645 Henry Clay Blvd,,Liverpool,NY,13088,Central,Probation,2025-09-25,Individual - Non Joint,Time,48,"1:1,1:1",47-2111.00,Electricians
2886,"Machine Tool Research, Inc.",Electronics Mechanic (CNC Systems Maintenance),405 Blossom Road,,Rochester,NY,14610,Finger Lakes,Probation,2025-07-31,Individual - Non Joint,Time,48,"1:1,1:1",47-2111.00,Electricians
8438,Calvary Robotics Inc.,Electronics Technician (Manufacturing Only),855 Publishers Parkway,,Webster,NY,14580,Finger Lakes,Active,2018-01-12,Individual - Non Joint,Time,48,"1:1,1:1",49-2094.00,"Electrical and Electronics Repairers, Commercial and Industrial Equipment"
14748,Fiber Instrument Sales Inc.,Electronics Technician (Manufacturing Only),161 Clear Road,,Oriskany,NY,13424,Mohawk Valley,Probation,2025-05-01,Individual - Non Joint,Time,48,"1:1,1:1",49-2094.00,"Electrical and Electronics Repairers, Commercial and Industrial Equipment"
4154,"Rtma, The Rochester Technology And Manufacturing Association",Electronics Technician (Manufacturing Only),2024 W. Henrietta Road Ste 3J,,Rochester,NY,14623,Finger Lakes,Active,2018-06-11,Group - Non Joint,Time,48,"1:1,1:1",49-2094.00,"Electrical and Electronics Repairers, Commercial and Industrial Equipment"
4888,"All-Ways Elevator, Inc",Elevator Servicer and Repairer,5 Davids Drive,,Hauppauge,NY,11788,Long Island,Active,2019-12-18,Individual - Non Joint,Time,48,"1:1,1:2",47-4021.00,Elevator Installers and Repairers
6681,"D And D Elevator Maintenance, Inc.",Elevator Servicer and Repairer,38 Hayes Street,,Elmsford,NY,10523,Mid-Hudson,Active,2002-10-01,Individual - Non Joint,Time,48,"1:1,1:2",47-4021.00,Elevator Installers and Repairers
2048,Jatc Of The Elevator Industry,Elevator Servicer and Repairer,"35-40 36Th Street, 2nd Floor",,Long Island City,NY,11106,New York City,Active,1956-06-01,Group - Joint,Time,48,"1:1,1:2",47-4021.00,Elevator Installers and Repairers
8696,"Lcd Elevator Repair, Inc",Elevator Servicer and Repairer,224 East 2Nd Street Ste 200,,Mineola,NY,11501,Long Island,Active,2022-06-14,Individual - Non Joint,Time,48,"1:1,1:2",47-4021.00,Elevator Installers and Repairers
3984,New York City Transit Authority,Elevator Servicer and Repairer,130 Livingston St,,Brooklyn,NY,11201,New York City,Probation,2025-07-31,Individual - Non Joint,Time,36,"1:1,1:2",47-4021.00,Elevator Installers and Repairers
13480,Nyc Housing Authority And Teamsters Local 237,Elevator Servicer and Repairer,2402 49Th Ave Fl 2,,Long Island City,NY,11101,New York City,Probation,2025-03-13,Individual - Joint,Time,48,"1:1,1:2",47-4021.00,Elevator Installers and Repairers
16619,Elevator Constructors Local #1 Jac,Elevator/Escalator Constructor & Modernizer,47-24   27Th Street,,Long Island City,NY,11101,New York City,Active,1999-08-18,Group - Joint,Hybrid,,"1:1,1:2",47-4021.00,Elevator Installers and Repairers
202,Int'L Union Of Elevator Constructors Lu #14 Jatc,Elevator/Escalator Constructor & Modernizer,"3527 Harlem Road, Suite 10",,Buffalo,NY,14225,Western New York,Active,2003-09-04,Group - Joint,Hybrid,,"1:1,1:2",47-4021.00,Elevator Installers and Repairers
3914,Intl Union Of Elevator Constr. Jatc Lo. 27 (Roch),Elevator/Escalator Constructor & Modernizer,"244 Paul Road, Suite #3",,Rochester,NY,14624,Finger Lakes,Active,2003-06-04,Group - Joint,Time,48,"1:1,1:2",47-4021.00,Elevator Installers and Repairers
6876,Loc. #35 Int'L Union Of Elevator Constructors Jatc,Elevator/Escalator Constructor & Modernizer,890 Third Street,,Albany,NY,12206,Capital,Active,2003-05-27,Group - Joint,Time,48,"1:1,1:2",47-4021.00,Elevator Installers and Repairers
7535,Local #138 Int'L Union Of Elevator Constructors Ja,Elevator/Escalator Constructor & Modernizer,25 Market Street,,Poughkeepsie,NY,12601,Mid-Hudson,Active,2003-08-06,Group - Joint,Time,48,"1:1,1:2",47-4021.00,Elevator Installers and Repairers
6328,Local #62 Int'L Union Of Elevator Constructors Jac,Elevator/Escalator Constructor & Modernizer,615 W. Genesee Street,,Syracuse,NY,13204,Central,Active,2003-08-01,Group - Joint,Hybrid,,"1:1,1:2",47-4021.00,Elevator Installers and Repairers
14054,"Vertical Transportation Experts, Llc",Elevator/Escalator Constructor & Modernizer,14 Burt Drive Unit F,,Deer Park,NY,11729,Long Island,Active,2023-08-11,Individual - Non Joint,Time,48,"1:1,1:2",47-4021.00,Elevator Installers and Repairers
16353,"Halcyon, Inc.   (Dba Halco Plumbing And Heating)",Energy Efficiency Technician,865 County Road #6,,Phelps,NY,14532,Finger Lakes,Active,2012-03-15,Individual - Non Joint,Time,12,"1:1,1:1",47-4011.01,Energy Auditors
3196,Fiber Instrument Sales Inc.,Fiber Optic Calibration Technician,161 Clear Road,,Oriskany,NY,13424,Mohawk Valley,Active,2021-01-28,Individual - Non Joint,Time,48,"1:1,1:1",17-3029.08,Photonics Technicians
13418,Careerwise New York,Financial Services Representative,"110 E 42nd St, 10th",,New York,NY,10017,New York City,Probation,2025-03-04,Group - Non Joint,Competency,,"1:1,1:1",43-3071.00,Tellers
10264,City Of Buffalo Fire Department,Fire Fighter,500 Southside Parkway,,Buffalo,NY,14210,Western New York,Active,2001-09-19,Individual - Joint,Time,36,"1:1,1:1",33-2011.01,Municipal Fire Fighters
7643,City Of Elmira Fire Department,Fire Fighter,101-109 Second Street,,Elmira,NY,14901,Southern Tier,Active,1989-12-26,Individual - Joint,Time,36,"1:1,1:1",33-2011.01,Municipal Fire Fighters
3477,City Of Auburn Fire Department,Fire Fighter-EMT,31 Seminary,,Auburn,NY,13021,Central,Active,2017-05-18,Individual - Non Joint,Time,42,"1:1,1:1",33-2011.01,Municipal Fire Fighters
728,City Of Rome Fire Department,Fire Fighter-EMT,158 Black River Rd,,Rome,NY,13440,Mohawk Valley,Active,1967-01-21,Individual - Joint,Time,42,"1:1,1:1",33-2011.01,Municipal Fire Fighters
9619,Redefine Fitness,Fitness Instructor,1113 N. Country Road,,Stony Brook,NY,11790,Long Island,Active,2024-03-07,Individual - Non Joint,Time,12,"1:1,1:1",39-9031.00,Exercise Trainers and Group Fitness Instructors
4549,Gen III Risk Partners Inc. dba Industrial Coverage,General Insurance Associate,62 South Ocean Avenue,,Patchogue,NY,11772,Long Island,Probation,2025-06-17,Individual - Non Joint,Time,18,"1:1,1:1",43-9041.00,Insurance Claims and Policy Processing Clerks
18012,Finishing Trades Institute Of New York,Glazier,45-15 36Th St,,Long Island City,NY,11101,New York City,Active,1998-03-26,Group - Joint,Time,48,"1:1,1:3",47-2121.00,Glaziers
18635,Finishing Trades Institute Of Ny @ Albany,Glazier,191 Broadway,,Menands,NY,12204,Capital,Active,2018-03-06,Group - Joint,Time,48,"1:1,1:3",47-2121.00,Glaziers
288,Finishing Trades Institute Of Ny- Wappingers Falls,Glazier,21 Airport Drive,,Wappingers Falls,NY,12590,Mid-Hudson,Active,1998-05-26,Group - Joint,Time,48,"1:1,1:3",47-2121.00,Glaziers
4867,Finishing Trades Institute Of Western-Central Ny,Glazier,585 Aero Drive,,Cheektowaga,NY,14225,Western New York,Active,2002-09-17,Group - Joint,Time,48,"1:1,1:3",47-2121.00,Glaziers
15410,Finishing Trades Institute Of Western-Central Ny,Glazier,615 W Genessee St.,,Syracuse,NY,13204,Central,Active,2001-06-02,Group - Joint,Time,48,"1:1,1:3",47-2121.00,Glaziers
3449,Finishing Trades Institute Of Western-Central Ny,Glazier,1875 Lorings Crossing Road,,Cortland,NY,13045,Central,Active,2002-11-14,Group - Joint,Time,48,"1:1,1:3",47-2121.00,Glaziers
6647,Finishing Trades Institute Of Western-Central Ny,Glazier,6605 Pittsford Palmyra Road,,Fairport,NY,14450,Finger Lakes,Active,2001-06-01,Group - Joint,Time,48,"1:1,1:3",47-2121.00,Glaziers
9454,Flower City Glass Co. Of Ny Llc Dba Flower City Glass,Glazier,188 Mt. Hope Avenue,,Rochester,NY,14620,Finger Lakes,Active,2002-08-19,Individual - Non Joint,Time,36,"1:1,1:3",47-2121.00,Glaziers
267,Northern Glass Company,Glazier,22443 Nys Rt 37,,Watertown,NY,13601,North Country,Active,1994-11-01,Individual - Non Joint,Time,48,"1:1,1:3",47-2121.00,Glaziers
5355,"View-Tech, Inc.",Glazier,500 Plum St. Ste 410,,Syracuse,NY,13202,Central,Probation,2026-02-12,Individual - Non Joint,Time,36,"1:1,1:3",47-2121.00,Glaziers
2562,New York State Turfgrass Association,Groundskeeper,212 Pawling Ave,,Troy,NY,12180,Capital,Probation,2023-12-07,Group - Non Joint,Time,24,"1:1,1:1",37-3011.00,Landscaping and Groundskeeping Workers
1880,Joseph Environmental LLC,Hazardous Materials Removal Worker,160 Varick Street,,New York,NY,10013,New York City,Active,2019-09-12,Individual - Non Joint,Time,24,"1:1,1:4",47-2061.00,Construction Laborers
2235,Local 12A Abatement Workers Jatc,Hazardous Materials Removal Worker,47-14 32 Place,,Long Island City,NY,11101,New York City,Active,2016-03-09,Group - Joint,Time,24,"1:1,1:4",47-2061.00,Construction Laborers
14036,Akwesasne Mohawk Casino Resort,"Heating, Ventilation and Air Conditioning Mechanic",873 State Rte 37,,Hogansburg,NY,13655,North Country,Active,2013-04-26,Individual - Non Joint,Time,48,"1:1,1:3",49-9021.01,Heating and Air Conditioning Mechanics and Installers
12844,Bayside Refrigeration Inc,"Heating, Ventilation and Air Conditioning Mechanic",24-26 46Th Street,,Astoria,NY,11103,New York City,Active,2019-05-13,Individual - Non Joint,Time,48,"1:1,1:3",49-9021.01,Heating and Air Conditioning Mechanics and Installers
2790,"Borgwarner Ithaca, Llc","Heating, Ventilation and Air Conditioning Mechanic",800 Warren Road,,Ithaca,NY,14850,Southern Tier,Active,2012-03-14,Individual - Joint,Time,48,"1:1,1:3",49-9021.01,Heating and Air Conditioning Mechanics and Installers
6869,Canton Potsdam Hospital,"Heating, Ventilation and Air Conditioning Mechanic",50 Leroy Street,,Potsdam,NY,13676,North Country,Probation,2024-03-20,Individual - Non Joint,Time,48,"1:1,1:3",49-9021.01,Heating and Air Conditioning Mechanics and Installers
15517,"Colonie Mechanical Contractors, Inc","Heating, Ventilation and Air Conditioning Mechanic",17 Railroad Ave,,Albany,NY,12205,Capital,Active,2020-09-10,Individual - Non Joint,Time,48,"1:1,1:3",49-9021.01,Heating and Air Conditioning Mechanics and Installers
1634,Euro Comfort Corp.,"Heating, Ventilation and Air Conditioning Mechanic",1007 Yonkers Ave,,Yonkers,NY,10704,Mid-Hudson,Probation,2026-05-20,Individual - Non Joint,Time,48,"1:1,1:3",49-9021.01,Heating and Air Conditioning Mechanics and Installers
2422,"Halcyon, Inc.   (Dba Halco Plumbing And Heating)","Heating, Ventilation and Air Conditioning Mechanic",865 County Road #6,,Phelps,NY,14532,Finger Lakes,Active,2005-05-24,Individual - Non Joint,Time,48,"1:1,1:3",49-9021.01,Heating and Air Conditioning Mechanics and Installers
13263,KIMCO dba Day & Nite Refrigeration Corp,"Heating, Ventilation and Air Conditioning Mechanic",10 Charles Street,,New Hyde Park ,NY,11040,Long Island,Probation,2025-09-11,Individual - Non Joint,Time,48,"1:1,1:3",49-9021.01,Heating and Air Conditioning Mechanics and Installers
9523,Mt. Kisco Mechanical Service Corp,"Heating, Ventilation and Air Conditioning Mechanic",10 Center Street,,Bedford Hills,NY,10507,Mid-Hudson,Probation,2025-10-14,Individual - Non Joint,Time,48,"1:1,1:3",49-9021.01,Heating and Air Conditioning Mechanics and Installers
1027,Palco Mechanical Llc,"Heating, Ventilation and Air Conditioning Mechanic",48 Lake St,,White Plains,NY,10603,Mid-Hudson,Active,2024-04-25,Individual - Non Joint,Time,48,"1:1,1:3",49-9021.01,Heating and Air Conditioning Mechanics and Installers
8015,Plumber & Steamfitters Lu # 7 Jatc,"Heating, Ventilation and Air Conditioning Mechanic",18 Avis Drive,,Latham,NY,12110,Capital,Active,1989-09-07,Group - Joint,Time,60,"1:1,1:3",49-9021.01,Heating and Air Conditioning Mechanics and Installers
14363,Plumbers And Steamfitters Jac Rockland Lu #373,"Heating, Ventilation and Air Conditioning Mechanic",76 Pleasant Hill Road,,Mountainville,NY,10953,Mid-Hudson,Active,1995-11-06,Group - Joint,Time,60,"1:1,1:3",49-9021.01,Heating and Air Conditioning Mechanics and Installers
10928,Plumbers And Steamfitters Local #22 Of Western Ny,"Heating, Ventilation and Air Conditioning Mechanic",120 Gardenville Pkwy,,West Seneca,NY,14224,Western New York,Active,2018-01-05,Group - Joint,Time,60,"1:1,1:3",49-9021.01,Heating and Air Conditioning Mechanics and Installers
17713,Plumbers And Steamfitters Lu #773,"Heating, Ventilation and Air Conditioning Mechanic",37 Luzerne Road,,Queensbury,NY,12804,Capital,Active,2014-11-13,Group - Joint,Time,60,"1:1,1:3",49-9021.01,Heating and Air Conditioning Mechanics and Installers
8672,Plumbers And Steamfitters Lu #81 Jatc (Syracuse),"Heating, Ventilation and Air Conditioning Mechanic",150 Midler Park Drive,,Syracuse,NY,13206,Central,Active,2018-02-21,Group - Joint,Time,60,"1:1,1:3",49-9021.01,Heating and Air Conditioning Mechanics and Installers
15551,Plumbing And Heating Jatc Rochester Lu #13,"Heating, Ventilation and Air Conditioning Mechanic",1850 Mt Read Blvd,,Rochester,NY,14615,Finger Lakes,Active,2017-12-05,Group - Joint,Time,60,"1:1,1:3",49-9021.01,Heating and Air Conditioning Mechanics and Installers
5186,Sheet Metal Jac Of Rochester Lu #46,"Heating, Ventilation and Air Conditioning Mechanic",244 Paul Road,,Rochester,NY,14624,Finger Lakes,Active,2020-05-14,Group - Joint,Time,48,"1:1,1:3",49-9021.01,Heating and Air Conditioning Mechanics and Installers
627,"St. Andrews HVAC Contracting, LLC d/b/a St Andrews Heating & Cooling","Heating, Ventilation and Air Conditioning Mechanic",212 Stoner Trail,,Johnstown,NY,12095,Mohawk Valley,Probation,2026-01-06,Individual - Non Joint,Time,48,"1:1,1:3",49-9021.01,Heating and Air Conditioning Mechanics and Installers
8428,United Service Workers #355 Jatc,"Heating, Ventilation and Air Conditioning Mechanic",267 Knickerbocker Avenue,,Bohemia,NY,11716,Long Island,Probation,2025-03-06,Group - Joint,Time,48,"1:1,1:3",49-9021.01,Heating and Air Conditioning Mechanics and Installers
13370,Akwesasne Mohawk Casino Resort,"Housekeeper (Commercial, Residential, Industrial)",873 State Rte 37,,Hogansburg,NY,13655,North Country,Active,2019-08-07,Individual - Non Joint,Time,12,"1:1,1:1",37-2012.00,Maids and Housekeeping Cleaners
13707,Mvhs Inc,"Housekeeper (Commercial, Residential, Industrial)",111 Hospital Drive,,Utica,NY,13502,Mohawk Valley,Probation,2025-03-20,Individual - Non Joint,Time,12,"1:1,1:1",37-2012.00,Maids and Housekeeping Cleaners
10280,Nys Doccs,"Housekeeper (Commercial, Residential, Industrial)",825 Central Avenue,,Albany,NY,12226,Capital,Active,2019-11-12,Individual - Non Joint,Time,12,"1:1,1:1",37-2012.00,Maids and Housekeeping Cleaners
2643,The Armory Foundation,"Housekeeper (Commercial, Residential, Industrial)",216 Fort Washington Ave,,New York,NY,10032,New York City,Probation,2024-03-19,Individual - Non Joint,Time,12,"1:1,1:1",37-2012.00,Maids and Housekeeping Cleaners
17169,Astrocom Electronics,Human Resources Associate,115 D.K. Lifgren Drive,,Oneonta,NY,13820,Mohawk Valley,Probation,2026-04-17,Individual - Non Joint,Competency,,"1:1,1:1",43-4161.00,"Human Resources Assistants, Except Payroll and Timekeeping"
13531,Careerwise New York,Human Resources Associate,"110 E 42nd St, 10th",,New York,NY,10017,New York City,Probation,2025-03-04,Group - Non Joint,Competency,,"1:1,1:1",43-4161.00,"Human Resources Assistants, Except Payroll and Timekeeping"
5741,"MACNY, The Manufacturers Association",Human Resources Associate,5788 Widewaters Parkway,,Syracuse,NY,13214,Central,Probation,2025-05-15,Group - Non Joint,Time,24,"1:1,1:1",43-4161.00,"Human Resources Assistants, Except Payroll and Timekeeping"
5305,Mvhs Inc,Human Resources Associate,111 Hospital Drive,,Utica,NY,13502,Mohawk Valley,Probation,2025-03-20,Individual - Non Joint,Time,24,"1:1,1:1",43-4161.00,"Human Resources Assistants, Except Payroll and Timekeeping"
13291,"The Utica Center For Development, Inc",Human Resources Associate,726 Washington St,,Utica,NY,13502,Mohawk Valley,Probation,2024-12-23,Individual - Non Joint,Time,24,"1:1,1:1",43-4161.00,"Human Resources Assistants, Except Payroll and Timekeeping"
14317,Utica First Insurance Company,Human Resources Associate,5981 Airport Road,,Oriskany,NY,13424,Mohawk Valley,Probation,2024-02-01,Individual - Non Joint,Time,24,"1:1,1:1",43-4161.00,"Human Resources Assistants, Except Payroll and Timekeeping"
10036,Progressive Machine And Design Llc,Industrial Equipment Wirer and Assembler,727 Rowley Road,,Victor,NY,14564,Finger Lakes,Active,2005-11-28,Individual - Non Joint,Time,48,"1:1,1:1",51-2022.00,Electrical and Electronic Equipment Assemblers
4082,New York State Department of Labor,Industrial Hygienist,1220 Washington Avenue,,Albany,NY,12226,Capital,Probation,2026-01-20,Individual - Non Joint,Time,18,"1:1,1:1",19-5011.00,Occupational Health and Safety Specialists
14108,Cummins Inc.,Industrial Machinery Mechanic,4720 Baker Street Ext.,,Lakewood,NY,14750,Western New York,Active,2008-01-06,Individual - Non Joint,Time,48,"1:1,1:1",49-9041.00,Industrial Machinery Mechanics
133,Council Of Industry,Industrial Manufacturing Technician,263 Route 17K Suite 106,,Newburgh,NY,12550,Mid-Hudson,Active,2018-07-18,Group - Non Joint,Time,16,"1:1,1:1",17-3029.09,Manufacturing Production Technicians
4137,"MACNY, The Manufacturers Association",Industrial Manufacturing Technician,5788 Widewaters Parkway,,Syracuse,NY,13214,Central,Active,2020-02-24,Group - Non Joint,Time,16,"1:1,1:1",17-3029.09,Manufacturing Production Technicians
6896,"Rtma, The Rochester Technology And Manufacturing Association",Industrial Manufacturing Technician,2024 W. Henrietta Road Ste 3J,,Rochester,NY,14623,Finger Lakes,Active,2018-06-14,Group - Non Joint,Time,16,"1:1,1:1",17-3029.09,Manufacturing Production Technicians
12851,Stan's Performance Products LLC,Industrial Manufacturing Technician,202 Daniel Zenker Drive,,Big Flats,NY,14814,Southern Tier,Probation,2025-11-04,Individual - Non Joint,Time,16,"1:1,1:1",17-3029.09,Manufacturing Production Technicians
15801,The Center For Economic Growth,Industrial Manufacturing Technician,5 Computer Drive South,,Albany,NY,12205,Capital,Active,2019-06-06,Group - Non Joint,Time,16,"1:1,1:1",17-3029.09,Manufacturing Production Technicians
11769,"Ultrafab, Inc.",Industrial Manufacturing Technician,1050 Hook Road,,Farmington,NY,14425,Finger Lakes,Active,2023-06-22,Individual - Non Joint,Time,16,"1:1,1:1",17-3029.09,Manufacturing Production Technicians
14399,Worthington Steel Rome Llc,Industrial Manufacturing Technician,530 Henry Street,,Rome,NY,13440,Mohawk Valley,Active,2023-06-22,Individual - Non Joint,Time,16,"1:1,1:1",17-3029.09,Manufacturing Production Technicians
149885,Council Of Industry,Industrial Sewing Machine Operator,263 Route 17K Suite 106,,Newburgh,NY,12550,Mid-Hudson,Probation,2026-07-02,Group - Non Joint,Time,12,"1:1,1:1",51-6031.00,Sewing Machine Operators
6562,"MACNY, The Manufacturers Association",Industrial Truck Mechanic,5788 Widewaters Parkway,,Syracuse,NY,13214,Central,Active,2023-04-20,Group - Non Joint,Time,36,"1:1,1:1",49-3031.00,Bus and Truck Mechanics and Diesel Engine Specialists
2188,"Laurie Carey Consulting, Llc Dba Nebula Professional Deve Academy",Instructor/Trainer (Information Technology),303 Crooked Hill Road,,Brentwood,NY,11717,Long Island,Probation,2023-05-04,Individual - Non Joint,Competency,,"1:1,1:1",25-1194.00,"Career/Technical Education Teachers, Postsecondary"
13620,Goodyear Tire And Rubber Company,Instrument &  Electrical Mechanic,5500 Goodyear Drive,,Niagara Falls,NY,14304,Western New York,Probation,2025-02-27,Individual - Joint,Time,45,"1:1,1:1",47-2111.00,Electricians
4612,"Avanti Control Systems, Inc",Instrument Technician,204 County Hwy 157,,Gloversville,NY,12078,Mohawk Valley,Active,2022-09-20,Individual - Non Joint,Time,48,"1:1,1:1",17-3023.01,Electronics Engineering Technicians
5972,Constellation Energy Corporation,Instrument Technician,268 Lake Road,,Oswego,NY,13126,Central,Active,2018-09-25,Individual - Joint,Time,48,"1:1,1:1",17-3023.01,Electronics Engineering Technicians
13520,"Knowlton Technologies, Llc.",Instrument Technician,213 Factory Street,,Watertown,NY,13601,North Country,Program Inactive,2018-06-29,Individual - Joint,Time,48,"1:1,1:1",17-3023.01,Electronics Engineering Technicians
4571,"Rtma, The Rochester Technology And Manufacturing Association",Instrument Technician,2024 W. Henrietta Road Ste 3J,,Rochester,NY,14623,Finger Lakes,Active,2023-05-02,Group - Non Joint,Time,48,"1:1,1:1",17-3023.01,Electronics Engineering Technicians
13235,Asbestos Workers Jac Lu #91,Insulation and Asbestos Worker,260 Sixth Street,,Verplanck,NY,10566,Mid-Hudson,Active,1992-01-24,Group - Joint,Time,48,"1:1,1:3",47-2131.00,"Insulation Workers, Floor, Ceiling, and Wall"
3642,C And K Insulation Inc.,Insulation and Asbestos Worker,179 Dimmock Hill Rd,,Binghamton,NY,13905,Southern Tier,Active,2002-01-29,Individual - Non Joint,Time,48,"1:1,1:3",47-2131.00,"Insulation Workers, Floor, Ceiling, and Wall"
12374,"Empire Insulation Specialties, Inc.",Insulation and Asbestos Worker,101 Agnes Avenue,,Schenectady,NY,12303,Capital,Active,2002-07-08,Individual - Non Joint,Time,48,"1:1,1:3",47-2131.00,"Insulation Workers, Floor, Ceiling, and Wall"
16544,Heat And Frost Insul. And Allied Wrkrs #26,Insulation and Asbestos Worker,"4348 Culver Road, Suite 3",,Rochester,NY,14622,Finger Lakes,Active,1993-02-15,Group - Joint,Time,48,"1:1,1:3",47-2131.00,"Insulation Workers, Floor, Ceiling, and Wall"
11931,Heat-Frost Insulators Asbestos Workers Jac Lu #4,Insulation and Asbestos Worker,2484 Seneca Street,,Buffalo,NY,14210,Western New York,Active,1988-06-01,Group - Joint,Time,48,"1:1,1:3",47-2131.00,"Insulation Workers, Floor, Ceiling, and Wall"
3016,Heat-Frost Insulators-Allied Workers Lu # 30,Insulation and Asbestos Worker,5 Adler Dr.,Suite 3,E. Syracuse,NY,13057,Central,Active,1989-11-27,Group - Joint,Time,48,"1:1,1:3",47-2131.00,"Insulation Workers, Floor, Ceiling, and Wall"
11790,Int'L Assoc Heat & Frost Insulators/Allied Workers,Insulation and Asbestos Worker,890 Third Street,,Albany,NY,12206,Capital,Active,1988-08-01,Group - Joint,Time,48,"1:1,1:3",47-2131.00,"Insulation Workers, Floor, Ceiling, and Wall"
4189,"Lawman Heating And Cooling, Inc.",Insulation and Asbestos Worker,206 Ambrose Street,,Sackets Harbor,NY,13685,North Country,Active,2000-10-13,Individual - Non Joint,Time,48,"1:1,1:3",47-2131.00,"Insulation Workers, Floor, Ceiling, and Wall"
11605,Local 12 A.J.E.F.,Insulation and Asbestos Worker,35-53 24Th Street,,Long Island City,NY,11106,New York City,Active,1991-10-01,Group - Joint,Time,48,"1:1,1:3",47-2131.00,"Insulation Workers, Floor, Ceiling, and Wall"
12939,"Southern Tier Insulation Distributors., Inc.",Insulation and Asbestos Worker,3150 Buckingham Road,,Endwell,NY,13760,Southern Tier,Active,1984-10-14,Individual - Non Joint,Time,48,"1:1,1:3",47-2131.00,"Insulation Workers, Floor, Ceiling, and Wall"
8139,Associated Builders And Contractors Empire State,Iron Worker (Outside),6369 Collamer Drive,,East Syracuse,NY,13057,Central,Active,2021-07-29,Group - Non Joint,Time,36,"1:1,1:4",47-2221.00,Structural Iron and Steel Workers
17744,"Empire State Merit Apprenticeship Alliance, Inc",Iron Worker (Outside),6320 Fly Rd,Suite 210A,East Syracuse,NY,13057,Central,Active,2017-10-03,Group - Non Joint,Time,36,"1:1,1:4",47-2221.00,Structural Iron and Steel Workers
4145,Iron Workers Jac Local 60,Iron Worker (Outside),500 West Genesee Street,,Syracuse,NY,13204,Central,Active,1987-10-26,Group - Joint,Time,48,"1:1,1:4",47-2221.00,Structural Iron and Steel Workers
11948,Iron Workers Jac Of Albany Lu #12,Iron Worker (Outside),17 Hemlock Street,,Latham,NY,12110,Capital,Active,1989-06-26,Group - Joint,Time,48,"1:1,1:4",47-2221.00,Structural Iron and Steel Workers
10105,Iron Workers Lu #33 Jac Rochester,Iron Worker (Outside),650 Trabold Road,,Rochester,NY,14624,Finger Lakes,Active,1991-06-01,Group - Joint,Time,48,"1:1,1:4",47-2221.00,Structural Iron and Steel Workers
192,Ironworkers Jac  District 2 - Lu #440,Iron Worker (Outside),"10 Main Street, Suite 100",,Whitesboro,NY,13492,Mohawk Valley,Active,1992-04-28,Group - Joint,Time,48,"1:1,1:4",47-2221.00,Structural Iron and Steel Workers
1325,Ironworkers Jac District 1 - Local #440,Iron Worker (Outside),"10 Main Street, Suite 100",,Whitesboro,NY,13492,Mohawk Valley,Active,1991-09-06,Group - Joint,Time,48,"1:1,1:4",47-2221.00,Structural Iron and Steel Workers
668,Ironworkers Jac Lu #417 Newburgh,Iron Worker (Outside),583 Route 32,,Wallkill,NY,12589,Mid-Hudson,Active,1991-09-09,Group - Joint,Time,48,"1:1,1:4",47-2221.00,Structural Iron and Steel Workers
17480,Ironworkers Local #9 Jac Of Niagara County,Iron Worker (Outside),412  39Th Street,,Niagara Falls,NY,14303,Western New York,Active,1989-02-01,Group - Joint,Time,48,"1:1,1:4",47-2221.00,Structural Iron and Steel Workers
8335,Ironworkers Local 6 Jat/Jrt,Iron Worker (Outside),196 Orchard Park Rd.,,West Seneca,NY,14224,Western New York,Active,1988-11-01,Group - Joint,Time,48,"1:1,1:4",47-2221.00,Structural Iron and Steel Workers
9630,Ironworkers Lu 40 And 361,Iron Worker (Outside),35-23  36Th Street,,Astoria,NY,11106,New York City,Active,1944-11-24,Group - Joint,Time,36,"1:1,1:4",47-2221.00,Structural Iron and Steel Workers
17861,Piasecki Steel Construction Corp.,Iron Worker (Outside),1264 Route 9,,Castleton,NY,12033,Capital,Active,2010-12-03,Individual - Non Joint,Time,39,"1:1,1:4",47-2221.00,Structural Iron and Steel Workers
13510,United Derrickmen And Riggers Lu #197,Iron Worker (Stone Derrickman and Rigger),"47-10 32Nd Place, Suite 403",,Long Island City,NY,11106,New York City,Active,1990-09-18,Group - Joint,Time,36,"1:1,1:4",47-2221.00,Structural Iron and Steel Workers
7635,Careerwise New York,Junior Accountant,"110 E 42nd St, 10th",,New York,NY,10017,New York City,Probation,2025-03-04,Group - Non Joint,Competency,,"1:1,1:1",43-3031.00,"Bookkeeping, Accounting, and Auditing Clerks"
11242,Fiber Instrument Sales Inc.,Junior Accountant,161 Clear Road,,Oriskany,NY,13424,Mohawk Valley,Probation,2025-05-06,Individual - Non Joint,Time,24,"1:1,1:1",43-3031.00,"Bookkeeping, Accounting, and Auditing Clerks"
16355,"Finger Lakes Community Newspaper, LLC",Junior Accountant,109 N Cayuga St,,Ithaca,NY,14850,Southern Tier,Probation,2026-02-26,Individual - Non Joint,Time,24,"1:1,1:1",43-3031.00,"Bookkeeping, Accounting, and Auditing Clerks"
4638,"Kreitzman & Kreitzman, Cpa Prtrs",Junior Accountant,140 Adams Ave Ste B9,,Hauppauge,NY,11788,Long Island,Active,2023-05-11,Individual - Non Joint,Time,24,"1:1,1:1",43-3031.00,"Bookkeeping, Accounting, and Auditing Clerks"
96,Nys Doccs,Landscape Nursery Manager,825 Central Avenue,,Albany,NY,12226,Capital,Active,1989-04-04,Individual - Non Joint,Time,48,"1:1,1:1",37-3011.00,Landscaping and Groundskeeping Workers
8224,Sonnenberg Gardens And Mansion,Landscape Nursery Manager,250 Gibson Street,,Canandaigua,NY,14424,Finger Lakes,Active,2017-12-05,Individual - Non Joint,Time,48,"1:1,1:1",37-3011.00,Landscaping and Groundskeeping Workers
12872,Metallic Lathers-Reinforcing Ironworkers Lu #46,"Lather (Wood, Wire and Metal)",61-02 32Nd Avenue,,Woodside,NY,11377,New York City,Active,1962-08-21,Group - Joint,Time,48,"1:1,1:3",47-2031.01,Construction Carpenters
17928,Carpenter's Jatc of NYC & Vicinity,"Linoleum, Resilient Tile and Carpet Layer",395 Hudson Street,2Nd Floor,New York,NY,10014,New York City,Active,1983-09-06,Group - Joint,Time,48,"1:1,1:3",47-2042.00,"Floor Layers, Except Carpet, Wood, and Hard Tile"
17535,North Atlantic States Carpenters Training Fund,"Linoleum, Resilient Tile and Carpet Layer",21 Jetview Drive,,Rochester,NY,14624,Finger Lakes,Active,2000-09-27,Group - Joint,Time,48,"1:1,1:3",47-2042.00,"Floor Layers, Except Carpet, Wood, and Hard Tile"
10217,Nys Doccs,"Linoleum, Resilient Tile and Carpet Layer",825 Central Avenue,,Albany,NY,12226,Capital,Active,1988-02-29,Individual - Non Joint,Time,36,"1:1,1:3",47-2042.00,"Floor Layers, Except Carpet, Wood, and Hard Tile"
2535,Calvary Robotics Inc.,Machine Builder,855 Publishers Parkway,,Webster,NY,14580,Finger Lakes,Program Inactive,2018-01-12,Individual - Non Joint,Time,48,"1:1,1:1",51-2031.00,Engine and Other Machine Assemblers
2521,Micro Instrument Corporation,Machine Builder,1199 Emerson Street,,Rochester,NY,14606,Finger Lakes,Active,1999-11-03,Individual - Non Joint,Time,48,"1:1,1:1",51-2031.00,Engine and Other Machine Assemblers
4387,Progressive Machine And Design Llc,Machine Builder,727 Rowley Road,,Victor,NY,14564,Finger Lakes,Active,2014-11-13,Individual - Non Joint,Time,48,"1:1,1:1",51-2031.00,Engine and Other Machine Assemblers
127655,General Motors Tonawanda Propulsion Systems,Machine Repairer,2995 River Road,,Buffalo,NY,14207,Western New York,Probation,2026-06-18,Individual - Joint,Time,48,"1:1,1:1",51-4041.00,Machinists
17927,"Gm Components Holdings, Llc",Machine Repairer,200 Upper Mountain Road,,Lockport,NY,14094,Western New York,Active,2024-02-13,Individual - Joint,Time,48,"1:1,1:1",51-4041.00,Machinists
7673,"Machine Tool Research, Inc.",Machine Tool Builder,405 Blossom Road,,Rochester,NY,14610,Finger Lakes,Active,2009-06-15,Individual - Non Joint,Time,48,"1:1,1:1",51-2031.00,Engine and Other Machine Assemblers
9395,"Advan-Tech Manufacturing, Inc.",Machinist,3645 California Road,,Orchard Park,NY,14127,Western New York,Active,2001-08-27,Individual - Non Joint,Time,48,"1:1,1:1",51-4041.00,Machinists
8222,Cem Machine Inc.,Machinist,571 West End Ave,,Carthage,NY,13619,North Country,Active,2014-06-25,Individual - Non Joint,Time,48,"1:1,1:1",51-4041.00,Machinists
9836,"Empire Plastics, Inc",Machinist,2011 E Main Street,,Endicott,NY,13760,Southern Tier,Probation,2025-04-21,Individual - Non Joint,Time,48,"1:1,1:1",51-4041.00,Machinists
17793,"Industrial Tool And Die Co., Inc.",Machinist,14 Industrial Park Rd.,,Troy,NY,12180,Capital,Active,2013-10-24,Individual - Non Joint,Time,48,"1:1,1:1",51-4041.00,Machinists
14717,Instant Brands,Machinist,One Steuben Street,,Corning,NY,14830,Southern Tier,Active,1998-09-14,Individual - Joint,Time,48,"1:1,1:1",51-4041.00,Machinists
3618,Saint-Gobain Ceramics And Plastics Inc,Machinist,23 Acheson Drive,,Niagara Falls,NY,14303,Western New York,Active,2020-05-21,Individual - Joint,Time,48,"1:1,1:1",51-4041.00,Machinists
7594,"Tasner Machine & Tool, Inc",Machinist,100 Industrial Drive,,North Tonawanda,NY,14120,Western New York,Program Inactive,2021-05-20,Individual - Non Joint,Time,48,"1:1,1:1",51-4041.00,Machinists
1692,Advantech Industries Inc.,Machinist (CNC),3850 Buffalo Road,,Rochester,NY,14624,Finger Lakes,Active,2012-08-10,Individual - Non Joint,Time,48,"1:1,1:1",51-4041.00,Machinists
7131,"Amada Tool America, Inc.",Machinist (CNC),4A Treadeasy Avenue,,Batavia,NY,14020,Finger Lakes,Active,2013-08-07,Individual - Non Joint,Time,48,"1:1,1:1",51-4041.00,Machinists
10406,Amphenol Aerospace,Machinist (CNC),191 Delaware Avenue,,Sidney,NY,13838,Southern Tier,Probation,2023-08-24,Individual - Non Joint,Time,36,"1:1,1:1",51-4041.00,Machinists
10606,"Atlas Copco Comptec, Llc",Machinist (CNC),46 School Road,,Voorheesville,NY,12186,Capital,Probation,2025-04-17,Individual - Non Joint,Time,48,"1:1,1:1",51-4041.00,Machinists
18805,Bartell Machinery Systems Llc,Machinist (CNC),6321 Elmer Hill Rd,,Rome,NY,13440,Mohawk Valley,Active,2017-08-08,Individual - Non Joint,Time,48,"1:1,1:1",51-4041.00,Machinists
930,Bluefors Cryocooler Technologies Inc.,Machinist (CNC),6682 Moore Rd,,Syracuse,NY,13211,Central,Active,2015-07-30,Individual - Non Joint,Time,48,"1:1,1:1",51-4041.00,Machinists
5604,Canastota Nc,Machinist (CNC),121 W Center St,,Canastota,NY,13032,Central,Active,2021-11-16,Individual - Non Joint,Time,48,"1:1,1:1",51-4041.00,Machinists
15064,Cem Machine Inc.,Machinist (CNC),571 West End Ave,,Carthage,NY,13619,North Country,Active,2014-06-25,Individual - Non Joint,Time,48,"1:1,1:1",51-4041.00,Machinists
7074,Corning Tropel Corporation,Machinist (CNC),60 O'Connor Road,,Fairport,NY,14450,Finger Lakes,Active,2023-02-16,Individual - Non Joint,Time,48,"1:1,1:1",51-4041.00,Machinists
368,Council Of Industry,Machinist (CNC),263 Route 17K Suite 106,,Newburgh,NY,12550,Mid-Hudson,Active,2018-06-29,Group - Non Joint,Time,48,"1:1,1:1",51-4041.00,Machinists
6727,Elite Machine Inc,Machinist (CNC),3 Merrick Circle,,Manchester,NY,14504,Finger Lakes,Probation,2025-06-17,Individual - Non Joint,Time,48,"1:1,1:1",51-4041.00,Machinists
18931,"Empire Plastics, Inc",Machinist (CNC),2011 E Main Street,,Endicott,NY,13760,Southern Tier,Probation,2025-04-21,Individual - Non Joint,Time,48,"1:1,1:1",51-4041.00,Machinists
4893,"Fermer Precision, Inc",Machinist (CNC),114 Johnson Road,,Ilion,NY,13357,Mohawk Valley,Active,2022-01-21,Individual - Non Joint,Time,48,"1:1,1:1",51-4041.00,Machinists
8688,Fuller Tool Incorporated,Machinist (CNC),3061 State Rt 28,,Herkimer,NY,13350,Mohawk Valley,Active,2016-12-02,Individual - Non Joint,Time,48,"1:1,1:1",51-4041.00,Machinists
5888,John Mezzalingua Associates Llc Dba Jma Wireless,Machinist (CNC),7645 Henry Clay Blvd,,Liverpool,NY,13088,Central,Active,2015-09-23,Individual - Non Joint,Time,48,"1:1,1:1",51-4041.00,Machinists
5463,"Lakeside Precision, Inc.",Machinist (CNC),208 Dove Street,,Dunkirk,NY,14048,Western New York,Active,1997-03-01,Individual - Non Joint,Time,48,"1:1,1:1",51-4041.00,Machinists
7133,"Machine Tool Research, Inc.",Machinist (CNC),405 Blossom Road,,Rochester,NY,14610,Finger Lakes,Active,2013-09-09,Individual - Non Joint,Time,48,"1:1,1:1",51-4041.00,Machinists
18376,"MACNY, The Manufacturers Association",Machinist (CNC),5788 Widewaters Parkway,,Syracuse,NY,13214,Central,Active,2017-07-10,Group - Non Joint,Time,48,"1:1,1:1",51-4041.00,Machinists
13303,Micro Instrument Corporation,Machinist (CNC),1199 Emerson Street,,Rochester,NY,14606,Finger Lakes,Active,2022-06-28,Individual - Non Joint,Time,48,"1:1,1:1",51-4041.00,Machinists
7694,"N.E.T. & Die, Inc",Machinist (CNC),25 River Glen,,Fulton,NY,13069,Central,Probation,2024-04-25,Individual - Non Joint,Time,48,"1:1,1:1",51-4041.00,Machinists
15867,Nsh Usa Corporation,Machinist (CNC),1700 North Broadway,,Albany,NY,12204,Capital,Active,2019-10-29,Individual - Non Joint,Time,48,"1:1,1:1",51-4041.00,Machinists
11602,"Package One Industries, Llc",Machinist (CNC),414 Union Street,,Schenectady,NY,12305,Capital,Active,2017-07-10,Individual - Non Joint,Time,48,"1:1,1:1",51-4041.00,Machinists
5082,"Peko Precision Products, Inc.",Machinist (CNC),1385 Emerson Street,,Rochester,NY,14606,Finger Lakes,Active,1997-08-01,Individual - Non Joint,Time,48,"1:1,1:1",51-4041.00,Machinists
13232,"Precise Tool And Manufacturing, Inc.",Machinist (CNC),9 Coldwater Crescent,,Rochester,NY,14624,Finger Lakes,Active,2006-12-27,Individual - Non Joint,Time,48,"1:1,1:1",51-4041.00,Machinists
4734,Redding-Hunter Inc,Machinist (CNC),1089 Starr Road,,Cortland,NY,13045,Central,Active,2018-10-10,Individual - Non Joint,Time,48,"1:1,1:1",51-4041.00,Machinists
4908,"Rtma, The Rochester Technology And Manufacturing Association",Machinist (CNC),2024 W. Henrietta Road Ste 3J,,Rochester,NY,14623,Finger Lakes,Active,2018-06-11,Group - Non Joint,Time,48,"1:1,1:1",51-4041.00,Machinists
5033,S&H Machine Company Inc,Machinist (CNC),83 Clyde Avenue,,Buffalo,NY,14215,Western New York,Active,2014-07-29,Individual - Non Joint,Time,48,"1:1,1:1",51-4041.00,Machinists
5408,"Superior Technology, Inc",Machinist (CNC),200 Paragon Drive,,Rochester,NY,14624,Finger Lakes,Program Inactive,2019-06-06,Individual - Non Joint,Time,48,"1:1,1:1",51-4041.00,Machinists
10201,Teke Machine Corporation,Machinist (CNC),114 West Avenue,,Rochester,NY,14611,Finger Lakes,Active,2000-04-12,Individual - Non Joint,Time,48,"1:1,1:1",51-4041.00,Machinists
11799,The Center For Economic Growth,Machinist (CNC),5 Computer Drive South,,Albany,NY,12205,Capital,Active,2019-06-06,Group - Non Joint,Time,48,"1:1,1:1",51-4041.00,Machinists
3531,The Gleason Works,Machinist (CNC),1000 University Ave,,Rochester,NY,14607,Finger Lakes,Active,2019-12-18,Individual - Non Joint,Time,48,"1:1,1:1",51-4041.00,Machinists
4464,"Trident Precision Manufacturing, Inc.",Machinist (CNC),734 Salt Road,,Webster,NY,14580,Finger Lakes,Program Inactive,1996-10-22,Individual - Non Joint,Time,48,"1:1,1:1",51-4041.00,Machinists
1524,"Ultrafab, Inc.",Machinist (CNC),1050 Hook Road,,Farmington,NY,14425,Finger Lakes,Active,2019-12-09,Individual - Non Joint,Time,48,"1:1,1:1",51-4041.00,Machinists
17176,"Xli Manufacturing, Llc",Machinist (CNC),50 Jetview Dr,,Rochester,NY,14624,Finger Lakes,Active,2022-01-21,Individual - Non Joint,Time,48,"1:1,1:1",51-4041.00,Machinists
1339,"Borgwarner Ithaca, Llc",Maintenance Machinist,800 Warren Road,,Ithaca,NY,14850,Southern Tier,Active,1991-11-11,Individual - Joint,Time,48,"1:1,1:1",51-4041.00,Machinists
590,"Marquardt Switches, Inc.",Maintenance Machinist,2711 Route 20 East,,Cazenovia,NY,13035,Central,Active,2020-02-04,Individual - Non Joint,Time,48,"1:1,1:1",51-4041.00,Machinists
18372,Skf Aeroengine North America,Maintenance Machinist,1 Maroco Road,,Falconer,NY,14733,Western New York,Probation,2023-03-07,Individual - Joint,Time,48,"1:1,1:1",51-4041.00,Machinists
11465,Council Of Industry,Maintenance Mechanic (Automatic Equipment),263 Route 17K Suite 106,,Newburgh,NY,12550,Mid-Hudson,Active,2018-06-29,Group - Non Joint,Time,48,"1:1,1:1",49-9041.00,Industrial Machinery Mechanics
3590,"General Mills Operations, Llc (Flour Division)",Maintenance Mechanic (Automatic Equipment),54 South Michigan Avenue,,Buffalo,NY,14203,Western New York,Probation,2024-07-17,Individual - Joint,Time,48,"1:1,1:1",49-9041.00,Industrial Machinery Mechanics
13728,"MACNY, The Manufacturers Association",Maintenance Mechanic (Automatic Equipment),5788 Widewaters Parkway,,Syracuse,NY,13214,Central,Active,2017-07-10,Group - Non Joint,Time,48,"1:1,1:1",49-9041.00,Industrial Machinery Mechanics
1415,"Revere Copper Products, Inc.",Maintenance Mechanic (Automatic Equipment),One Revere Park,,Rome,NY,13440,Mohawk Valley,Active,1995-03-14,Individual - Joint,Time,48,"1:1,1:1",49-9041.00,Industrial Machinery Mechanics
2788,"Rtma, The Rochester Technology And Manufacturing Association",Maintenance Mechanic (Automatic Equipment),2024 W. Henrietta Road Ste 3J,,Rochester,NY,14623,Finger Lakes,Active,2018-06-11,Group - Non Joint,Time,48,"1:1,1:1",49-9041.00,Industrial Machinery Mechanics
1040,Addison Precision Manufacturing LLC,Manufacturing Engineering Technician,100 Gates Greece Townline Road,,Rochester,NY,14606,Finger Lakes,Active,2021-10-29,Individual - Non Joint,Time,48,"1:1,1:1",17-2199.04,Manufacturing Engineers
9551,"Centroid, Inc",Manufacturing Engineering Technician,111 E Ames Ct,,Plainview,NY,11803,Long Island,Probation,2025-11-12,Individual - Non Joint,Time,48,"1:1,1:1",17-2199.04,Manufacturing Engineers
12762,Fiber Instrument Sales Inc.,Manufacturing Engineering Technician,161 Clear Road,,Oriskany,NY,13424,Mohawk Valley,Probation,2025-06-03,Individual - Non Joint,Time,48,"1:1,1:1",17-2199.04,Manufacturing Engineers
6633,"MACNY, The Manufacturers Association",Manufacturing Engineering Technician,5788 Widewaters Parkway,,Syracuse,NY,13214,Central,Active,2020-02-24,Group - Non Joint,Time,48,"1:1,1:1",17-2199.04,Manufacturing Engineers
8977,"N.E.T. & Die, Inc",Manufacturing Engineering Technician,25 River Glen,,Fulton,NY,13069,Central,Probation,2024-04-25,Individual - Non Joint,Time,48,"1:1,1:1",17-2199.04,Manufacturing Engineers
4695,"Rtma, The Rochester Technology And Manufacturing Association",Manufacturing Engineering Technician,2024 W. Henrietta Road Ste 3J,,Rochester,NY,14623,Finger Lakes,Active,2021-09-08,Group - Non Joint,Time,48,"1:1,1:1",17-2199.04,Manufacturing Engineers
13330,"Tile, Marble, Terrazzo Bac Lu #7","Marble, Carver, Cutter and Setter",45-34 Court Square,,Long Island City,NY,11101,New York City,Active,2002-01-17,Group - Joint,Time,48,"1:1,1:4",47-2044.00,Tile and Marble Setters
4172,Empire State Marine Trades Association,Marine Services Technician,118 Lancaster St,,Albany,NY,12210,Capital,Active,2019-04-30,Group - Non Joint,Time,48,"1:1,1:1",49-3051.00,Motorboat Mechanics and Service Technicians
4967,Beaver Mountain Log Homes Inc,Marketing Coordinator,1740 County Highway 48,,Deposit,NY,13754,Southern Tier,Program Inactive,2023-01-10,Individual - Non Joint,Competency,,"1:1,1:1",13-1161.00,Market Research Analysts and Marketing Specialists
16418,Careerwise New York,Marketing Coordinator,"110 E 42nd St, 10th",,New York,NY,10017,New York City,Probation,2025-03-04,Group - Non Joint,Competency,,"1:1,1:1",13-1161.00,Market Research Analysts and Marketing Specialists
9503,Fiber Instrument Sales Inc.,Marketing Coordinator,161 Clear Road,,Oriskany,NY,13424,Mohawk Valley,Probation,2025-06-03,Individual - Non Joint,Time,18,"1:1,1:1",13-1161.00,Market Research Analysts and Marketing Specialists
9776,"Finger Lakes Community Newspaper, LLC",Marketing Coordinator,109 N Cayuga St,,Ithaca,NY,14850,Southern Tier,Probation,2026-02-26,Individual - Non Joint,Time,18,"1:1,1:1",13-1161.00,Market Research Analysts and Marketing Specialists
13362,"MACNY, The Manufacturers Association",Marketing Coordinator,5788 Widewaters Parkway,,Syracuse,NY,13214,Central,Probation,2024-09-04,Group - Non Joint,Time,18,"1:1,1:1",13-1161.00,Market Research Analysts and Marketing Specialists
18201,"Macny, The Manufacturers Association",Marketing Coordinator,5788 Widewater Parkway,,Syracuse,NY,13214,Central,Probation,2024-04-12,Individual - Non Joint,Time,18,"1:1,1:1",13-1161.00,Market Research Analysts and Marketing Specialists
13325,Community Health Care Association Of New York State,Medical Assistant,"111 Broadway, Suite 1402",,New York,NY,10006,New York City,Active,2024-04-05,Group - Non Joint,Time,12,"1:1,1:1",31-9092.00,Medical Assistants
10688,Mvhs Inc,Medical Assistant,111 Hospital Drive,,Utica,NY,13502,Mohawk Valley,Probation,2025-03-20,Individual - Non Joint,Time,12,"1:1,1:1",31-9092.00,Medical Assistants
12715,Premier Medical Group of the Hudson Valley,Medical Assistant,82 Washington Street,,Poughkeepsie,NY,12601,Mid-Hudson,Probation,2025-09-11,Individual - Non Joint,Time,12,"1:1,1:1",31-9092.00,Medical Assistants
17852,Finishing Trades Institute Of New York,Metal Refinisher,45-15 36Th St,,Long Island City,NY,11101,New York City,Active,2003-12-12,Group - Joint,Time,36,"1:1,1:1",47-4099.99,"Grinding and Polishing Workers, Hand"
2037,Square One Coating Systems,Metal Refinisher,170 Base Road,,Oriskany,NY,13424,Mohawk Valley,Active,2017-11-10,Individual - Non Joint,Time,36,"1:1,1:1",47-4099.99,"Grinding and Polishing Workers, Hand"
11477,"Rtma, The Rochester Technology And Manufacturing Association",Metal Stamping Press Operator,2024 W. Henrietta Road Ste 3J,,Rochester,NY,14623,Finger Lakes,Active,2023-05-02,Group - Non Joint,Time,36,"1:1,1:1",51-4031.00,"Cutting, Punching, and Press Machine Setters, Operators and Tenders, Metal and Plastic"
8118,Carpenter's Jatc of NYC & Vicinity,Millwright,395 Hudson Street,2Nd Floor,New York,NY,10014,New York City,Active,1984-09-17,Group - Joint,Time,48,"1:1,1:4",49-9044.00,Millwrights
8069,North Atlantic States Carpenters Training Fund,Millwright,108 Metropolitan Park Drive,,Liverpool,NY,13088,Central,Probation,2026-04-10,Group - Joint,Time,48,"1:1,1:4",49-9044.00,Millwrights
10744,Re:Build Optimation Technology Llc,Millwright,1600 Lexington Avenue,,Rochester,NY,14606,Finger Lakes,Active,2008-12-11,Individual - Non Joint,Time,48,"1:1,1:4",49-9044.00,Millwrights
17115,"Wm Schultz Construction, Inc.",Millwright,831 State Route 67,,Ballston Spa,NY,12020,Capital,Active,2019-11-08,Individual - Non Joint,Time,32,"1:1,1:4",49-9044.00,Millwrights
7823,Bluefors Cryocooler Technologies Inc.,Model Maker,6682 Moore Rd,,Syracuse,NY,13211,Central,Active,2007-06-28,Individual - Non Joint,Time,48,"1:1,1:1",51-4061.00,"Model Makers, Metal and Plastic"
11366,"Atalys, Llc","Mold Maker, Die-Casting and Plastic Molding",85 Pixley Industrial Parkway,,Rochester,NY,14624,Finger Lakes,Active,2014-06-11,Individual - Non Joint,Time,48,"1:1,1:1",51-4111.00,Tool and Die Makers
14589,"Century Mold Company, Inc","Mold Maker, Die-Casting and Plastic Molding",25 Vantage Point Drive,,Rochester,NY,14624,Finger Lakes,Active,2017-08-09,Individual - Non Joint,Time,48,"1:1,1:1",51-4111.00,Tool and Die Makers
4947,Epp Team Inc Dba Empire Precision Plastics,"Mold Maker, Die-Casting and Plastic Molding",500 Lee Road Ste 400,,Rochester,NY,14606,Finger Lakes,Active,2015-11-18,Individual - Non Joint,Time,48,"1:1,1:1",51-4111.00,Tool and Die Makers
17388,Anchor Glass Container Corp.,Moldmaker,151 E. Mccann'S Boulevard,,Elmira Heights,NY,14903,Southern Tier,Active,2001-10-17,Individual - Joint,Time,48,"1:1,1:1",51-4111.00,Tool and Die Makers
9800,"Assured Quality Tool And Mold, Inc.",Moldmaker,14 Turner Drive,,Spencerport,NY,14559,Finger Lakes,Active,2009-09-24,Individual - Non Joint,Time,48,"1:1,1:1",51-4111.00,Tool and Die Makers
9529,Majestic Mold & Tool  Inc.,Moldmaker,177 Volney Street,,Phoenix,NY,13135,Central,Active,2013-09-18,Individual - Non Joint,Time,48,"1:1,1:1",51-4111.00,Tool and Die Makers
3282,Nalge Nunc Int'L Corp Dba Thermo Fisher Scientific,Moldmaker,75 Panorama Creek Drive,,Rochester,NY,14625,Finger Lakes,Active,2017-11-16,Individual - Non Joint,Time,48,"1:1,1:1",51-4111.00,Tool and Die Makers
7043,"Rtma, The Rochester Technology And Manufacturing Association",Moldmaker,2024 W. Henrietta Road Ste 3J,,Rochester,NY,14623,Finger Lakes,Active,2018-06-11,Group - Non Joint,Time,48,"1:1,1:1",51-4111.00,Tool and Die Makers
6188,Tessy Plastics Corp,Moldmaker,700 Visions Dr,,Skaneateles,NY,13152,Central,Active,2022-10-18,Individual - Non Joint,Time,48,"1:1,1:1",51-4111.00,Tool and Die Makers
4123,"Thomas Shortman Training, Scholarship & Safety Fun",Multi-Story Window and Building Surface Cleaner,25 West 18Th St.,,New York,NY,10011,New York City,Active,1997-03-06,Group - Joint,Time,18,"1:1,1:1",37-2011.00,"Janitors and Cleaners, Except Maids and Housekeeping Cleaners"
9701,The Center For Economic Growth,Nanotechnology Engineering Technician,5 Computer Drive South,,Albany,NY,12205,Capital,Probation,2025-05-30,Group - Non Joint,Time,27,"1:1,1:1",17-3026.01,Nanotechnology Engineering Technologists and Technicians
18417,M. A. Polce Consulting Inc,Network Administrator,401 Phoenix Drive,,Rome,NY,13441,Mohawk Valley,Probation,2024-03-07,Individual - Non Joint,Time,12,"1:1,1:1",15-1142.00,Network and Computer Systems Administrators
14800,M. A. Polce Consulting Inc,Network Engineer,401 Phoenix Drive,,Rome,NY,13441,Mohawk Valley,Probation,2024-03-07,Individual - Non Joint,Time,12,"1:1,1:1",15-1122.00,Information Security Analysts
15310,Nys Doccs,Offset Lithographic Press Operator,825 Central Avenue,,Albany,NY,12226,Capital,Active,1988-11-17,Individual - Non Joint,Time,48,"1:1,1:1",51-5023.00,Printing Machine Operators
10292,Barrett Paving Materials Inc.,Operating Engineer (Grade and Paving Equipment),4530 Wetzel Road,,Liverpool,NY,13088,Central,Active,1992-05-01,Individual - Non Joint,Time,24,"1:1,1:5",47-2073.00,Operating Engineers and Other Construction Equipment Operators
18238,Best Paving & Sealcoating Inc,Operating Engineer (Grade and Paving Equipment),1349 Broadway,,Albany,NY,12204,Capital,Active,2015-08-19,Individual - Non Joint,Time,38,"1:1,1:5",47-2073.00,Operating Engineers and Other Construction Equipment Operators
558,Cold Spring Construction Company,Operating Engineer (Grade and Paving Equipment),43 Jackson Street,,Akron,NY,14001,Western New York,Active,2007-07-09,Individual - Non Joint,Time,36,"1:1,1:5",47-2073.00,Operating Engineers and Other Construction Equipment Operators
17154,"Empire State Highway Contractors Assn., Inc.",Operating Engineer (Grade and Paving Equipment),2481 Higby Road,,Frankfort,NY,13340,Mohawk Valley,Active,2007-01-01,Group - Non Joint,Time,30,"1:1,1:5",47-2073.00,Operating Engineers and Other Construction Equipment Operators
4720,Associated Builders And Contractors Empire State,Operating Engineer (Heavy Equipment),6369 Collamer Drive,,East Syracuse,NY,13057,Central,Probation,2024-01-11,Group - Non Joint,Time,36,"1:1,1:5",47-2073.00,Operating Engineers and Other Construction Equipment Operators
7741,C.O. Falter Construction Corp.,Operating Engineer (Heavy Equipment),403 West Bear Street,,Syracuse,NY,13204,Central,Active,2013-09-18,Individual - Non Joint,Time,36,"1:1,1:5",47-2073.00,Operating Engineers and Other Construction Equipment Operators
529,"Carver Construction, Inc.",Operating Engineer (Heavy Equipment),26 Corporate Circle,,Albany,NY,12203,Capital,Active,2003-06-20,Individual - Non Joint,Time,36,"1:1,1:5",47-2073.00,Operating Engineers and Other Construction Equipment Operators
631,"Chesterfield Associates, Inc.",Operating Engineer (Heavy Equipment),56 S. Country Road,,Westhampton Beach,NY,11978,Long Island,Active,2007-07-20,Individual - Non Joint,Time,36,"1:1,1:5",47-2073.00,Operating Engineers and Other Construction Equipment Operators
4484,"Empire State Merit Apprenticeship Alliance, Inc",Operating Engineer (Heavy Equipment),6320 Fly Rd,Suite 210A,East Syracuse,NY,13057,Central,Active,2011-11-02,Group - Non Joint,Time,27,"1:1,1:5",47-2073.00,Operating Engineers and Other Construction Equipment Operators
2541,Int'L Union Operating Engineers Lu #138 Etc Li,Operating Engineer (Heavy Equipment),575 Horseblock Road,,Brookhaven,NY,11719,Long Island,Active,1962-05-01,Group - Joint,Time,36,"1:1,1:5",47-2073.00,Operating Engineers and Other Construction Equipment Operators
3550,IUOE LU 158 Training Fund District # 545,Operating Engineer (Heavy Equipment),5612 Business Avenue,,Cicero,NY,13039,Central,Active,1984-12-17,Group - Joint,Time,36,"1:1,1:5",47-2073.00,Operating Engineers and Other Construction Equipment Operators
13359,IUOE LU 158 Training Fund District # 832,Operating Engineer (Heavy Equipment),5612 Business Avenue,,Cicero,NY,13039,Central,Active,1990-03-26,Group - Joint,Time,36,"1:1,1:5",47-2073.00,Operating Engineers and Other Construction Equipment Operators
11795,Melrose Contracting Corp,Operating Engineer (Heavy Equipment),500 Robinson Rd,,Greeport,NY,11944,Long Island,Active,2019-03-11,Individual - Non Joint,Time,36,"1:1,1:5",47-2073.00,Operating Engineers and Other Construction Equipment Operators
2976,Operating Engineers Jac Lu #17,Operating Engineer (Heavy Equipment),2342 Pleasant Avenue,,Lakeview,NY,14085,Western New York,Active,1990-05-01,Group - Joint,Time,48,"1:1,1:5",47-2073.00,Operating Engineers and Other Construction Equipment Operators
18620,Operating Engineers Lu #15 Jac,Operating Engineer (Heavy Equipment),Local 15 Training Site,JFK Airport (So. End Lefferts Boulevard),South Ozone Park,NY,11420,New York City,Active,1989-07-01,Group - Joint,Time,48,"1:1,1:5",47-2073.00,Operating Engineers and Other Construction Equipment Operators
15229,"Terry Contracting And Materials, Inc.",Operating Engineer (Heavy Equipment),1146 Osborn Avenue,,Riverhead,NY,11901,Long Island,Active,2006-07-07,Individual - Non Joint,Time,36,"1:1,1:5",47-2073.00,Operating Engineers and Other Construction Equipment Operators
4847,Empire Paving Of Schenectady,Operating Engineer (Universal Equipment),1900 Duanesburg Road,,Duanesburg,NY,12056,Capital,Active,2012-04-11,Individual - Non Joint,Time,26,"1:1,1:5",47-2073.00,Operating Engineers and Other Construction Equipment Operators
12023,"IUOE Local 158 Training Fund, District #106",Operating Engineer (Universal Equipment),44 Hannay Lane,,Glenmont,NY,12077,Capital,Active,1985-08-01,Group - Joint,Time,36,"1:1,1:5",47-2073.00,Operating Engineers and Other Construction Equipment Operators
7585,New Castle Paving Llc,Operating Engineer (Universal Equipment),"1 Madison Street, Suite 100",,Troy,NY,12180,Capital,Active,2016-06-24,Individual - Non Joint,Time,29,"1:1,1:5",47-2073.00,Operating Engineers and Other Construction Equipment Operators
11039,Occhino Corporation,Operating Engineer (Universal Equipment),2650 Seneca Street,,West Seneca,NY,14224,Western New York,Active,2008-12-01,Individual - Non Joint,Time,36,"1:1,1:5",47-2073.00,Operating Engineers and Other Construction Equipment Operators
1349,Operating Engineers Local 825 Ny,Operating Engineer (Universal Equipment),96 Bates/Gates Road,,New Hampton,NY,10958,Mid-Hudson,Active,2008-10-15,Group - Joint,Time,36,"1:1,1:5",47-2073.00,Operating Engineers and Other Construction Equipment Operators
3937,Operating Engineers Lu #137 Appr. Skills,Operating Engineer (Universal Equipment),2075 Albany Post Rd.,,Montrose,NY,10548,Mid-Hudson,Active,1991-08-01,Group - Joint,Time,48,"1:1,1:5",47-2073.00,Operating Engineers and Other Construction Equipment Operators
4048,Operating Engineers Lu #14-14B Jac,Operating Engineer (Universal Equipment),159-18 Northern Blvd,,Flushing,NY,11358,New York City,Active,1994-05-01,Group - Joint,Time,36,"1:1,1:5",47-2073.00,Operating Engineers and Other Construction Equipment Operators
2640,"Peter Luizzi & Bros Contracting, Inc",Operating Engineer (Universal Equipment),857 1St Street,,Watervliet,NY,12189,Capital,Probation,2024-05-02,Individual - Non Joint,Time,36,"1:1,1:5",47-2073.00,Operating Engineers and Other Construction Equipment Operators
388,"Visone Construction, Inc.",Operating Engineer (Universal Equipment),79 Sheldon Avenue,,Depew,NY,14043,Western New York,Active,2015-11-18,Individual - Non Joint,Time,36,"1:1,1:5",47-2073.00,Operating Engineers and Other Construction Equipment Operators
14538,"Keys Fence And Gate, Llc",Ornamental Iron Worker,9 Gateway Drive,,Bay Shore,NY,11706,Long Island,Active,2018-06-05,Individual - Non Joint,Time,36,"1:1,1:4",47-4099.00,"Construction and Related Workers, All Other"
10773,Ornamental Ironworkers Of Nyc Lu #580,Ornamental Iron Worker,37-31 30Th St,,Long Island City,NY,11101,New York City,Active,1974-03-01,Group - Joint,Time,48,"1:1,1:4",47-4099.00,"Construction and Related Workers, All Other"
10670,"Rommel Fence, Llc",Ornamental Iron Worker,17 Railroad Street,,Poland,NY,13431,Mohawk Valley,Active,2012-08-29,Individual - Non Joint,Time,36,"1:1,1:4",47-4099.00,"Construction and Related Workers, All Other"
1622,"The Landtek Group, Llc",Ornamental Iron Worker,105 Sweeneydale Avenue,,Bay Shore,NY,11706,Long Island,Active,2007-07-03,Individual - Non Joint,Time,36,"1:1,1:4",47-4099.00,"Construction and Related Workers, All Other"
16648,"General Mills Operations, Llc (Cereal Division)",Packer Mechanic,54 South Michigan Avenue,,Buffalo,NY,14203,Western New York,Active,1966-09-01,Individual - Joint,Time,48,"1:1,1:1",49-9041.00,Industrial Machinery Mechanics
4510,Associated Builders And Contractors Empire State,Painter and Decorator,6369 Collamer Drive,,East Syracuse,NY,13057,Central,Active,2021-07-08,Group - Non Joint,Time,36,"1:1,1:3",47-2141.00,"Painters, Construction and Maintenance"
4646,Modine Contracting Corp,Painter and Decorator,2 Madison Ave Suite 205,,Larchmont,NY,10538,Mid-Hudson,Active,2023-08-22,Individual - Non Joint,Time,36,"1:1,1:3",47-2141.00,"Painters, Construction and Maintenance"
10149,Nys Doccs,Painter and Decorator,825 Central Avenue,,Albany,NY,12226,Capital,Active,2009-12-23,Individual - Non Joint,Time,36,"1:1,1:3",47-2141.00,"Painters, Construction and Maintenance"
2106,Finishing Trades Institute Of New York,Painter and Decorator (Structural Steel-Bridges),45-15 36Th Street,,Long Island City,NY,11106,New York City,Active,1990-10-02,Group - Joint,Time,36,"1:1,1:3",47-2141.00,"Painters, Construction and Maintenance"
11425,Finishing Trades Institute Of Ny @ Albany,Painter and Decorator (Structural Steel-Bridges),191 Broadway,,Menands,NY,12204,Capital,Active,2015-02-11,Group - Joint,Time,36,"1:1,1:3",47-2141.00,"Painters, Construction and Maintenance"
2642,Finishing Trades Institute Of Western-Central Ny,Painter and Decorator (Structural Steel-Bridges),585 Aero Drive,,Cheektowaga,NY,14225,Western New York,Active,2002-09-17,Group - Joint,Time,36,"1:1,1:3",47-2141.00,"Painters, Construction and Maintenance"
16578,Finishing Trades Institute Of New York,"Painter, Decorator & Paperhanger",45-15 36Th St,,Long Island City,NY,11101,New York City,Active,1981-06-01,Group - Joint,Time,48,"1:1,1:3",47-2141.00,"Painters, Construction and Maintenance"
17417,Finishing Trades Institute Of Ny @ Albany,"Painter, Decorator & Paperhanger",191 Broadway,,Menands,NY,12204,Capital,Active,1985-07-15,Group - Joint,Time,36,"1:1,1:3",47-2141.00,"Painters, Construction and Maintenance"
10959,Finishing Trades Institute Of Ny- Wappingers Falls,"Painter, Decorator & Paperhanger",21 Airport Drive,,Wappingers Falls,NY,12590,Mid-Hudson,Active,1995-03-01,Group - Joint,Time,36,"1:1,1:3",47-2141.00,"Painters, Construction and Maintenance"
16813,Finishing Trades Institute Of Western-Central Ny,"Painter, Decorator & Paperhanger",1875 Lorings Crossing Road,,Cortland,NY,13045,Central,Active,1994-05-23,Group - Joint,Time,48,"1:1,1:3",47-2141.00,"Painters, Construction and Maintenance"
5020,Finishing Trades Institute Of Western-Central Ny,"Painter, Decorator & Paperhanger",6605 Pittsford Palmyra Road,,Fairport,NY,14450,Finger Lakes,Active,1992-01-15,Group - Joint,Time,48,"1:1,1:3",47-2141.00,"Painters, Construction and Maintenance"
11304,Finishing Trades Institute Of Western-Central Ny,"Painter, Decorator & Paperhanger",615 W Genessee St.,,Syracuse,NY,13204,Central,Active,1985-08-05,Group - Joint,Time,48,"1:1,1:3",47-2141.00,"Painters, Construction and Maintenance"
2582,Finishing Trades Institute Of Western-Central Ny,"Painter, Decorator & Paperhanger",585 Aero Drive,,Cheektowaga,NY,14225,Western New York,Active,1992-10-01,Group - Joint,Time,48,"1:1,1:3",47-2141.00,"Painters, Construction and Maintenance"
18789,Finishing Trades Institute Of Western-Central Ny,"Painter, Decorator & Paperhanger",216 Cayuga Street,,Fulton,NY,13069,Central,Active,1999-06-01,Group - Joint,Time,48,"1:1,1:3",47-2141.00,"Painters, Construction and Maintenance"
2009,Finishing Trades Institute Of New York,Paperhanger,45-15 36Th St,,Long Island City,NY,11101,New York City,Active,2023-03-03,Group - Joint,Time,48,"1:1,1:4",47-2142.00,Paperhangers
18604,Cvs Health Corporation,Pharmacy Associate,81 8Th Ave,,Manhattan,NY,10011,New York City,Probation,2023-10-12,Group - Non Joint,Competency,,"1:1,1:1",31-9095.00,Pharmacy Aides
3064,Mvhs Inc,Pharmacy Associate,111 Hospital Drive,,Utica,NY,13502,Mohawk Valley,Probation,2025-03-20,Individual - Non Joint,Competency,,"1:1,1:1",31-9095.00,Pharmacy Aides
1137,"Steinway Inc, Dba Steinway & Sons",Piano Builder,1 Steinway Place,,Astoria,NY,11105,New York City,Active,2022-10-18,Individual - Non Joint,Hybrid,,"1:1,1:1",49-9063.00,Musical Instrument Repairers and Tuners
9190,"Century Heating & Air Conditioning, Inc",Pipefitter,220 Boss Road,,Syracuse,NY,13211,Central,Active,2020-05-07,Individual - Non Joint,Time,60,"1:1,1:3",47-2152.01,Pipe Fitters and Steamfitters
774,"Kenron Industrial Air Conditioning, Inc.",Pipefitter,299 Gregory Street,,Rochester,NY,14620,Finger Lakes,Program Inactive,2013-07-17,Individual - Non Joint,Time,60,"1:1,1:3",47-2152.01,Pipe Fitters and Steamfitters
5271,"Lawman Heating And Cooling, Inc.",Pipefitter,206 Ambrose Street,,Sackets Harbor,NY,13685,North Country,Active,1992-01-01,Individual - Non Joint,Time,60,"1:1,1:3",47-2152.01,Pipe Fitters and Steamfitters
7184,Re:Build Optimation Technology Llc,Pipefitter,1600 Lexington Avenue,,Rochester,NY,14606,Finger Lakes,Active,2008-12-11,Individual - Non Joint,Time,60,"1:1,1:3",47-2152.01,Pipe Fitters and Steamfitters
12262,"Red - Rochester, Llc",Pipefitter,1060 Lee Road,,Rochester,NY,14606,Finger Lakes,Active,2023-01-27,Individual - Non Joint,Time,60,"1:1,1:3",47-2152.01,Pipe Fitters and Steamfitters
8946,"Slavik & Company, Inc.",Pipefitter,85 Main Street,,Johnson City,NY,13790,Southern Tier,Active,2020-05-28,Individual - Non Joint,Time,60,"1:1,1:3",47-2152.01,Pipe Fitters and Steamfitters
2717,Cornell University,Plant Maintenance-Carpenter,639 Dryden Rd,B20 Humphrey'S Service Building,Ithaca,NY,14853,Southern Tier,Active,1994-09-27,Individual - Joint,Time,48,"1:1,1:1",47-2031.01,Construction Carpenters
3509,Akwesasne Mohawk Casino Resort,Plant Maintenance-Electrician,873 State Rte 37,,Hogansburg,NY,13655,North Country,Probation,2024-08-13,Individual - Non Joint,Time,48,"1:1,1:1",47-2111.00,Electricians
12897,Alcoa Usa Corp,Plant Maintenance-Electrician,1814 State Highway 131,,Massena,NY,13662,North Country,Active,2017-04-10,Individual - Joint,Time,48,"1:1,1:1",47-2111.00,Electricians
6233,"Arconic Us, Llc",Plant Maintenance-Electrician,Park Ave East,,Massena,NY,13662,North Country,Active,2022-04-29,Individual - Non Joint,Time,48,"1:1,1:1",47-2111.00,Electricians
16020,Bartell Machinery Systems Llc,Plant Maintenance-Electrician,6321 Elmer Hill Rd,,Rome,NY,13440,Mohawk Valley,Active,2017-08-08,Individual - Non Joint,Time,48,"1:1,1:1",47-2111.00,Electricians
18334,"Borgwarner Ithaca, Llc",Plant Maintenance-Electrician,800 Warren Road,,Ithaca,NY,14850,Southern Tier,Active,1991-12-02,Individual - Joint,Time,48,"1:1,1:1",47-2111.00,Electricians
10383,Canton Potsdam Hospital,Plant Maintenance-Electrician,50 Leroy Street,,Potsdam,NY,13676,North Country,Program Inactive,2015-06-08,Individual - Non Joint,Time,48,"1:1,1:1",47-2111.00,Electricians
8502,"Chapin Manufacturing, Inc.",Plant Maintenance-Electrician,700 Ellicott Street,,Batavia,NY,14021,Finger Lakes,Active,2017-03-08,Individual - Non Joint,Time,48,"1:1,1:1",47-2111.00,Electricians
17309,Constellation Energy Corporation,Plant Maintenance-Electrician,268 Lake Road,,Oswego,NY,13126,Central,Active,2018-09-25,Individual - Joint,Time,48,"1:1,1:1",47-2111.00,Electricians
8393,Cornell University,Plant Maintenance-Electrician,639 Dryden Rd,B20 Humphrey'S Service Building,Ithaca,NY,14853,Southern Tier,Active,1987-11-01,Individual - Joint,Time,60,"1:1,1:1",47-2111.00,Electricians
6857,Cummins Inc.,Plant Maintenance-Electrician,4720 Baker Street Ext.,,Lakewood,NY,14750,Western New York,Active,1984-11-19,Individual - Non Joint,Time,48,"1:1,1:1",47-2111.00,Electricians
8981,"Dunn Paper- Natural Dam, Inc.",Plant Maintenance-Electrician,4921 Route 58 North,,Gouverneur,NY,13642,North Country,Probation,2023-09-19,Individual - Non Joint,Time,48,"1:1,1:1",47-2111.00,Electricians
15730,"Empire State Mines, LLC",Plant Maintenance-Electrician,408 Sylvia Lake Road,,Gouverneur,NY,13642,North Country,Probation,2025-07-31,Individual - Non Joint,Time,48,"1:1,1:1",47-2111.00,Electricians
6145,"General Mills Operations, Llc (Cereal Division)",Plant Maintenance-Electrician,54 South Michigan Avenue,,Buffalo,NY,14203,Western New York,Active,1991-10-06,Individual - Joint,Time,48,"1:1,1:1",47-2111.00,Electricians
8426,"General Mills Operations, Llc (Flour Division)",Plant Maintenance-Electrician,54 South Michigan Avenue,,Buffalo,NY,14203,Western New York,Active,2023-09-08,Individual - Joint,Time,48,"1:1,1:1",47-2111.00,Electricians
12807,General Motors Tonawanda Propulsion Systems,Plant Maintenance-Electrician,2995 River Road,,Buffalo,NY,14207,Western New York,Active,2001-10-12,Individual - Joint,Time,48,"1:1,1:1",47-2111.00,Electricians
6264,"Gm Components Holdings, Llc",Plant Maintenance-Electrician,200 Upper Mountain Road,,Lockport,NY,14094,Western New York,Active,1990-06-25,Individual - Joint,Time,48,"1:1,1:1",47-2111.00,Electricians
2993,Hollingsworth & Vose Company,Plant Maintenance-Electrician,3235 County Rt 113,,Greenwich,NY,12834,Capital,Active,2017-08-08,Individual - Non Joint,Time,48,"1:1,1:1",47-2111.00,Electricians
18014,Instant Brands,Plant Maintenance-Electrician,One Steuben Street,,Corning,NY,14830,Southern Tier,Active,1998-09-14,Individual - Joint,Time,48,"1:1,1:1",47-2111.00,Electricians
2820,Jatc Lighting Maintenance Association Lu #3,Plant Maintenance-Electrician,158-11 Harry Vanarsdale Jr. Avenue,,Flushing,NY,11365,New York City,Active,1986-09-15,Group - Joint,Time,48,"1:1,1:1",47-2111.00,Electricians
17241,"Knowlton Technologies, Llc.",Plant Maintenance-Electrician,213 Factory Street,,Watertown,NY,13601,North Country,Active,2018-06-29,Individual - Joint,Time,48,"1:1,1:1",47-2111.00,Electricians
12824,"MACNY, The Manufacturers Association",Plant Maintenance-Electrician,5788 Widewaters Parkway,,Syracuse,NY,13214,Central,Active,2020-02-24,Group - Non Joint,Time,48,"1:1,1:1",47-2111.00,Electricians
1493,Mvhs Inc,Plant Maintenance-Electrician,111 Hospital Drive,,Utica,NY,13502,Mohawk Valley,Probation,2025-03-20,Individual - Non Joint,Time,48,"1:1,1:1",47-2111.00,Electricians
15905,New York Power Authority,Plant Maintenance-Electrician,6520 Glass Factory Road,,Marcy,NY,13403,Mohawk Valley,Active,2018-10-29,Individual - Joint,Time,48,"1:1,1:1",47-2111.00,Electricians
17887,"Owens Corning Insulation System, Llc",Plant Maintenance-Electrician,1277 Feura Bush Road,,Feura Bush,NY,12067,Capital,Active,1994-05-16,Individual - Joint,Time,48,"1:1,1:1",47-2111.00,Electricians
16091,"Ox Specialty Paper, Llc",Plant Maintenance-Electrician,30 Champion Street,,Carthage,NY,13619,North Country,Active,2018-05-07,Individual - Joint,Time,48,"1:1,1:1",47-2111.00,Electricians
9608,"Potsdam Specialty Paper, Inc.",Plant Maintenance-Electrician,547A Sissonville Road,,Potsdam,NY,13676,North Country,Active,2008-10-15,Individual - Non Joint,Time,48,"1:1,1:1",47-2111.00,Electricians
12106,"Red - Rochester, Llc",Plant Maintenance-Electrician,1060 Lee Road,,Rochester,NY,14606,Finger Lakes,Active,2019-10-22,Individual - Non Joint,Time,48,"1:1,1:1",47-2111.00,Electricians
33,"Revere Copper Products, Inc.",Plant Maintenance-Electrician,One Revere Park,,Rome,NY,13440,Mohawk Valley,Active,1995-09-01,Individual - Joint,Time,48,"1:1,1:1",47-2111.00,Electricians
2722,"Rtma, The Rochester Technology And Manufacturing Association",Plant Maintenance-Electrician,2024 W. Henrietta Road Ste 3J,,Rochester,NY,14623,Finger Lakes,Active,2021-09-08,Group - Non Joint,Time,48,"1:1,1:1",47-2111.00,Electricians
998,Skf Aeroengine North America,Plant Maintenance-Electrician,1 Maroco Road,,Falconer,NY,14733,Western New York,Active,2015-03-02,Individual - Joint,Time,48,"1:1,1:1",47-2111.00,Electricians
12615,Alkegen,Plant Maintenance-Electrician-Mechanic,360 Fire Tower Dr,,Tonawanda,NY,14150,Western New York,Active,2021-04-22,Individual - Joint,Time,48,"1:1,1:1",49-9042.00,"Maintenance and Repair Workers, General"
12931,Cayuga Milk Ingredients,Plant Maintenance-Electrician-Mechanic,15 Eagle Drive,,Auburn,NY,13201,Central,Active,2020-06-04,Individual - Non Joint,Time,48,"1:1,1:1",49-9042.00,"Maintenance and Repair Workers, General"
6711,Alcoa Usa Corp,Plant Maintenance-Mechanic (3 Year),1814 State Highway 131,,Massena,NY,13662,North Country,Active,2017-04-10,Individual - Joint,Time,36,"1:1,1:1",49-9042.00,"Maintenance and Repair Workers, General"
13787,"Apc Paper Company Of Ny, Inc.",Plant Maintenance-Mechanic (3 Year),100 Remington Ave,,Norfolk,NY,13667,North Country,Active,1992-09-28,Individual - Non Joint,Time,36,"1:1,1:1",49-9042.00,"Maintenance and Repair Workers, General"
8256,"Arconic Us, Llc",Plant Maintenance-Mechanic (3 Year),Park Ave East,,Massena,NY,13662,North Country,Active,2022-04-29,Individual - Non Joint,Time,36,"1:1,1:1",49-9042.00,"Maintenance and Repair Workers, General"
10636,Anchor Glass Container Corp.,Plant Maintenance-Mechanic (4 Year),151 E. Mccann'S Boulevard,,Elmira Heights,NY,14903,Southern Tier,Active,1997-12-16,Individual - Joint,Time,48,"1:1,1:1",49-9042.00,"Maintenance and Repair Workers, General"
2154,"Borgwarner Ithaca, Llc",Plant Maintenance-Mechanic (4 Year),800 Warren Road,,Ithaca,NY,14850,Southern Tier,Active,1994-10-10,Individual - Joint,Time,48,"1:1,1:1",49-9042.00,"Maintenance and Repair Workers, General"
18885,Constellation Energy Corporation,Plant Maintenance-Mechanic (4 Year),268 Lake Road,,Oswego,NY,13126,Central,Active,2018-09-25,Individual - Joint,Time,48,"1:1,1:1",49-9042.00,"Maintenance and Repair Workers, General"
1273,Diemolding Corporation,Plant Maintenance-Mechanic (4 Year),100 Donald Hicks Dew Drive,,Wampsville,NY,13163,Central,Active,2016-08-17,Individual - Joint,Time,48,"1:1,1:1",49-9042.00,"Maintenance and Repair Workers, General"
10558,Instant Brands,Plant Maintenance-Mechanic (4 Year),One Steuben Street,,Corning,NY,14830,Southern Tier,Active,1998-09-14,Individual - Joint,Time,48,"1:1,1:1",49-9042.00,"Maintenance and Repair Workers, General"
449,"Knowlton Technologies, Llc.",Plant Maintenance-Mechanic (4 Year),213 Factory Street,,Watertown,NY,13601,North Country,Active,2018-06-29,Individual - Joint,Time,48,"1:1,1:1",49-9042.00,"Maintenance and Repair Workers, General"
11942,New York Power Authority,Plant Maintenance-Mechanic (4 Year),6520 Glass Factory Road,,Marcy,NY,13403,Mohawk Valley,Active,2018-10-29,Individual - Joint,Time,48,"1:1,1:1",49-9042.00,"Maintenance and Repair Workers, General"
8343,"Oneida Molded Plastics, Llc",Plant Maintenance-Mechanic (4 Year),104 South Warner Street,,Oneida,NY,13421,Central,Active,2016-10-05,Individual - Non Joint,Time,48,"1:1,1:1",49-9042.00,"Maintenance and Repair Workers, General"
17820,"Owens Corning Insulation System, Llc",Plant Maintenance-Mechanic (4 Year),1277 Feura Bush Road,,Feura Bush,NY,12067,Capital,Active,2020-02-20,Individual - Joint,Time,48,"1:1,1:1",49-9042.00,"Maintenance and Repair Workers, General"
8297,"Potsdam Specialty Paper, Inc.",Plant Maintenance-Mechanic (4 Year),547A Sissonville Road,,Potsdam,NY,13676,North Country,Active,2017-04-10,Individual - Non Joint,Time,48,"1:1,1:1",49-9042.00,"Maintenance and Repair Workers, General"
4259,Van De Mark Chemical Inc,Plant Maintenance-Mechanic (4 Year),1 North Transit Road,,Lockport,NY,14094,Western New York,Active,2014-06-25,Individual - Non Joint,Time,48,"1:1,1:1",49-9042.00,"Maintenance and Repair Workers, General"
13376,"Dunn Paper- Natural Dam, Inc.",Plant Maintenance-Millwright,4921 Route 58 North,,Gouverneur,NY,13642,North Country,Active,2014-04-28,Individual - Non Joint,Time,48,"1:1,1:1",49-9044.00,Millwrights
149881,General Motors Tonawanda Propulsion Systems,Plant Maintenance-Millwright,2995 River Road,,Buffalo,NY,14207,Western New York,Probation,2026-06-30,Individual - Joint,Time,48,"1:1,1:1",49-9044.00,Millwrights
9932,"Gm Components Holdings, Llc",Plant Maintenance-Millwright,200 Upper Mountain Road,,Lockport,NY,14094,Western New York,Active,2024-02-13,Individual - Joint,Time,48,"1:1,1:1",49-9044.00,Millwrights
6219,Goodyear Tire And Rubber Company,Plant Maintenance-Millwright,5500 Goodyear Drive,,Niagara Falls,NY,14304,Western New York,Active,1990-11-01,Individual - Joint,Time,48,"1:1,1:1",49-9044.00,Millwrights
1163,Pactiv Llc,Plant Maintenance-Millwright,74 Weed Street,,Plattsburgh,NY,12901,North Country,Active,1992-10-01,Individual - Joint,Time,48,"1:1,1:1",49-9044.00,Millwrights
9416,"Red - Rochester, Llc",Plant Maintenance-Millwright,1060 Lee Road,,Rochester,NY,14606,Finger Lakes,Active,2023-10-12,Individual - Non Joint,Time,48,"1:1,1:1",49-9044.00,Millwrights
12124,"Rolite Manufacturing, Inc.",Plant Maintenance-Millwright,10 Wendling Court,,Lancaster,NY,14086,Western New York,Active,2022-09-07,Individual - Non Joint,Time,48,"1:1,1:1",49-9044.00,Millwrights
17405,"Rtma, The Rochester Technology And Manufacturing Association",Plant Maintenance-Millwright,2024 W. Henrietta Road Ste 3J,,Rochester,NY,14623,Finger Lakes,Active,2023-05-02,Group - Non Joint,Time,48,"1:1,1:1",49-9044.00,Millwrights
15744,Saint Gobain Ceramic Materials-Wheatfield,Plant Maintenance-Millwright,6600 Walmore Road,,Niagara Falls,NY,14304,Western New York,Active,2019-06-19,Individual - Non Joint,Time,48,"1:1,1:1",49-9044.00,Millwrights
1067,Skf Aeroengine North America,Plant Maintenance-Millwright,1 Maroco Road,,Falconer,NY,14733,Western New York,Active,2015-03-02,Individual - Joint,Time,48,"1:1,1:1",49-9044.00,Millwrights
127660,General Motors Tonawanda Propulsion Systems,Plant Maintenance-Pipefitter,2995 River Road,,Buffalo,NY,14207,Western New York,Probation,2026-06-18,Individual - Joint,Time,48,"1:1,1:1",47-2152.01,Pipe Fitters and Steamfitters
18964,"Gm Components Holdings, Llc",Plant Maintenance-Pipefitter,200 Upper Mountain Road,,Lockport,NY,14094,Western New York,Active,2024-02-13,Individual - Joint,Time,48,"1:1,1:1",47-2152.01,Pipe Fitters and Steamfitters
3678,"Rtma, The Rochester Technology And Manufacturing Association",Plant Maintenance-Pipefitter,2024 W. Henrietta Road Ste 3J,,Rochester,NY,14623,Finger Lakes,Active,2021-09-08,Group - Non Joint,Time,48,"1:1,1:1",47-2152.01,Pipe Fitters and Steamfitters
11834,Mvhs Inc,Plant Maintenance-Plumber and Steamfitter,111 Hospital Drive,,Utica,NY,13502,Mohawk Valley,Probation,2025-03-20,Individual - Non Joint,Time,60,"1:1,1:1",47-2152.02,Plumbers
10617,Bricklayers & Allied Craftworkers Joint Apprenticeship Training,Plasterer,12-07 44Th Avenue,,Long Island City,NY,11101,New York City,Active,2007-07-13,Group - Joint,Time,36,"1:1,1:3",47-2161.00,Plasterers and Stucco Masons
8193,Northeast District Council Of The Opcmia Apprenticeship Fund,Plasterer,1406 Blondell Ave,,Bronx,NY,10461,New York City,Active,1986-04-07,Group - Joint,Time,36,"1:1,1:3",47-2161.00,Plasterers and Stucco Masons
10157,Plasterers' Lu #9 Jac,Plasterer,168 Robinson Street,,North Tonawanda,NY,14120,Western New York,Active,1991-01-01,Group - Joint,Time,48,"1:1,1:3",47-2161.00,Plasterers and Stucco Masons
14574,"TLC- The Light Connection, Inc.",Plastic Process Technician,132 Base Rd,,Oriskany,NY,13424,Mohawk Valley,Active,2021-12-17,Individual - Non Joint,Time,48,"1:1,1:1",51-4072.00,"Molding, Coremaking, and Casting Machine Setters"
9657,"Ace Contracting, Inc",Plumber,1990 Coney Island Avenue,,Brooklyn,NY,11223,New York City,Active,2008-10-15,Individual - Non Joint,Time,60,"1:1,1:3",47-2152.02,Plumbers
1644,"Advanced Plumbing, Mechanical And Sprinkler Corp",Plumber,123 50Th St,,Brooklyn,NY,11232,New York City,Probation,2025-04-11,Individual - Non Joint,Time,60,"1:1,1:3",47-2152.02,Plumbers
7354,Associated Builders And Contractors Empire State,Plumber,6369 Collamer Drive,,East Syracuse,NY,13057,Central,Active,2021-07-08,Group - Non Joint,Time,60,"1:1,1:3",47-2152.02,Plumbers
9825,Crisafulli Mechanical Llc,Plumber,"25 Industrial Park Road, Ste 102",,Albany,NY,12206,Capital,Probation,2024-10-30,Individual - Non Joint,Time,60,"1:1,1:3",47-2152.02,Plumbers
5911,"E.S. Systems, Inc.",Plumber,23 Saginaw Drive,,Rochester,NY,14623,Finger Lakes,Active,1991-10-11,Individual - Non Joint,Time,60,"1:1,1:3",47-2152.02,Plumbers
177,"E.W. Tompkinsco., Inc.",Plumber,124-126 Sheridan Avenue,,Albany,NY,12201,Capital,Active,1990-08-30,Individual - Non Joint,Time,60,"1:1,1:3",47-2152.02,Plumbers
1708,"Halcyon, Inc.   (Dba Halco Plumbing And Heating)",Plumber,865 County Road #6,,Phelps,NY,14532,Finger Lakes,Active,2022-04-22,Individual - Non Joint,Time,60,"1:1,1:3",47-2152.02,Plumbers
7701,"Hartcorn Plumbing And Heating, Inc.",Plumber,850 South 2Nd Street,,Ronkonkoma,NY,11779,Long Island,Active,2003-09-08,Individual - Non Joint,Time,60,"1:1,1:3",47-2152.02,Plumbers
6728,"Kennedy Mechanical Plumbing And Heating, Inc.",Plumber,11 Comfort Street,,Rochester,NY,14620,Finger Lakes,Active,1990-02-12,Individual - Non Joint,Time,60,"1:1,1:3",47-2152.02,Plumbers
10301,Latty's General Plumbing Contractor Corp,Plumber,1058 E GUN HILL ROAD,,Bronx,NY,10469,New York City,Probation,2025-08-20,Individual - Non Joint,Time,60,"1:1,1:3",47-2152.02,Plumbers
11893,LBR Mechanical Corp,Plumber,869 Route 22,,Brewster,NY,10509,Mid-Hudson,Probation,2025-10-23,Individual - Non Joint,Time,60,"1:1,1:3",47-2152.02,Plumbers
17076,N.J. Graham INC.,Plumber,39 highland drive,,Apalachin,NY,13732,Southern Tier,Probation,2026-02-26,Individual - Non Joint,Time,60,"1:1,1:3",47-2152.02,Plumbers
15003,Neptune Mechanical Inc.,Plumber,29-10 120Th Street,,Flushing,NY,11354,New York City,Active,2002-08-06,Individual - Non Joint,Time,60,"1:1,1:3",47-2152.02,Plumbers
1228,Nys Doccs,Plumber,825 Central Avenue,,Albany,NY,12226,Capital,Active,1994-01-18,Individual - Non Joint,Time,60,"1:1,1:3",47-2152.02,Plumbers
3523,"Order A Plumber, Inc",Plumber,2871 Sunrise Highway,,Islip Terrace,NY,11752,Long Island,Active,2019-02-13,Individual - Non Joint,Time,60,"1:1,1:3",47-2152.02,Plumbers
18743,Plumbers And Steamfitters Local #22 Of Western Ny,Plumber,120 Gardenville Pkwy,,West Seneca,NY,14224,Western New York,Active,1992-09-09,Group - Joint,Time,60,"1:1,1:3",47-2152.02,Plumbers
16179,Plumbers Local Union #1 Jatc,Plumber,37-11   47Th Avenue,,Long Island City,NY,11101,New York City,Active,1979-06-01,Group - Joint,Time,60,"1:1,1:3",47-2152.02,Plumbers
16985,Plumbers Lu #200 Jac,Plumber,375 Central Avenue,,Bohemia,NY,11716,Long Island,Active,1984-04-05,Group - Joint,Time,60,"1:1,1:3",47-2152.02,Plumbers
17666,Plumbing And Heating Jatc Rochester Lu #13,Plumber,1850 Mt Read Blvd,,Rochester,NY,14615,Finger Lakes,Active,1989-06-01,Group - Joint,Time,60,"1:1,1:3",47-2152.02,Plumbers
5229,Plumbing Masters Inc. Dba Donofrio Mechanical,Plumber,14 Tehan Ave,,Auburn,NY,13021,Central,Active,2017-11-10,Individual - Non Joint,Time,60,"1:1,1:3",47-2152.02,Plumbers
18480,"Slavik & Company, Inc.",Plumber,85 Main Street,,Johnson City,NY,13790,Southern Tier,Active,2020-05-28,Individual - Non Joint,Time,60,"1:1,1:3",47-2152.02,Plumbers
10975,Southeast Mechanical Corporation,Plumber,568 North Main Street,,Brewster,NY,10509,Mid-Hudson,Probation,2026-05-27,Individual - Non Joint,Time,60,"1:1,1:3",47-2152.02,Plumbers
15662,Stanley Lewis Plumbing & Heating Corp,Plumber,749 Prospect Place,,Brooklyn ,NY,11216,New York City,Probation,2025-10-23,Individual - Non Joint,Time,60,"1:1,1:3",47-2152.02,Plumbers
9998,"T. Mcelligott, Inc.",Plumber,589 River Street,,Troy,NY,12180,Capital,Active,1999-07-20,Individual - Non Joint,Time,60,"1:1,1:3",47-2152.02,Plumbers
8899,Thru Way Plumbing & Heating Inc.,Plumber,717 Union Valley Road,,Mahopac,NY,10541,Mid-Hudson,Active,2018-04-24,Individual - Non Joint,Time,60,"1:1,1:3",47-2152.02,Plumbers
323,United Service Workers #355 Jatc,Plumber,267 Knickerbocker Avenue,,Bohemia,NY,11716,Long Island,Active,2009-07-17,Group - Joint,Time,60,"1:1,1:3",47-2152.02,Plumbers
15013,An Curtis Company Inc. Dba Wilkins Mechanical,Plumber and Pipefitter,6923 Herman Road,,Syracuse,NY,13269,Central,Active,2016-12-02,Individual - Non Joint,Time,54,"1:1,1:3",47-2152.02,Plumbers
10720,C.O. Falter Construction Corp.,Plumber and Pipefitter,403 West Bear Street,,Syracuse,NY,13204,Central,Active,2013-09-18,Individual - Non Joint,Time,54,"1:1,1:3",47-2152.02,Plumbers
15498,Citadel Services Inc,Plumber and Pipefitter,"2118 Magnolia Avenue, P.O. Box 69",,Ashville,NY,14710,Western New York,Active,2012-12-27,Individual - Non Joint,Time,54,"1:1,1:3",47-2152.02,Plumbers
16200,"Comfort Systems Usa, Inc",Plumber and Pipefitter,6500 New Venture Gear Drive,,East Syracuse,NY,13057,Central,Active,1990-05-17,Individual - Non Joint,Time,54,"1:1,1:3",47-2152.02,Plumbers
12812,"Parise Mechanical, Inc.",Plumber and Pipefitter,1106 Sheridan Drive,,Tonawanda,NY,14150,Western New York,Active,2016-10-07,Individual - Non Joint,Time,54,"1:1,1:3",47-2152.02,Plumbers
11074,Petcosky & Sons Plumbing & Heating,Plumber and Pipefitter,421 Commerce Road,,Vestal,NY,13850,Southern Tier,Active,2021-10-29,Individual - Non Joint,Time,54,"1:1,1:3",47-2152.02,Plumbers
17082,Plumber & Steamfitters Lu # 7 Jatc,Plumber and Pipefitter,18 Avis Drive,,Latham,NY,12110,Capital,Active,1989-09-07,Group - Joint,Time,60,"1:1,1:3",47-2152.02,Plumbers
7592,Public Works Utilities,Plumber and Pipefitter,T 4004 First Street West,,Fort Drum,NY,13602,North Country,Active,2008-10-15,Individual - Non Joint,Time,54,"1:1,1:3",47-2152.02,Plumbers
3665,"S & O Construction Services, Inc.",Plumber and Pipefitter,11 Charles Street,,Pleasant Valley,NY,12569,Mid-Hudson,Active,1996-04-23,Individual - Non Joint,Time,60,"1:1,1:3",47-2152.02,Plumbers
15902,Southeast Mechanical Corporation,Plumber and Pipefitter,568 North Main Street,,Brewster,NY,10509,Mid-Hudson,Active,2015-04-13,Individual - Non Joint,Time,54,"1:1,1:3",47-2152.02,Plumbers
4594,"Sun-Dance Energy Contr., Inc. Dba Markley Mechanical",Plumber and Pipefitter,424 Central Avenue,,Peekskill,NY,10566,Mid-Hudson,Active,2004-02-19,Individual - Non Joint,Time,60,"1:1,1:3",47-2152.02,Plumbers
4185,"Tradestar Mechanical, Inc.",Plumber and Pipefitter,12 Industrial Park Circle,,Rochester,NY,14624,Finger Lakes,Active,2017-12-15,Individual - Non Joint,Time,54,"1:1,1:3",47-2152.02,Plumbers
7101,"Wm Schultz Construction, Inc.",Plumber and Pipefitter,831 State Route 67,,Ballston Spa,NY,12020,Capital,Active,2019-11-08,Individual - Non Joint,Time,54,"1:1,1:3",47-2152.02,Plumbers
16425,"Baker Mechanical Systems, Inc.",Plumber and Steamfitter,126 Ramona Street,,Rochester,NY,14613,Finger Lakes,Active,2004-08-04,Individual - Non Joint,Time,60,"1:1,1:3",47-2152.02,Plumbers
12735,"Bertussi Contracting, Inc.",Plumber and Steamfitter,60-70 Dexter Plaza,,Pearl River,NY,10965,Mid-Hudson,Active,1999-04-12,Individual - Non Joint,Time,60,"1:1,1:3",47-2152.02,Plumbers
8326,Cornell University,Plumber and Steamfitter,639 Dryden Rd,B20 Humphrey'S Service Building,Ithaca,NY,14853,Southern Tier,Active,1992-04-30,Individual - Joint,Time,60,"1:1,1:3",47-2152.02,Plumbers
7974,"Crestwood Mechanical Co., Inc.",Plumber and Steamfitter,2393 Butler Place,,Bronx,NY,10462,New York City,Active,2004-03-10,Individual - Non Joint,Time,60,"1:1,1:3",47-2152.02,Plumbers
10871,"Jns Heating Service, Inc.",Plumber and Steamfitter,100 Remington Blvd,,Ronkonkoma,NY,11779,Long Island,Active,2010-03-01,Individual - Non Joint,Time,60,"1:1,1:3",47-2152.02,Plumbers
14438,Plumbers And Pipefitters Binghamton Lu #112,Plumber and Steamfitter,11 Griswold Street,,Binghamton,NY,13904,Southern Tier,Active,1986-08-19,Group - Joint,Time,60,"1:1,1:3",47-2152.02,Plumbers
16197,Plumbers And Pipefitters Jac Lo. #112 Northern Zone,Plumber and Steamfitter,11 Griswold Street,,Binghamton,NY,13904,Southern Tier,Active,1986-03-13,Group - Joint,Time,60,"1:1,1:3",47-2152.02,Plumbers
3854,Plumbers And Steamfitters Jac Rockland Lu #373,Plumber and Steamfitter,76 Pleasant Hill Road,,Mountainville,NY,10953,Mid-Hudson,Active,1987-10-01,Group - Joint,Time,60,"1:1,1:3",47-2152.02,Plumbers
3576,Plumbers And Steamfitters Lu #21 Zone I,Plumber and Steamfitter,1024 Mckinley Street,,Peekskill,NY,10566,Mid-Hudson,Active,1989-11-01,Group - Joint,Time,60,"1:1,1:3",47-2152.02,Plumbers
8091,Plumbers And Steamfitters Lu #773,Plumber and Steamfitter,37 Luzerne Road,,Queensbury,NY,12804,Capital,Active,1990-09-13,Group - Joint,Time,60,"1:1,1:3",47-2152.02,Plumbers
6295,Plumbers And Steamfitters Lu #81 Jatc (Syracuse),Plumber and Steamfitter,150 Midler Park Drive,,Syracuse,NY,13206,Central,Active,2015-06-29,Group - Joint,Time,60,"1:1,1:3",47-2152.02,Plumbers
7482,"Slavik & Company, Inc.",Plumber and Steamfitter,85 Main Street,,Johnson City,NY,13790,Southern Tier,Active,2020-05-28,Individual - Non Joint,Time,60,"1:1,1:3",47-2152.02,Plumbers
5262,Bac Lu#3 Jatc (Rochester),"Pointer, Caulker and Cleaner",33 Saginaw Dr,,Rochester,NY,14623,Finger Lakes,Active,2017-09-14,Group - Joint,Time,48,"1:1,1:4",47-4099.00,"Construction and Related Workers, All Other"
9762,Bricklayers & Allied Craftworkers Joint Apprenticeship Training,"Pointer, Caulker and Cleaner",12-07 44Th Avenue,,Long Island City,NY,11101,New York City,Active,1989-01-26,Group - Joint,Time,48,"1:1,1:4",47-4099.00,"Construction and Related Workers, All Other"
6624,Bricklayers And Allied Craftworkers Lu #2 (Utica),"Pointer, Caulker and Cleaner",302 Centre Drive,,Albany,NY,12203,Capital,Active,1989-05-02,Group - Joint,Time,36,"1:1,1:4",47-4099.00,"Construction and Related Workers, All Other"
11354,Bricklayers-Allied Craftworkers  Lu #2 (Albany),"Pointer, Caulker and Cleaner",7705 Maltlage  Dr,,Liverpool,NY,13090,Capital,Active,1988-08-01,Group - Joint,Time,36,"1:1,1:4",47-4099.00,"Construction and Related Workers, All Other"
7023,"Bricklayers-Allied Craftworkers, Lu#2 (Syracuse)","Pointer, Caulker and Cleaner",7705 Maltlage Road,,Liverpool,NY,13090,Central,Active,1998-02-04,Group - Joint,Time,36,"1:1,1:4",47-4099.00,"Construction and Related Workers, All Other"
918,"Bricklayers-Allied Crftwrkrs #3,Niagfalls/Buffjatc","Pointer, Caulker and Cleaner",1175 William Street,,Buffalo,NY,14206,Western New York,Active,1993-12-01,Group - Joint,Time,48,"1:1,1:4",47-4099.00,"Construction and Related Workers, All Other"
11173,International Union Of Bricklayers And Allied,"Pointer, Caulker and Cleaner",4 Railroad St,,Whitney Point,NY,13862,Southern Tier,Active,2023-08-29,Group - Joint,Time,48,"1:1,1:4",47-4099.00,"Construction and Related Workers, All Other"
3662,Clinton Community College,Police Officer,53 Clinton Point Dr,,Plattsburgh,NY,12901,North Country,Probation,2026-05-07,Individual - Non Joint,Time,12,"1:1,1:1",33-3051.01,Police Patrol Officers
17722,Suny Schenectady County Community College,Police Officer,78 Washington Ave,,Schenectady,NY,12305,Capital,Probation,2024-08-22,Group - Non Joint,Time,12,"1:1,1:1",33-3051.01,Police Patrol Officers
10876,"Applied Image, Inc",Precision Imaging / Nanolithography Technician,1653 East Main Street,,Rochester,NY,14609,Finger Lakes,Active,2023-03-09,Individual - Non Joint,Time,24,"1:1,1:1",51-2099.00,"Assemblers and Fabricators, All Other"
6399,Corning Tropel Corporation,Precision Optics Manufacturing Technician,60 O'Connor Road,,Fairport,NY,14450,Finger Lakes,Active,2023-02-16,Individual - Non Joint,Time,36,"1:1,1:1",51-2099.00,"Assemblers and Fabricators, All Other"
12291,"Optimax Systems, Inc.",Precision Optics Manufacturing Technician,6367 Dean Parkway,,Ontario,NY,14519,Finger Lakes,Active,2016-12-20,Individual - Non Joint,Time,36,"1:1,1:1",51-2099.00,"Assemblers and Fabricators, All Other"
8043,"Rochester Precision Optics, Llc",Precision Optics Manufacturing Technician,850 John Street,,West Henrietta,NY,14586,Finger Lakes,Probation,2024-03-19,Individual - Non Joint,Time,36,"1:1,1:1",51-2099.00,"Assemblers and Fabricators, All Other"
3759,"Rtma, The Rochester Technology And Manufacturing Association",Precision Optics Manufacturing Technician,2024 W. Henrietta Road Ste 3J,,Rochester,NY,14623,Finger Lakes,Active,2018-06-11,Group - Non Joint,Time,36,"1:1,1:1",51-2099.00,"Assemblers and Fabricators, All Other"
18110,"Sydor Optics, Inc",Precision Optics Manufacturing Technician,31 Jetview Drive,,Rochester,NY,14624,Finger Lakes,Active,2020-09-23,Individual - Non Joint,Time,36,"1:1,1:1",51-2099.00,"Assemblers and Fabricators, All Other"
16627,Careerwise New York,Project Manager,"110 E 42nd St, 10th",,New York,NY,10017,New York City,Active,2022-02-08,Group - Non Joint,Time,12,"1:1,1:1",15-1199.00,"Computer Occupations, All Other"
8050,Council Of Industry,Project Manager,263 Route 17K Suite 106,,Newburgh,NY,12550,Mid-Hudson,Probation,2026-03-03,Group - Non Joint,Time,12,"1:1,1:1",15-1199.00,"Computer Occupations, All Other"
15231,Fiber Instrument Sales Inc.,Project Manager,161 Clear Road,,Oriskany,NY,13424,Mohawk Valley,Probation,2025-06-03,Individual - Non Joint,Time,12,"1:1,1:1",15-1199.00,"Computer Occupations, All Other"
9307,M. A. Polce Consulting Inc,Project Manager,401 Phoenix Drive,,Rome,NY,13441,Mohawk Valley,Probation,2024-03-07,Individual - Non Joint,Time,12,"1:1,1:1",15-1199.00,"Computer Occupations, All Other"
11841,"Macny, The Manufacturers Association",Project Manager,5788 Widewater Parkway,,Syracuse,NY,13214,Central,Probation,2024-04-12,Individual - Non Joint,Time,12,"1:1,1:1",15-1199.00,"Computer Occupations, All Other"
4433,Third Eye Network LLC,Project Manager,250 Mill Street,,Rochester,NY,14614,Finger Lakes,Probation,2025-10-21,Individual - Non Joint,Time,12,"1:1,1:1",15-1199.00,"Computer Occupations, All Other"
12699,Amphenol Aerospace,Quality Assurance Auditor,191 Delaware Avenue,,Sidney,NY,13838,Southern Tier,Active,2018-02-05,Individual - Non Joint,Time,24,"1:1,1:1",19-4099.01,Quality Control Analysts
11538,Council Of Industry,Quality Assurance Auditor,263 Route 17K Suite 106,,Newburgh,NY,12550,Mid-Hudson,Active,2018-06-29,Group - Non Joint,Time,24,"1:1,1:1",19-4099.01,Quality Control Analysts
15155,Fiber Instrument Sales Inc.,Quality Assurance Auditor,161 Clear Road,,Oriskany,NY,13424,Mohawk Valley,Probation,2025-06-03,Individual - Non Joint,Time,24,"1:1,1:1",19-4099.01,Quality Control Analysts
6975,"MACNY, The Manufacturers Association",Quality Assurance Auditor,5788 Widewaters Parkway,,Syracuse,NY,13214,Central,Active,2017-08-08,Group - Non Joint,Time,24,"1:1,1:1",19-4099.01,Quality Control Analysts
18710,"Oneida Molded Plastics, Llc",Quality Assurance Auditor,104 South Warner Street,,Oneida,NY,13421,Central,Active,2016-10-05,Individual - Non Joint,Time,24,"1:1,1:1",19-4099.01,Quality Control Analysts
6971,"Rtma, The Rochester Technology And Manufacturing Association",Quality Assurance Auditor,2024 W. Henrietta Road Ste 3J,,Rochester,NY,14623,Finger Lakes,Active,2018-06-11,Group - Non Joint,Time,24,"1:1,1:1",19-4099.01,Quality Control Analysts
18721,Square One Coating Systems,Quality Assurance Auditor,170 Base Road,,Oriskany,NY,13424,Mohawk Valley,Active,2017-11-10,Individual - Non Joint,Time,24,"1:1,1:1",19-4099.01,Quality Control Analysts
4375,Stan's Performance Products LLC,Quality Assurance Auditor,202 Daniel Zenker Drive,,Big Flats,NY,14814,Southern Tier,Probation,2025-11-04,Individual - Non Joint,Time,24,"1:1,1:1",19-4099.01,Quality Control Analysts
4447,"Ultrafab, Inc.",Quality Assurance Auditor,1050 Hook Road,,Farmington,NY,14425,Finger Lakes,Program Inactive,2019-12-09,Individual - Non Joint,Time,24,"1:1,1:1",19-4099.01,Quality Control Analysts
14323,Worthington Steel Rome Llc,Quality Assurance Auditor,530 Henry Street,,Rome,NY,13440,Mohawk Valley,Active,2023-06-22,Individual - Non Joint,Time,24,"1:1,1:1",19-4099.01,Quality Control Analysts
2985,Careerwise New York,Quality Assurance Auditor-A,"110 E 42nd St, 10th",,New York,NY,10017,New York City,Probation,2025-03-04,Group - Non Joint,Competency,,"1:1,1:1",15-1253.00,Software Quality Assurance Analysts and Testers
5452,Constellation Energy Corporation,Radiation Protection Technician,268 Lake Road,,Oswego,NY,13126,Central,Active,2018-09-25,Individual - Joint,Time,48,"1:1,1:1",19-4051.02,Nuclear Monitoring Technicians
2369,Joint Service Fitters Apprenticeship Committee,Refrigeration and Air Conditioning Mechanic,48-03   32Nd Place,,Long Island City,NY,11101,New York City,Active,2014-09-05,Group - Joint,Time,48,"1:1,1:3",49-9021.02,Refrigeration Mechanics and Installers
2853,KIMCO dba Day & Nite Refrigeration Corp,Refrigeration and Air Conditioning Mechanic,10 Charles Street,,New Hyde Park ,NY,11040,Long Island,Probation,2025-09-11,Individual - Non Joint,Time,48,"1:1,1:3",49-9021.02,Refrigeration Mechanics and Installers
17606,Plumbers And Steamfitters Lu #21 Zone I,Refrigeration and Air Conditioning Mechanic,1024 Mckinley Street,,Peekskill,NY,10566,Mid-Hudson,Active,1989-11-01,Group - Joint,Time,60,"1:1,1:3",49-9021.02,Refrigeration Mechanics and Installers
3123,"MACNY, The Manufacturers Association",Robotics Technician,5788 Widewaters Parkway,,Syracuse,NY,13214,Central,Probation,2025-12-22,Group - Non Joint,Time,24,"1:1,1:1",17-3024.01,Robotics Technician
7224,Associated Builders And Contractors Empire State,Roofer,6369 Collamer Drive,,East Syracuse,NY,13057,Central,Active,2021-07-08,Group - Non Joint,Time,36,"1:1,1:2",47-2181.00,Roofers
4672,Maspeth Contracting Corp.,Roofer,54-30 44Th Street,,Maspeth,NY,11378,New York City,Active,2008-02-12,Individual - Non Joint,Time,36,"1:1,1:2",47-2181.00,Roofers
15432,"Roof Services Of New York, A Tecta America Company, Llc",Roofer,48 West Jefryn Blvd,,Deer Park,NY,11729,Long Island,Program Inactive,2022-08-09,Individual - Non Joint,Time,36,"1:1,1:2",47-2181.00,Roofers
5773,Roofers And Waterproofers Local #195 Jac,Roofer,7706 Maltlage Drive,,Liverpool,NY,13090,Central,Active,1985-01-11,Group - Joint,Time,36,"1:1,1:2",47-2181.00,Roofers
17956,Roofers Jac Of The Capital District Lu #241,Roofer,890 Third Street,,Albany,NY,12206,Capital,Active,1979-10-01,Group - Joint,Time,36,"1:1,1:2",47-2181.00,Roofers
9775,Roofers Jatc Of  Wny Lu #74,Roofer,2800 Clinton Street,,West Seneca,NY,14224,Western New York,Active,1987-11-01,Group - Joint,Time,36,"1:1,1:2",47-2181.00,Roofers
12061,Roofers Local #210 Jatc,Roofer,322 James Ave,,Jamestown,NY,14701,Western New York,Active,2003-05-28,Group - Joint,Time,36,"1:1,1:2",47-2181.00,Roofers
2455,Roofers Lu #203 Jac,Roofer,32 West State Street,,Binghamton,NY,13901,Southern Tier,Active,1992-08-04,Group - Joint,Time,36,"1:1,1:2",47-2181.00,Roofers
858,"Roofing Industry Jatc Of Rochester, Local #22",Roofer,280 Metro Park,,Rochester,NY,14623,Finger Lakes,Active,1985-09-03,Group - Joint,Time,36,"1:1,1:2",47-2181.00,Roofers
9903,"Statewide Roofing, Inc.",Roofer,2049 9Th Ave,,Ronkonkoma,NY,11779,Long Island,Active,1999-04-12,Individual - Non Joint,Time,36,"1:1,1:2",47-2181.00,Roofers
9700,"United Union Of Roofers, Waterproofers & Allied Workers Lu #8",Roofer,12-11 43Rd Avenue,,Long Island City,NY,11101,New York City,Active,1988-03-01,Group - Joint,Time,60,"1:1,1:2",47-2181.00,Roofers
9974,"United Union Of Roofers, Waterproofers Jac Lu #154",Roofer,"370 Vanderbilt Motor Pkwy, Suite 1",,Hauppauge,NY,11788,Long Island,Active,1985-06-01,Group - Joint,Time,48,"1:1,1:2",47-2181.00,Roofers
10401,New York State Department of Labor,Safety and Health Inspector,1220 Washington Avenue,,Albany,NY,12226,Capital,Probation,2026-01-20,Individual - Non Joint,Time,18,"1:1,1:1",19-5011.00,Occupational Health and Safety Specialists
9475,Careerwise New York,Sales Associate (Financial Services),"110 E 42nd St, 10th",,New York,NY,10017,New York City,Probation,2025-03-04,Group - Non Joint,Competency,,"1:1,1:1",41-3031.00,"Securities, Commodities, and Financial Services Sales Agents"
7766,"Dawah USA Inc, DBA Elhaam Academy",School Administrator (Building Administrator),87-41 165th Street,,Jamaica,NY,11432,New York City,Probation,2025-10-07,Individual - Non Joint,Competency,,"1:1,1:1",11-9032.00,"Education Administrators, Kindergarten through Secondary"
9706,Harpursville Central Schools,School Administrator (Building Administrator),54 Main Street,,Harpursville,NY,13787,Southern Tier,Probation,2024-12-12,Individual - Non Joint,Competency,,"1:1,1:1",11-9032.00,"Education Administrators, Kindergarten through Secondary"
4731,Kennedy Children's Center,School Administrator (Building Administrator),2212 Third Ave,,New York,NY,10035,New York City,Probation,2024-09-24,Individual - Non Joint,Competency,,"1:1,1:1",11-9032.00,"Education Administrators, Kindergarten through Secondary"
2481,The Academy Charter School,School Administrator (Building Administrator),117 N Franklin Street,,Hempstead,NY,11550,Long Island,Probation,2024-11-29,Group - Non Joint,Competency,,"1:1,1:1",11-9032.00,"Education Administrators, Kindergarten through Secondary"
13045,Nyc Police Department (School Safety Division),School Safety Agent,28-11 Queens Plaza North,,Long Island City,NY,11101,New York City,Active,1966-11-03,Individual - Non Joint,Time,24,"1:1,1:1",33-9032.00,Security Guards
8865,Southco Incorporated,Screw Machine Set-Up and Operator-Multiple,250 East Street,,Honeoye Falls,NY,14472,Finger Lakes,Active,2016-01-12,Individual - Non Joint,Time,48,"1:1,1:1",51-4034.00,"Lathe and Turning Machine Tool Setters, Operators, and Tenders, Metal and Plastic"
14866,Borough Of Manhattan Community College,Security Analyst,25 Broadway Fl 8,,New York,NY,10004,New York City,Probation,2024-08-07,Individual - Non Joint,Time,12,"1:1,1:1",15-1122.00,Information Security Analysts
13603,Careerwise New York,Security Analyst,"110 E 42nd St, 10th",,New York,NY,10017,New York City,Probation,2025-03-04,Group - Non Joint,Competency,,"1:1,1:1",15-1122.00,Information Security Analysts
3784,Keyes Information Technology Llc,Security Analyst,517 Gotham St,,Watertown,NY,13601,North Country,Active,2020-05-07,Individual - Non Joint,Time,12,"1:1,1:1",15-1122.00,Information Security Analysts
14090,M. A. Polce Consulting Inc,Security Analyst,401 Phoenix Drive,,Rome,NY,13441,Mohawk Valley,Probation,2024-03-07,Individual - Non Joint,Time,12,"1:1,1:1",15-1122.00,Information Security Analysts
2462,"A-Plus Sheetmetal, Inc.",Sheet Metal Worker,105 Davinci Dr,,Bohemia,NY,11716,Long Island,Active,1997-08-12,Individual - Non Joint,Time,48,"1:1,1:3",47-2211.00,Sheet Metal Workers
4498,"Acs System Associates, Inc.",Sheet Metal Worker,101 New South Road,,Hicksville,NY,11801,Long Island,Active,2023-05-02,Individual - Non Joint,Time,60,"1:1,1:3",47-2211.00,Sheet Metal Workers
9008,"All-City Metal, Inc.",Sheet Metal Worker,956 Brush Hollow Road,,Westbury,NY,11590,Long Island,Active,2000-08-28,Individual - Non Joint,Time,48,"1:1,1:3",47-2211.00,Sheet Metal Workers
64,Associated Builders And Contractors Empire State,Sheet Metal Worker,6369 Collamer Drive,,East Syracuse,NY,13057,Central,Active,2021-07-08,Group - Non Joint,Time,48,"1:1,1:3",47-2211.00,Sheet Metal Workers
16553,Capital District Sheetmetal Jac Lu #83,Sheet Metal Worker,900 Commerce Drive,,Clifton Park,NY,12065,Capital,Active,1986-11-17,Group - Joint,Time,60,"1:1,1:3",47-2211.00,Sheet Metal Workers
16335,"Century Heating & Air Conditioning, Inc",Sheet Metal Worker,220 Boss Road,,Syracuse,NY,13211,Central,Active,2020-05-07,Individual - Non Joint,Time,48,"1:1,1:3",47-2211.00,Sheet Metal Workers
16232,"Comfort Systems Usa (Syracuse), Inc.",Sheet Metal Worker,6500 New Venture Gear Drive,,East Syracuse,NY,13057,Central,Active,2006-01-26,Individual - Non Joint,Time,60,"1:1,1:3",47-2211.00,Sheet Metal Workers
16366,"D.B.H. Sheet Metal, Corp. Dba Blake Sheet Metal",Sheet Metal Worker,118 Keyland Court,,Bohemia,NY,11716,Long Island,Active,2003-01-31,Individual - Non Joint,Time,60,"1:1,1:3",47-2211.00,Sheet Metal Workers
5802,"First Choice Mechanical, Inc",Sheet Metal Worker,1 Cross Island Plaza,,Rosedale,NY,11422,New York City,Probation,2025-11-13,Individual - Non Joint,Time,48,"1:1,1:3",47-2211.00,Sheet Metal Workers
8416,"Isaac Heating And Air Conditioning, Inc.",Sheet Metal Worker,50 Holleder Parkway,,Rochester,NY,14615,Finger Lakes,Active,1996-07-18,Individual - Non Joint,Time,60,"1:1,1:3",47-2211.00,Sheet Metal Workers
18271,"J And J Sheet Metal, LLC",Sheet Metal Worker,414 Commerce Road,,Vestal,NY,13850,Southern Tier,Active,1991-09-24,Individual - Non Joint,Time,48,"1:1,1:3",47-2211.00,Sheet Metal Workers
16517,"J And K Plumbing And Heating Co., Inc.",Sheet Metal Worker,24 Thorp Street,,Binghamton,NY,13905,Southern Tier,Active,1991-09-19,Individual - Non Joint,Time,48,"1:1,1:3",47-2211.00,Sheet Metal Workers
4541,"Kennedy Mechanical Plumbing And Heating, Inc.",Sheet Metal Worker,11 Comfort Street,,Rochester,NY,14620,Finger Lakes,Active,1992-09-28,Individual - Non Joint,Time,48,"1:1,1:3",47-2211.00,Sheet Metal Workers
8571,"Kenron Industrial Air Conditioning, Inc.",Sheet Metal Worker,299 Gregory Street,,Rochester,NY,14620,Finger Lakes,Active,1995-08-17,Individual - Non Joint,Time,48,"1:1,1:3",47-2211.00,Sheet Metal Workers
7139,"Lawman Heating And Cooling, Inc.",Sheet Metal Worker,206 Ambrose Street,,Sackets Harbor,NY,13685,North Country,Active,1992-05-16,Individual - Non Joint,Time,60,"1:1,1:3",47-2211.00,Sheet Metal Workers
795,"Pyramid Air Conditioning, Inc.",Sheet Metal Worker,90 East Jefryn Blvd,,Deer Park,NY,11729,Long Island,Active,1993-10-15,Individual - Non Joint,Time,60,"1:1,1:3",47-2211.00,Sheet Metal Workers
4101,Re:Build Optimation Technology Llc,Sheet Metal Worker,1600 Lexington Avenue,,Rochester,NY,14606,Finger Lakes,Active,2012-02-24,Individual - Non Joint,Time,48,"1:1,1:3",47-2211.00,Sheet Metal Workers
12170,Sheet Metal Jac Of Rochester Lu #46,Sheet Metal Worker,244 Paul Road,,Rochester,NY,14624,Finger Lakes,Active,1973-10-22,Group - Joint,Time,60,"1:1,1:3",47-2211.00,Sheet Metal Workers
15784,Sheet Metal Workers Local 28,Sheet Metal Worker,139-20 Jamaica Avenue,,Jamaica,NY,11435,New York City,Active,1968-03-01,Group - Joint,Time,60,"1:1,1:3",47-2211.00,Sheet Metal Workers
13299,Sheet Metal Workers Local 38 Craft Training Fund,Sheet Metal Worker,38 Starr Ridge Road,,Brewster,NY,10509,Mid-Hudson,Active,1961-03-02,Group - Joint,Time,48,"1:1,1:3",47-2211.00,Sheet Metal Workers
8265,Sheetmetal Workers Jac Lu #71,Sheet Metal Worker,24 Liberty Avenue,,Buffalo,NY,14215,Western New York,Active,1971-07-01,Group - Joint,Time,60,"1:1,1:3",47-2211.00,Sheet Metal Workers
13428,Sheetmetal Workers Jac Syracuse Lu #58,Sheet Metal Worker,6801 Crossbow Drive,,East Syracuse,NY,13057,Central,Active,1988-03-20,Group - Joint,Time,60,"1:1,1:3",47-2211.00,Sheet Metal Workers
1436,Sheetmetal Workers Jamestown Jac Lu #112,Sheet Metal Worker,827 East 2Nd Street,,Jamestown,NY,14701,Western New York,Active,1990-11-17,Group - Joint,Time,48,"1:1,1:3",47-2211.00,Sheet Metal Workers
1455,"Tradestar Mechanical, Inc.",Sheet Metal Worker,12 Industrial Park Circle,,Rochester,NY,14624,Finger Lakes,Program Inactive,2022-08-09,Individual - Non Joint,Time,60,"1:1,1:3",47-2211.00,Sheet Metal Workers
1703,United Service Workers #355 Jatc,Sheet Metal Worker,267 Knickerbocker Avenue,,Bohemia,NY,11716,Long Island,Active,2007-07-03,Group - Joint,Time,48,"1:1,1:3",47-2211.00,Sheet Metal Workers
9526,"Xli Manufacturing, Llc",Sheet Metal Worker (Iron Plate),50 Jetview Dr,,Rochester,NY,14624,Finger Lakes,Active,2022-01-21,Individual - Non Joint,Time,48,"1:1,1:1",47-2211.00,Sheet Metal Workers
13233,Sheet Metal Air Rail & Transportation Lu 137,Sheet Metal Worker (Sign Hanger-Rigger),50-02-5Th Street,Suite A,Long Island City,NY,11101,New York City,Active,1971-11-01,Group - Joint,Time,60,"1:1,1:3",47-4099.00,"Construction and Related Workers, All Other"
1537,"Amherst Paving, Inc.",Skilled Construction Craft Laborer,330 Meyer Road,,Amherst,NY,14226,Western New York,Active,2017-08-17,Individual - Non Joint,Time,24,"1:1,1:3",47-2061.00,Construction Laborers
18099,Anjo Construction Ltd.,Skilled Construction Craft Laborer,794 Watervliet Shaker Road,,Latham,NY,12110,Capital,Active,2014-05-12,Individual - Non Joint,Time,24,"1:1,1:3",47-2061.00,Construction Laborers
18925,"Asbestos, Lead And Hazardous Waste Laborers Lu #78",Skilled Construction Craft Laborer,58-18 37Th Avenue,,Woodside,NY,11377,New York City,Active,1997-06-30,Group - Joint,Time,24,"1:1,1:3",47-2061.00,Construction Laborers
12100,Associated Builders And Contractors Empire State,Skilled Construction Craft Laborer,6369 Collamer Drive,,East Syracuse,NY,13057,Central,Active,2021-07-08,Group - Non Joint,Time,24,"1:1,1:3",47-2061.00,Construction Laborers
11716,B.B.A. Inc. Dba Bonacquisti Brothers Construction,Skilled Construction Craft Laborer,"20 Center St., Suite 1",,Albany,NY,12204,Capital,Active,2019-07-02,Individual - Non Joint,Time,24,"1:1,1:3",47-2061.00,Construction Laborers
10457,Best Paving & Sealcoating Inc,Skilled Construction Craft Laborer,1349 Broadway,,Albany,NY,12204,Capital,Active,2019-03-07,Individual - Non Joint,Time,24,"1:1,1:3",47-2061.00,Construction Laborers
6783,Buffalo Laborers Training Jac #210,Skilled Construction Craft Laborer,1370 Seneca St.,,Cheektowaga,NY,14210,Western New York,Active,1997-06-06,Group - Joint,Time,24,"1:1,1:3",47-2061.00,Construction Laborers
9178,C.O. Falter Construction Corp.,Skilled Construction Craft Laborer,403 West Bear Street,,Syracuse,NY,13204,Central,Active,2003-05-30,Individual - Non Joint,Time,24,"1:1,1:3",47-2061.00,Construction Laborers
5894,"Camden Group Infrastructure Rehabilitation Services, Llc",Skilled Construction Craft Laborer,9008 State Route 13,,Camden,NY,13316,Mohawk Valley,Probation,2025-02-11,Individual - Non Joint,Time,24,"1:1,1:3",47-2061.00,Construction Laborers
8359,"Carver Construction, Inc.",Skilled Construction Craft Laborer,26 Corporate Circle,,Albany,NY,12203,Capital,Active,2006-06-28,Individual - Non Joint,Time,24,"1:1,1:3",47-2061.00,Construction Laborers
5241,"Chesterfield Associates, Inc.",Skilled Construction Craft Laborer,56 S. Country Road,,Westhampton Beach,NY,11978,Long Island,Active,2003-04-21,Individual - Non Joint,Time,24,"1:1,1:3",47-2061.00,Construction Laborers
10522,"Clove Excavators, Inc.",Skilled Construction Craft Laborer,212 Van Wagner Road,,Poughkeepsie,NY,12603,Mid-Hudson,Active,2016-12-02,Individual - Non Joint,Time,24,"1:1,1:3",47-2061.00,Construction Laborers
11632,Cold Spring Construction Company,Skilled Construction Craft Laborer,43 Jackson Street,,Akron,NY,14001,Western New York,Active,2007-07-09,Individual - Non Joint,Time,24,"1:1,1:3",47-2061.00,Construction Laborers
6254,Construction And General Laborers' Lu #633,Skilled Construction Craft Laborer,7051 Fly Road,,East Syracuse,NY,13057,Central,Active,2004-10-29,Group - Joint,Time,24,"1:1,1:3",47-2061.00,Construction Laborers
7493,Construction General Bldg Laborers LU#79,Skilled Construction Craft Laborer,42-53  21St Street,,Long Island City,NY,11101,New York City,Active,1997-01-09,Group - Joint,Time,24,"1:1,1:3",47-2061.00,Construction Laborers
4601,Dc 16 Cement & Concrete Workers Training & Ed. Fund,Skilled Construction Craft Laborer,29-18 35Th Avenue,,Long Island,NY,11106,New York City,Active,2002-07-01,Group - Joint,Time,24,"1:1,1:3",47-2061.00,Construction Laborers
6957,"Delsignore Blacktop Paving, Inc.",Skilled Construction Craft Laborer,42 Brick Church Road,,Troy,NY,12180,Capital,Active,2005-09-01,Individual - Non Joint,Time,24,"1:1,1:3",47-2061.00,Construction Laborers
2710,Eastern New York Laborers Training Center,Skilled Construction Craft Laborer,666 Wemple Road,,Glenmont,NY,12077,Capital,Active,1994-06-01,Group - Joint,Time,24,"1:1,1:3",47-2061.00,Construction Laborers
854,Empire Paving Of Schenectady,Skilled Construction Craft Laborer,1900 Duanesburg Road,,Duanesburg,NY,12056,Capital,Program Inactive,2003-05-27,Individual - Non Joint,Time,24,"1:1,1:3",47-2061.00,Construction Laborers
5349,"Empire State Highway Contractors Assn., Inc.",Skilled Construction Craft Laborer,2481 Higby Road,,Frankfort,NY,13340,Mohawk Valley,Active,2007-01-01,Group - Non Joint,Time,24,"1:1,1:3",47-2061.00,Construction Laborers
764,"Empire State Merit Apprenticeship Alliance, Inc",Skilled Construction Craft Laborer,6320 Fly Rd,Suite 210A,East Syracuse,NY,13057,Central,Active,2007-10-16,Group - Non Joint,Time,24,"1:1,1:3",47-2061.00,Construction Laborers
11634,"Evolution Construction Services, Llc",Skilled Construction Craft Laborer,10 Industrial Park Drive,,Mechanicville,NY,12118,Capital,Active,2020-06-25,Individual - Non Joint,Time,24,"1:1,1:3",47-2061.00,Construction Laborers
16443,General Building Laborers' Lu #66 Training Fund,Skilled Construction Craft Laborer,1600 Walt Whitman Rd,,Melville,NY,11747,Long Island,Active,2000-05-06,Group - Joint,Time,24,"1:1,1:3",47-2061.00,Construction Laborers
11875,"Hall Enterprises,  Inc.",Skilled Construction Craft Laborer,52 Bayview Ave,,East Patchogue,NY,11772,Long Island,Active,2019-04-23,Individual - Non Joint,Time,24,"1:1,1:3",47-2061.00,Construction Laborers
8819,Highground Industrial Llc,Skilled Construction Craft Laborer,12 Industrial Dr,,Florida,NY,10921,Mid-Hudson,Active,2019-03-07,Individual - Non Joint,Time,24,"1:1,1:3",47-2061.00,Construction Laborers
9674,"Independent Contractors Guild Of Wny, Inc",Skilled Construction Craft Laborer,8525 Porter Road,,Niagara Falls,NY,14214,Western New York,Active,2021-02-18,Group - Non Joint,Time,24,"1:1,1:3",47-2061.00,Construction Laborers
176,"Jd Northrup Construction, Inc",Skilled Construction Craft Laborer,5767 Route 219S,,Ellicottville,NY,14731,Western New York,Probation,2018-11-29,Individual - Non Joint,Time,24,"1:1,1:3",47-2061.00,Construction Laborers
12331,L.F.G. Rigging Inc.,Skilled Construction Craft Laborer,94 Cocoanut Street,,Brentwood,NY,11717,Long Island,Active,2007-05-04,Individual - Non Joint,Time,24,"1:1,1:3",47-2061.00,Construction Laborers
7463,Laborers International Union Of Na #785 Ithaca Jac,Skilled Construction Craft Laborer,622 West State Street,,Ithaca,NY,14850,Southern Tier,Active,2000-07-10,Group - Joint,Time,24,"1:1,1:3",47-2061.00,Construction Laborers
6607,Laborers Local 60 Apprentice & Training Fund,Skilled Construction Craft Laborer,140 Broadway,,Hawthorne,NY,10532,Mid-Hudson,Active,1998-03-24,Group - Joint,Time,24,"1:1,1:3",47-2061.00,Construction Laborers
3565,Laborers Lu #91 Education Training Fund Jac,Skilled Construction Craft Laborer,4500 Witmer Industrial Estates,,Niagara Falls,NY,14305,Western New York,Active,1999-07-19,Group - Joint,Time,24,"1:1,1:3",47-2061.00,Construction Laborers
17756,"Liuna Local 17, 235, And 754 Joint Apprenticeship Program",Skilled Construction Craft Laborer,451-C Little Britain Rd,,Newburgh,NY,12550,Mid-Hudson,Active,1995-06-01,Group - Joint,Time,24,"1:1,1:3",47-2061.00,Construction Laborers
18701,Liuna Lu #1822 Jac Massena,Skilled Construction Craft Laborer,49 1/2 Maple Street,,Massena,NY,13662,North Country,Active,1997-09-24,Group - Joint,Time,24,"1:1,1:3",47-2061.00,Construction Laborers
9256,Liuna Lu #731-Training Fund,Skilled Construction Craft Laborer,14-29 112 St,,College Point,NY,11356,New York City,Active,1998-02-02,Group - Joint,Time,24,"1:1,1:3",47-2061.00,Construction Laborers
6132,Local 1010 Pavers Jac,Skilled Construction Craft Laborer,17-20 Whitestone Expy,2Nd Floor,Whitestone,NY,11357,New York City,Active,2010-09-03,Group - Joint,Time,24,"1:1,1:3",47-2061.00,Construction Laborers
18387,"Looks Great Service, Inc.",Skilled Construction Craft Laborer,140 W 10Th Street Unit B,,Huntington Station,NY,11746,Long Island,Active,2019-07-19,Individual - Non Joint,Time,24,"1:1,1:3",47-2061.00,Construction Laborers
16908,Milcon Construction Corp,Skilled Construction Craft Laborer,142 Dale Street,,West Babylon,NY,11704,Long Island,Active,1999-12-17,Individual - Non Joint,Time,24,"1:1,1:3",47-2061.00,Construction Laborers
16276,"New Frontier Excavating And Paving, Inc.",Skilled Construction Craft Laborer,7003 Brown Hill Road,,Boston,NY,14025,Western New York,Active,2008-10-15,Individual - Non Joint,Time,24,"1:1,1:3",47-2061.00,Construction Laborers
16496,Occhino Corporation,Skilled Construction Craft Laborer,2650 Seneca Street,,West Seneca,NY,14224,Western New York,Active,2003-10-24,Individual - Non Joint,Time,24,"1:1,1:3",47-2061.00,Construction Laborers
13699,"Peter Luizzi & Bros Contracting, Inc",Skilled Construction Craft Laborer,857 1St Street,,Watervliet,NY,12189,Capital,Probation,2024-05-02,Individual - Non Joint,Time,24,"1:1,1:3",47-2061.00,Construction Laborers
5636,"Precision Piping & Utilities Inc, Dba Advanced Plumbing & Piping",Skilled Construction Craft Laborer,205 Knowles Alley,,Rochester,NY,14608,Finger Lakes,Active,2020-07-27,Individual - Non Joint,Time,24,"1:1,1:3",47-2061.00,Construction Laborers
3610,"Racanelli Construction Co., Inc.",Skilled Construction Craft Laborer,"1895 Walt Whitman Road, Suite 1",,Melville,NY,11747,Long Island,Active,2004-07-01,Individual - Non Joint,Time,24,"1:1,1:3",47-2061.00,Construction Laborers
11650,Road And Heavy Construction Laborers' Local 1298,Skilled Construction Craft Laborer,1611 Locust Avenue,,Bohemia,NY,11716,Long Island,Active,1997-09-18,Group - Joint,Time,24,"1:1,1:3",47-2061.00,Construction Laborers
10367,Rochester Laborers Lu#435,Skilled Construction Craft Laborer,754 Lexington Ave,,Rochester,NY,14609,Finger Lakes,Active,1995-01-08,Group - Joint,Time,24,"1:1,1:3",47-2061.00,Construction Laborers
4581,Rock Environmental Inc,Skilled Construction Craft Laborer,69 Seneca Ave,,Rochester,NY,14621,Finger Lakes,Probation,2023-12-07,Individual - Non Joint,Time,24,"1:1,1:3",47-2061.00,Construction Laborers
12018,"Seabreeze Pavement Of Ny, Llc",Skilled Construction Craft Laborer,100 Hojack Park,,Rochester,NY,14612,Finger Lakes,Active,2019-06-28,Individual - Non Joint,Time,24,"1:1,1:3",47-2061.00,Construction Laborers
1630,Seneca Roadways Inc.,Skilled Construction Craft Laborer,263 Dakota Street,,Rochester,NY,14606,Finger Lakes,Active,2004-06-03,Individual - Non Joint,Time,24,"1:1,1:3",47-2061.00,Construction Laborers
5104,Southern Tier Laborers' Jac Lu #621,Skilled Construction Craft Laborer,1521 North Union Street,,Olean,NY,14760,Western New York,Active,1996-02-16,Group - Joint,Time,24,"1:1,1:3",47-2061.00,Construction Laborers
7027,"Stephen Miller General Contractors, Inc.",Skilled Construction Craft Laborer,301 Riceville Road,,Gloversville,NY,12078,Mohawk Valley,Active,2003-06-20,Individual - Non Joint,Time,24,"1:1,1:3",47-2061.00,Construction Laborers
7788,"The Landtek Group, Llc",Skilled Construction Craft Laborer,105 Sweeneydale Avenue,,Bay Shore,NY,11706,Long Island,Active,2005-05-23,Individual - Non Joint,Time,24,"1:1,1:3",47-2061.00,Construction Laborers
1490,"Twin Towers Enterprises, Inc.",Skilled Construction Craft Laborer,64-54 Maurice Ave,,Maspeth,NY,11378,New York City,Active,2019-10-30,Individual - Non Joint,Time,24,"1:1,1:3",47-2061.00,Construction Laborers
564,United Plant And Production Workers #175,Skilled Construction Craft Laborer,99 Mineola Avenue,,Roslyn Heights,NY,11577,Long Island,Active,2007-07-02,Group - Joint,Time,24,"1:1,1:3",47-2061.00,Construction Laborers
2354,"Villager Construction, Inc.",Skilled Construction Craft Laborer,425 Old Macedon Center Road,,Fairport,NY,14450,Finger Lakes,Active,2004-04-27,Individual - Non Joint,Time,24,"1:1,1:3",47-2061.00,Construction Laborers
232,"Visone Construction, Inc.",Skilled Construction Craft Laborer,79 Sheldon Avenue,,Depew,NY,14043,Western New York,Active,2004-07-09,Individual - Non Joint,Time,24,"1:1,1:3",47-2061.00,Construction Laborers
4680,Western Contractors Llc,Skilled Construction Craft Laborer,115 1/2 N Perry St,,St Johnstown,NY,12095,Mohawk Valley,Probation,2022-02-25,Individual - Non Joint,Time,24,"1:1,1:3",47-2061.00,Construction Laborers
13331,New York State Turfgrass Association,Small Gas Engine and Equipment Mechanic,212 Pawling Ave,,Troy,NY,12180,Capital,Probation,2023-12-07,Group - Non Joint,Time,24,"1:1,1:1",49-3053.00,Outdoor Power Equipment and Other Small Engine Mechanics
16708,Nys Doccs,Small Gas Engine and Equipment Mechanic,825 Central Avenue,,Albany,NY,12226,Capital,Active,1986-01-20,Individual - Non Joint,Time,24,"1:1,1:1",49-3053.00,Outdoor Power Equipment and Other Small Engine Mechanics
14245,Nys Doccs,Social Service Assistant,825 Central Avenue,,Albany,NY,12226,Capital,Probation,2025-04-22,Individual - Non Joint,Time,12,"1:1,1:1",21-1093.00,Social and Human Service Assistants
1835,Careerwise New York,Software Developer,"110 E 42nd St, 10th",,New York,NY,10017,New York City,Active,2022-02-08,Group - Non Joint,Competency,,"1:1,1:1",15-1131.00,Computer Programmers
3708,Keyes Information Technology Llc,Software Developer,517 Gotham St,,Watertown,NY,13601,North Country,Active,2020-05-07,Individual - Non Joint,Time,12,"1:1,1:1",15-1131.00,Computer Programmers
8965,"MACNY, The Manufacturers Association",Software Developer,5788 Widewaters Parkway,,Syracuse,NY,13214,Central,Active,2022-06-28,Group - Non Joint,Time,12,"1:1,1:1",15-1131.00,Computer Programmers
15580,Pursuit Transformation Benefit Corporation,Software Developer,47-10 Austell Place Fl 2,,Long Island City,NY,11101,New York City,Active,2023-03-09,Group - Non Joint,Competency,,"1:1,1:1",15-1131.00,Computer Programmers
15484,Associated Fire Protection Corp.,Sprinkler Fitter,6743 East Taft Road,,East Syracuse,NY,13057,Central,Active,1992-07-01,Individual - Non Joint,Time,60,"1:1,1:2",47-2152.01,Pipe Fitters and Steamfitters
6369,"Comfort Systems Usa, Inc. (Syr)",Sprinkler Fitter,6500 New Venture Gear Drive,,East Syracuse,NY,13057,Central,Active,1993-08-09,Individual - Non Joint,Time,60,"1:1,1:2",47-2152.01,Pipe Fitters and Steamfitters
5839,"E.S. Systems, Inc.",Sprinkler Fitter,23 Saginaw Drive,,Rochester,NY,14623,Finger Lakes,Active,2010-03-18,Individual - Non Joint,Time,60,"1:1,1:2",47-2152.01,Pipe Fitters and Steamfitters
1760,Johnson Controls Fire Protection Lp,Sprinkler Fitter,90 Goodway Drive,,Rochester,NY,14623,Finger Lakes,Program Inactive,2010-04-12,Individual - Non Joint,Time,60,"1:1,1:2",47-2152.01,Pipe Fitters and Steamfitters
4311,"Kennedy Mechanical Plumbing And Heating, Inc.",Sprinkler Fitter,11 Comfort Street,,Rochester,NY,14620,Finger Lakes,Active,1995-07-10,Individual - Non Joint,Time,60,"1:1,1:2",47-2152.01,Pipe Fitters and Steamfitters
8244,Lemode Plumbing & Heating,Sprinkler Fitter,34-55 11 Street,,Astoria,NY,11106,New York City,Active,2022-05-24,Individual - Non Joint,Time,60,"1:1,1:2",47-2152.01,Pipe Fitters and Steamfitters
2327,North East Fire Protection Systems,Sprinkler Fitter,318 Charlton Rd,,Ballston Spa,NY,12020,Capital,Active,2018-12-31,Individual - Non Joint,Time,60,"1:1,1:2",47-2152.01,Pipe Fitters and Steamfitters
6901,Petcosky  Fire Protection Systems,Sprinkler Fitter,421 Commerce Rd,,Vestal,NY,13850,Southern Tier,Active,2017-04-10,Individual - Non Joint,Time,60,"1:1,1:2",47-2152.01,Pipe Fitters and Steamfitters
6515,Sprinkler Fitters Lu #669 Jatc,Sprinkler Fitter,18 Avis Drive,,Latham,NY,12110,Capital,Active,2002-07-02,Group - Joint,Time,60,"1:1,1:2",47-2152.01,Pipe Fitters and Steamfitters
2727,United Service Workers #355 Jatc,Sprinkler Fitter,267 Knickerbocker Avenue,,Bohemia,NY,11716,Long Island,Active,2009-07-17,Group - Joint,Time,60,"1:1,1:2",47-2152.01,Pipe Fitters and Steamfitters
2092,Constellation Energy Corporation,Stationary Engineer,268 Lake Road,,Oswego,NY,13126,Central,Active,2018-09-25,Individual - Joint,Time,48,"1:1,1:1",51-8021.00,Stationary Engineers and Boiler Operators
13578,International Union Of Operating Engineers Lu #30,Stationary Engineer,16-16 Whitestone Expressway,,Whitestone,NY,11357,New York City,Active,1973-09-12,Group - Joint,Time,36,"1:1,1:1",51-8021.00,Stationary Engineers and Boiler Operators
1678,"Red - Rochester, Llc",Stationary Engineer,1060 Lee Road,,Rochester,NY,14606,Finger Lakes,Active,2019-10-22,Individual - Non Joint,Time,48,"1:1,1:1",51-8021.00,Stationary Engineers and Boiler Operators
14757,"Acs System Associates, Inc.",Steamfitter,101 New South Road,,Hicksville,NY,11801,Long Island,Active,1999-04-12,Individual - Non Joint,Time,60,"1:1,1:3",47-2152.01,Pipe Fitters and Steamfitters
502,"First Choice Mechanical, Inc",Steamfitter,1 Cross Island Plaza,,Rosedale,NY,11422,New York City,Probation,2025-11-13,Individual - Non Joint,Time,51,"1:1,1:3",47-2152.01,Pipe Fitters and Steamfitters
13449,Joint Steamfitting Apprenticeship Lu #638,Steamfitter,48-03   32Nd Place,,Long Island City,NY,11101,New York City,Active,1997-12-24,Group - Joint,Time,60,"1:1,1:3",47-2152.01,Pipe Fitters and Steamfitters
15327,Plumbers And Pipefitters Binghamton Lu #112,Steamfitter,11 Griswold Street,,Binghamton,NY,13904,Southern Tier,Active,1990-01-08,Group - Joint,Time,60,"1:1,1:3",47-2152.01,Pipe Fitters and Steamfitters
3656,Plumbers And Steamfitters Local #22 Of Western Ny,Steamfitter,120 Gardenville Pkwy,,West Seneca,NY,14224,Western New York,Active,1971-09-15,Group - Joint,Time,60,"1:1,1:3",47-2152.01,Pipe Fitters and Steamfitters
14652,Plumbing And Heating Jatc Rochester Lu #13,Steamfitter,1850 Mt Read Blvd,,Rochester,NY,14615,Finger Lakes,Active,1987-06-08,Group - Joint,Time,60,"1:1,1:3",47-2152.01,Pipe Fitters and Steamfitters
16291,"Pyramid Air Conditioning, Inc.",Steamfitter,90 East Jefryn Blvd,,Deer Park,NY,11729,Long Island,Active,1993-10-15,Individual - Non Joint,Time,60,"1:1,1:3",47-2152.01,Pipe Fitters and Steamfitters
8207,"Ultimate Power, Inc.",Steamfitter,45 Nancy Street,,West Babylon,NY,11704,Long Island,Active,1989-10-30,Individual - Non Joint,Time,60,"1:1,1:3",47-2152.01,Pipe Fitters and Steamfitters
12267,United Service Workers #355 Jatc,Steamfitter,267 Knickerbocker Avenue,,Bohemia,NY,11716,Long Island,Active,2009-07-17,Group - Joint,Time,60,"1:1,1:3",47-2152.01,Pipe Fitters and Steamfitters
18313,Bricklayers & Allied Craftworkers Joint Apprenticeship Training,Stone Mason,12-07 44Th Avenue,,Long Island City,NY,11101,New York City,Active,1996-01-02,Group - Joint,Time,36,"1:1,1:2",47-2022.00,Stone Mason
2637,M. A. Polce Consulting Inc,Systems Engineer,401 Phoenix Drive,,Rome,NY,13441,Mohawk Valley,Probation,2024-03-07,Individual - Non Joint,Time,12,"1:1,1:1",15-1142.00,Network and Computer Systems Administrators
1100,Anderson Center For Autism,Teacher,4885 Route 9,,Staatsburg,NY,12580,Mid-Hudson,Probation,2024-05-21,Individual - Non Joint,Competency,,"1:1,1:1",25-2021.00,"Elementary School Teachers, etc."
13285,Buffalo City School District,Teacher,65 Niagara Square,,Buffalo,NY,14202,Western New York,Probation,2024-04-05,Individual - Non Joint,Competency,,"1:1,1:1",25-2021.00,"Elementary School Teachers, etc."
3579,Classroom Academy,Teacher,267 Ballard Rd,,Gansevoort,NY,12831,Capital,Active,2021-05-13,Group - Non Joint,Competency,,"1:1,1:1",25-2021.00,"Elementary School Teachers, etc."
15612,"Dawah USA Inc, DBA Elhaam Academy",Teacher,87-41 165th Street,,Jamaica,NY,11432,New York City,Probation,2025-10-07,Individual - Non Joint,Competency,,"1:1,1:1",25-2021.00,"Elementary School Teachers, etc."
9788,Kennedy Children's Center,Teacher,2212 Third Ave,,New York,NY,10035,New York City,Probation,2024-09-24,Individual - Non Joint,Competency,,"1:1,1:1",25-2021.00,"Elementary School Teachers, etc."
2882,The Academy Charter School,Teacher,117 N Franklin Street,,Hempstead,NY,11550,Long Island,Probation,2024-11-29,Group - Non Joint,Competency,,"1:1,1:1",25-2021.00,"Elementary School Teachers, etc."
9874,Wayne Finger Lakes BOCES,Teacher,131 Drumlin CT,,Newark,NY,14513,Finger Lakes,Probation,2026-04-03,Group - Non Joint,Competency,,"1:1,1:1",25-2021.00,"Elementary School Teachers, etc."
9869,Anderson Center For Autism,Teacher Assistant,4885 Route 9,,Staatsburg,NY,12580,Mid-Hudson,Probation,2024-05-21,Individual - Non Joint,Time,24,"1:1,2:1",25-9042.00,"Teaching Assistants, Preschool, Elementary, Middle, and Secondary School, Except Special Education"
5971,Brentwood Union Free School District,Teacher Assistant,52 Third Ave,,Brentwood,NY,11717,Long Island,Probation,2024-06-21,Individual - Non Joint,Time,24,"1:1,2:1",25-9042.00,"Teaching Assistants, Preschool, Elementary, Middle, and Secondary School, Except Special Education"
6922,Clinton Essex Warren Washington BOCES,Teacher Assistant,1443 Military Turnpike,,Plattsburgh,NY,12901,North Country,Probation,2025-10-08,Group - Non Joint,Time,24,"1:1,2:1",25-9042.00,"Teaching Assistants, Preschool, Elementary, Middle, and Secondary School, Except Special Education"
14162,Kennedy Children's Center,Teacher Assistant,2212 Third Ave,,New York,NY,10035,New York City,Probation,2024-09-24,Individual - Non Joint,Time,24,"1:1,2:1",25-9042.00,"Teaching Assistants, Preschool, Elementary, Middle, and Secondary School, Except Special Education"
5836,Questar Iii Boces,Teacher Assistant,10 Empire State Blvd,,Castleton,NY,12033,Capital,Probation,2024-10-18,Individual - Joint,Time,24,"1:1,2:1",25-9042.00,"Teaching Assistants, Preschool, Elementary, Middle, and Secondary School, Except Special Education"
12685,Syracuse City School District,Teacher Assistant,725 Harrison Street,,Syracuse,NY,13210,Central,Probation,2024-02-01,Individual - Non Joint,Time,24,"1:1,2:1",25-9042.00,"Teaching Assistants, Preschool, Elementary, Middle, and Secondary School, Except Special Education"
5903,The Academy Charter School,Teacher Assistant,117 N Franklin Street,,Hempstead,NY,11550,Long Island,Probation,2024-11-29,Group - Non Joint,Time,24,"1:1,2:1",25-9042.00,"Teaching Assistants, Preschool, Elementary, Middle, and Secondary School, Except Special Education"
9351,The Arc Of Erie County,Teacher Assistant,30 Wilson Road,,Williamsville,NY,14221,Western New York,Probation,2025-07-08,Individual - Non Joint,Time,24,"1:1,2:1",25-9042.00,"Teaching Assistants, Preschool, Elementary, Middle, and Secondary School, Except Special Education"
6775,"Centroid, Inc",Technical Sales Representative,111 E Ames Ct,,Plainview,NY,11803,Long Island,Probation,2025-11-12,Individual - Non Joint,Time,12,"1:1,1:1",41-4011.00,Technical Sales Representative
18887,Fiber Instrument Sales Inc.,Technical Sales Representative,161 Clear Road,,Oriskany,NY,13424,Mohawk Valley,Probation,2025-06-03,Individual - Non Joint,Time,12,"1:1,1:1",41-4011.00,Technical Sales Representative
12726,"Tile, Marble, Terrazzo Bac Lu #7",Terrazzo Worker,45-34 Court Square,,Long Island City,NY,11101,New York City,Active,2001-09-10,Group - Joint,Time,48,"1:1,1:4",47-2053.00,Terrazzo Workers and Finishers
14167,Bricklayers-Allied Craftworkers  Lu #2 (Albany),Tile Setter (3 Year),7705 Maltlage  Dr,,Liverpool,NY,13090,Capital,Active,1993-12-01,Group - Joint,Time,36,"1:1,1:4",47-2044.00,Tile and Marble Setters
114,"Bricklayers-Allied Craftworkers, Lu#2 (Syracuse)",Tile Setter (3 Year),7705 Maltlage Road,,Liverpool,NY,13090,Central,Active,2016-06-29,Group - Joint,Time,36,"1:1,1:4",47-2044.00,Tile and Marble Setters
12243,Bac Lu#3 Jatc (Rochester),Tile Setter (4 Year),33 Saginaw Dr,,Rochester,NY,14623,Finger Lakes,Active,1990-02-12,Group - Joint,Time,48,"1:1,1:4",47-2044.00,Tile and Marble Setters
12964,"Bricklayers-Allied Crftwrkrs #3,Niagfalls/Buffjatc",Tile Setter (4 Year),1175 William Street,,Buffalo,NY,14206,Western New York,Active,1999-04-12,Group - Joint,Time,48,"1:1,1:4",47-2044.00,Tile and Marble Setters
3374,International Union Of Bricklayers And Allied,Tile Setter (4 Year),4 Railroad St,,Whitney Point,NY,13862,Southern Tier,Active,2008-10-15,Group - Joint,Time,48,"1:1,1:4",47-2044.00,Tile and Marble Setters
2088,"Tile, Marble, Terrazzo Bac Lu #7",Tile Setter (4 Year),45-34 Court Square,,Long Island City,NY,11101,New York City,Active,2001-09-10,Group - Joint,Time,48,"1:1,1:4",47-2044.00,Tile and Marble Setters
546,Bac Lu#3 Jatc (Rochester),"Tile, Marble and Terrazzo Finisher",33 Saginaw Dr,,Rochester,NY,14623,Finger Lakes,Active,2008-01-28,Group - Joint,Time,36,"1:1,1:4",47-3011.00,"Helpers--Brickmasons, Blockmasons, Stonemasons, and Tile and Marble Setters"
14097,Bricklayers-Allied Craftworkers  Lu #2 (Albany),"Tile, Marble and Terrazzo Finisher",7705 Maltlage  Dr,,Liverpool,NY,13090,Capital,Active,1992-01-08,Group - Joint,Time,22,"1:1,1:4",47-3011.00,"Helpers--Brickmasons, Blockmasons, Stonemasons, and Tile and Marble Setters"
656,"Bricklayers-Allied Craftworkers, Lu#2 (Syracuse)","Tile, Marble and Terrazzo Finisher",7705 Maltlage Road,,Liverpool,NY,13090,Central,Active,1993-07-01,Group - Joint,Time,24,"1:1,1:4",47-3011.00,"Helpers--Brickmasons, Blockmasons, Stonemasons, and Tile and Marble Setters"
15854,"Bricklayers-Allied Crftwrkrs #3,Niagfalls/Buffjatc","Tile, Marble and Terrazzo Finisher",1175 William Street,,Buffalo,NY,14206,Western New York,Active,2007-12-28,Group - Joint,Time,36,"1:1,1:4",47-3011.00,"Helpers--Brickmasons, Blockmasons, Stonemasons, and Tile and Marble Setters"
7901,"Tile, Marble, Terrazzo Bac Lu #7","Tile, Marble and Terrazzo Finisher",45-34 Court Square,,Long Island City,NY,11101,New York City,Active,1990-12-03,Group - Joint,Time,24,"1:1,1:4",47-3011.00,"Helpers--Brickmasons, Blockmasons, Stonemasons, and Tile and Marble Setters"
8353,Charles A. Rogers Enterprises,Tool and Die Maker,100 Rawson Road Ste 210,,Victor,NY,14564,Finger Lakes,Active,1992-10-01,Individual - Non Joint,Time,48,"1:1,1:1",51-4111.00,Tool and Die Makers
13689,"Check-Mate Industries, Inc.",Tool and Die Maker,370 Wyandanch Avenue,,W. Babylon,NY,11704,Long Island,Active,1993-11-01,Individual - Non Joint,Time,48,"1:1,1:1",51-4111.00,Tool and Die Makers
1439,"Gm Components Holdings, Llc",Tool and Die Maker,200 Upper Mountain Road,,Lockport,NY,14094,Western New York,Active,2017-08-22,Individual - Joint,Time,48,"1:1,1:1",51-4111.00,Tool and Die Makers
13574,"MACNY, The Manufacturers Association",Tool and Die Maker,5788 Widewaters Parkway,,Syracuse,NY,13214,Central,Active,2023-04-20,Group - Non Joint,Time,48,"1:1,1:1",51-4111.00,Tool and Die Makers
7265,Precision Process Inc,Tool and Die Maker,2111 Liberty Drive,,Niagara Falls,NY,14304,Western New York,Active,2022-08-09,Individual - Non Joint,Time,48,"1:1,1:1",51-4111.00,Tool and Die Makers
510,"RJS Machine Works, Inc",Tool and Die Maker,1611 Electric Ave,,Lackawanna ,NY,14216,Western New York,Probation,2026-02-26,Individual - Non Joint,Time,48,"1:1,1:1",51-4111.00,Tool and Die Makers
11289,"Rolite Manufacturing, Inc.",Tool and Die Maker,10 Wendling Court,,Lancaster,NY,14086,Western New York,Active,2017-02-09,Individual - Non Joint,Time,48,"1:1,1:1",51-4111.00,Tool and Die Makers
15922,Southco Incorporated,Tool and Die Maker,250 East Street,,Honeoye Falls,NY,14472,Finger Lakes,Active,2001-08-23,Individual - Non Joint,Time,48,"1:1,1:1",51-4111.00,Tool and Die Makers
1085,Specialty Silicone Products Inc,Tool and Die Maker,3 Mccrea Hill Road,,Ballston Spa,NY,12020,Capital,Program Inactive,2015-12-03,Individual - Non Joint,Time,48,"1:1,1:1",51-4111.00,Tool and Die Makers
107,"Trident Precision Manufacturing, Inc.",Tool and Die Maker,734 Salt Road,,Webster,NY,14580,Finger Lakes,Active,1994-01-20,Individual - Non Joint,Time,48,"1:1,1:1",51-4111.00,Tool and Die Makers
2913,Wrightcut Edm & Machine Inc,Tool and Die Maker,951 Carl St,,Elmira,NY,14904,Southern Tier,Active,2013-05-22,Individual - Non Joint,Time,48,"1:1,1:1",51-4111.00,Tool and Die Makers
16947,Amphenol Aerospace,Toolmaker,191 Delaware Avenue,,Sidney,NY,13838,Southern Tier,Active,2018-01-31,Individual - Non Joint,Time,36,"1:1,1:1",51-4111.00,Tool and Die Makers
7549,"Atlas Copco Comptec, Llc",Toolmaker,46 School Road,,Voorheesville,NY,12186,Capital,Probation,2025-04-17,Individual - Non Joint,Time,48,"1:1,1:1",51-4111.00,Tool and Die Makers
7467,Corning Tropel Corporation,Toolmaker,60 O'Connor Road,,Fairport,NY,14450,Finger Lakes,Active,2023-02-16,Individual - Non Joint,Time,48,"1:1,1:1",51-4111.00,Tool and Die Makers
16150,Council Of Industry,Toolmaker,263 Route 17K Suite 106,,Newburgh,NY,12550,Mid-Hudson,Active,2018-06-29,Group - Non Joint,Time,48,"1:1,1:1",51-4111.00,Tool and Die Makers
5356,Cummins Inc.,Toolmaker,4720 Baker Street Ext.,,Lakewood,NY,14750,Western New York,Active,2008-10-15,Individual - Non Joint,Time,48,"1:1,1:1",51-4111.00,Tool and Die Makers
17168,"Fermer Precision, Inc",Toolmaker,114 Johnson Road,,Ilion,NY,13357,Mohawk Valley,Probation,2024-11-13,Individual - Non Joint,Time,48,"1:1,1:1",51-4111.00,Tool and Die Makers
16399,Hilliard Corporation,Toolmaker,100 West Fourth St,,Elmira,NY,14902,Southern Tier,Active,2022-03-21,Individual - Non Joint,Time,48,"1:1,1:1",51-4111.00,Tool and Die Makers
10123,John Mezzalingua Associates Llc Dba Jma Wireless,Toolmaker,7645 Henry Clay Blvd,,Liverpool,NY,13088,Central,Active,2018-01-08,Individual - Non Joint,Time,48,"1:1,1:1",51-4111.00,Tool and Die Makers
4975,"MACNY, The Manufacturers Association",Toolmaker,5788 Widewaters Parkway,,Syracuse,NY,13214,Central,Active,2017-07-10,Group - Non Joint,Time,48,"1:1,1:1",51-4111.00,Tool and Die Makers
6551,"Marquardt Switches, Inc.",Toolmaker,2711 Route 20 East,,Cazenovia,NY,13035,Central,Active,1991-07-22,Individual - Non Joint,Time,48,"1:1,1:1",51-4111.00,Tool and Die Makers
10647,Micro Instrument Corporation,Toolmaker,1199 Emerson Street,,Rochester,NY,14606,Finger Lakes,Active,2005-11-08,Individual - Non Joint,Time,48,"1:1,1:1",51-4111.00,Tool and Die Makers
10413,"Oneida Molded Plastics, Llc",Toolmaker,104 South Warner Street,,Oneida,NY,13421,Central,Active,2016-10-05,Individual - Non Joint,Time,48,"1:1,1:1",51-4111.00,Tool and Die Makers
1606,Orafol Americas Inc,Toolmaker,200 Park Centre Drive,,West Henrietta,NY,14586,Finger Lakes,Active,2014-03-27,Individual - Non Joint,Time,48,"1:1,1:1",51-4111.00,Tool and Die Makers
13483,"Peko Precision Products, Inc.",Toolmaker,1400 Emerson Street,,Rochester,NY,14606,Finger Lakes,Active,1991-03-27,Individual - Non Joint,Time,48,"1:1,1:1",51-4111.00,Tool and Die Makers
16431,Progressive Machine And Design Llc,Toolmaker,727 Rowley Road,,Victor,NY,14564,Finger Lakes,Active,2012-05-16,Individual - Non Joint,Time,48,"1:1,1:1",51-4111.00,Tool and Die Makers
16016,"Revere Copper Products, Inc.",Toolmaker,One Revere Park,,Rome,NY,13440,Mohawk Valley,Probation,2024-06-21,Individual - Joint,Time,48,"1:1,1:1",51-4111.00,Tool and Die Makers
8377,"Rtma, The Rochester Technology And Manufacturing Association",Toolmaker,2024 W. Henrietta Road Ste 3J,,Rochester,NY,14623,Finger Lakes,Active,2018-06-11,Group - Non Joint,Time,48,"1:1,1:1",51-4111.00,Tool and Die Makers
11234,Ginsberg'S Foods,"Truck Driver, Heavy",29 Ginsbergs Lane,,Hudson,NY,12534,Capital,Active,2023-02-07,Individual - Non Joint,Time,12,"1:1,1:1",53-3032.00,Heavy and Tractor-Trailer Truck Drivers
18568,Mclane Northeast,"Truck Driver, Heavy",2828 Mclane Drive,,Baldwinsville,NY,13027,Central,Active,2019-04-02,Individual - Non Joint,Time,12,"1:1,1:1",53-3032.00,Heavy and Tractor-Trailer Truck Drivers
5829,Price Chopper/Market 32,"Truck Driver, Heavy",501 Duanesburg Road,,Schenectady,NY,12306,Capital,Probation,2024-07-17,Individual - Non Joint,Time,12,"1:1,1:1",53-3032.00,Heavy and Tractor-Trailer Truck Drivers
7376,Natf,"Truck Driver, Light (Last-Mile Delivery)",134 Lincoln Ave Suite 301A,,Colonie,NY,12205,Capital,Probation,2025-05-22,Individual - Non Joint,Time,12,"1:1,1:1",53-3033.00,Light Truck Drivers
11278,Careerwise New York,Visual and Graphic Arts Associate,"110 E 42nd St, 10th",,New York,NY,10017,New York City,Probation,2025-03-04,Group - Non Joint,Competency,,"1:1,1:1",27-1024.00,Graphic Designers
16407,Camden Group,Wastewater Systems Operation Specialist,9008 State Rt 13,,Camden,NY,13316,Mohawk Valley,Active,2020-06-25,Individual - Non Joint,Time,24,"1:1,1:1",51-8031.00,Water and Wastewater Treatment Plant and System Operators
2442,"New York Rural Water Association, Inc.",Wastewater Systems Operation Specialist,75 Bender Blvd,,Ghent,NY,12075,Capital,Active,2019-08-08,Group - Non Joint,Time,24,"1:1,1:1",51-8031.00,Water and Wastewater Treatment Plant and System Operators
9264,NYC Department of Environmental Protection,Wastewater Systems Operation Specialist,71 Smith Ave,,Kingston,NY,12401,New York City,Active,2022-10-14,Individual - Joint,Time,24,"1:1,1:1",51-8031.00,Water and Wastewater Treatment Plant and System Operators
17845,"New York Rural Water Association, Inc.",Water Systems Operation Specialist,75 Bender Blvd,,Ghent,NY,12075,Capital,Active,2019-08-08,Group - Non Joint,Time,24,"1:1,1:1",51-8031.00,Water and Wastewater Treatment Plant and System Operators
4460,NYC Department of Environmental Protection,Water Systems Operation Specialist,71 Smith Ave,,Kingston,NY,12401,New York City,Active,2022-10-14,Individual - Joint,Time,24,"1:1,1:1",51-8031.00,Water and Wastewater Treatment Plant and System Operators
6046,"MACNY, The Manufacturers Association",Welder (Industrial),5788 Widewaters Parkway,,Syracuse,NY,13214,Central,Active,2017-07-10,Group - Non Joint,Time,48,"1:1,1:1",51-4121.06,"Welders, Cutters, and Welder Fitters"
14560,Nys Doccs,Welder (Industrial),825 Central Avenue,,Albany,NY,12226,Capital,Active,1993-10-23,Individual - Non Joint,Time,48,"1:1,1:1",51-4121.06,"Welders, Cutters, and Welder Fitters"
11867,Plumber & Steamfitters Lu # 7 Jatc,Welder (Industrial),18 Avis Drive,,Latham,NY,12110,Capital,Active,2018-02-22,Group - Joint,Time,60,"1:1,1:1",51-4121.06,"Welders, Cutters, and Welder Fitters"
14983,Re:Build Optimation Technology Llc,Welder (Industrial),1600 Lexington Avenue,,Rochester,NY,14606,Finger Lakes,Active,2012-02-24,Individual - Non Joint,Time,48,"1:1,1:1",51-4121.06,"Welders, Cutters, and Welder Fitters"
6731,"Rtma, The Rochester Technology And Manufacturing Association",Welder (Industrial),2024 W. Henrietta Road Ste 3J,,Rochester,NY,14623,Finger Lakes,Active,2023-08-16,Group - Non Joint,Time,48,"1:1,1:1",51-4121.06,"Welders, Cutters, and Welder Fitters"
5564,"Steel Tech Fabricators, Inc.",Welder (Industrial),480 Conkey Ave,,Rochester,NY,14621,Finger Lakes,Program Inactive,2020-08-13,Individual - Non Joint,Time,48,"1:1,1:1",51-4121.06,"Welders, Cutters, and Welder Fitters"
7731,"Macny, The Manufacturers Association",Workforce Development Specialist,5788 Widewater Parkway,,Syracuse,NY,13214,Central,Probation,2024-04-12,Individual - Non Joint,Time,12,"1:1,1:1",21-1019.00,"Counselors, All Other"
13545,Mvhs Inc,Workforce Development Specialist,111 Hospital Drive,,Utica,NY,13502,Mohawk Valley,Probation,2025-03-20,Individual - Non Joint,Time,12,"1:1,1:1",21-1019.00,"Counselors, All Other"